{"type": "FeatureCollection", "features": [{"type": "Feature", "geometry": {"type": "Polygon", "coordinates": [[[4.780213475718984, 46.176677022719375], [4.7945808953124605, 46.21831635025701], [4.807756868341096, 46.23696871115128], [4.810994882268941, 46.25992151697563], [4.825956808265179, 46.27478753204555], [4.831827095028622, 46.29688694217226], [4.852756157390729, 46.328199775494426], [4.851457022538043, 46.35626925172072], [4.8882077017045455, 46.40298160185766], [4.891817622919295, 46.43991436571944], [4.915786922554027, 46.465410523692164], [4.915557341962093, 46.48894113481689], [4.935598865656449, 46.514228992728945], [5.004307716480809, 46.51041518184386], [5.027777929725955, 46.49358075779722], [5.056433075236103, 46.48392614751307], [5.107377093416356, 46.49191576160186], [5.137248163610305, 46.509322673438184], [5.172664602566099, 46.513447365613864], [5.201145471995378, 46.50821850614692], [5.215064143095116, 46.46835927312158], [5.25581668314639, 46.451923595866475], [5.310560613770375, 46.446766420719875], [5.319500329420964, 46.430811362520714], [5.298803013245869, 46.41268163222961], [5.341420750039618, 46.40179770821096], [5.375550503997551, 46.380228055197534], [5.373462288620209, 46.35223630468514], [5.401973542783007, 46.33904473846451], [5.425824019124199, 46.33893598335614], [5.437795113853317, 46.31511297122548], [5.466922894957274, 46.32326983579511], [5.475143359983399, 46.314983312313444], [5.4568376845310524, 46.27447818647901], [5.4730553115738125, 46.26506376332347], [5.5202584619727855, 46.264154428816624], [5.542037828826235, 46.27020190870743], [5.566359117801653, 46.29405393089148], [5.597401953530867, 46.29717016200506], [5.617647005041448, 46.32909642404822], [5.649352566100887, 46.33949973060812], [5.6845818644582415, 46.31092471469043], [5.714717731644379, 46.30876884774591], [5.715004075499846, 46.281794854191894], [5.725183003095842, 46.26072920479395], [5.76565366968616, 46.26829459697285], [5.849846074176259, 46.26206360332615], [5.878362837898188, 46.26923930243743], [5.894626274200642, 46.286605180505944], [5.908938421371525, 46.283951620059554], [5.918004636082658, 46.30919342038628], [5.94141074779852, 46.309447376328514], [5.983619269600146, 46.36236225578993], [6.029516385230691, 46.38681597881577], [6.06400848181829, 46.41622698893153], [6.098192550862728, 46.4087886309623], [6.169741660312734, 46.36793686221589], [6.121274356078805, 46.31370764747048], [6.119369631480403, 46.29490719406557], [6.102638404712805, 46.28506396607944], [6.124247271884754, 46.25101201647218], [6.101761179926224, 46.23748787561317], [6.088183203547555, 46.24681497717057], [6.033127717153324, 46.23799614420531], [6.0025553835169445, 46.220910810001136], [5.978439780731028, 46.216958336715976], [5.963675623254598, 46.19696085882454], [5.992165784426486, 46.18661733755954], [5.956063159932633, 46.13208943594269], [5.922266804802187, 46.13147760862653], [5.8924200086063525, 46.118482302607056], [5.883180329915085, 46.08491752032048], [5.855667958392184, 46.08676688670444], [5.832300912634432, 46.10599585856304], [5.8114184967701625, 46.07842009259869], [5.806996561909532, 46.043829800018194], [5.812398928975968, 46.02398062317354], [5.809643351753076, 45.98979960381866], [5.834025839734275, 45.972026538215985], [5.831226413621035, 45.93845957829322], [5.8285402770414905, 45.909296035615355], [5.80366973107069, 45.85558153164841], [5.786777683247082, 45.80940611504179], [5.77937453777779, 45.76217553185385], [5.783495254205752, 45.74431423922736], [5.756676853365063, 45.70873356110276], [5.704119379498135, 45.710926329459184], [5.708336503736496, 45.683064766572876], [5.687058475150925, 45.66816731077608], [5.689187102194641, 45.64850161239945], [5.659528303353562, 45.638682809874865], [5.623748035268078, 45.61326832676418], [5.602655500360425, 45.651527036877965], [5.586411372003499, 45.66707375970352], [5.552743866622332, 45.67988793690172], [5.5757522584808825, 45.69178828956468], [5.5455415978088505, 45.71359345746488], [5.52567323556446, 45.71672537840989], [5.516232131684801, 45.73225264077732], [5.482525465260449, 45.754586398783026], [5.457406410775327, 45.78099315590627], [5.422469140800665, 45.80730767616671], [5.434944676804955, 45.831093776494285], [5.413134793996487, 45.85221987973304], [5.351020842949957, 45.883709517437694], [5.329298728282268, 45.86357404303832], [5.302019342914551, 45.84764710800802], [5.288915017040864, 45.81112188995001], [5.266894883868229, 45.78936901099017], [5.221074288749879, 45.76845271626348], [5.191532760208242, 45.771688000938774], [5.176892976082814, 45.7934833284559], [5.1603687442585455, 45.80231368825673], [5.101067478338776, 45.81337808264365], [5.044790298055403, 45.8117360670572], [5.013451311336389, 45.80505705540713], [4.963083585101699, 45.81097052424602], [4.918340642420571, 45.80702873296715], [4.916119464335568, 45.84545668995466], [4.9012173780094885, 45.86033670744545], [4.909016569606379, 45.87410386475139], [4.88382693945437, 45.879994069300665], [4.88069852397936, 45.897169382005984], [4.8480352687938995, 45.91297548186924], [4.805177333218323, 45.89632861459743], [4.805862172264801, 45.921565090394125], [4.7885556818887975, 45.92396575312498], [4.771751698096339, 45.939227157903346], [4.737325990745241, 45.938166671490364], [4.729096921230878, 45.94909221230217], [4.754510768697905, 45.972272809968736], [4.74583632453276, 46.03479022524953], [4.739924532383598, 46.044545739209596], [4.76168298760261, 46.068835281873454], [4.74842216438804, 46.092116678231136], [4.7974461577782055, 46.14070125939972], [4.802383406855843, 46.15689004179432], [4.780213475718984, 46.176677022719375]]]}, "properties": {"code": "01", "nom": "Ain"}}, {"type": "Feature", "geometry": {"type": "Polygon", "coordinates": [[[4.047972977986833, 49.40564229475753], [4.039913351175735, 49.397396867183815], [4.035496373111564, 49.359904159430094], [4.0127284202980995, 49.358299141243386], [3.9949400464231957, 49.37789993445056], [3.9613090288565647, 49.37734494086453], [3.9252301838116423, 49.40757795776365], [3.898159524095673, 49.39324676616779], [3.864856156264051, 49.40533685972032], [3.837686516500783, 49.39565820991326], [3.8563548292895904, 49.381163036761194], [3.84805797975596, 49.36391735212325], [3.8224705767098395, 49.35696565512036], [3.777534921928809, 49.35581577743615], [3.7422207217091263, 49.33651301919691], [3.6989371212574853, 49.33195284253632], [3.643938967409509, 49.31271547683784], [3.6573162286122742, 49.291023347068474], [3.65525456317135, 49.26285133857558], [3.670777136423702, 49.23959850877529], [3.662544752146768, 49.20897792079391], [3.697104870697589, 49.20547444963648], [3.704392046963459, 49.181373023469], [3.725444039996693, 49.173515945092305], [3.7511478237665794, 49.17770096615194], [3.7487650521863713, 49.15708155419203], [3.701623868432638, 49.14308771135046], [3.6838349064164695, 49.15449185807903], [3.6534402301896542, 49.14869065051608], [3.622246623748466, 49.151103693376655], [3.6103983127772716, 49.13550196815309], [3.6117958918993924, 49.11808793409194], [3.6390535019551273, 49.08130605737889], [3.5877067932472952, 49.059394631367105], [3.587608670612347, 49.03381324798993], [3.647726454659581, 49.04140800760242], [3.663950657450056, 49.03730898527378], [3.678113179313511, 49.01690766636074], [3.665158653762439, 49.00563193481009], [3.6387510313501172, 49.002277384044845], [3.620658549289589, 48.9659439788058], [3.591558411237313, 48.96037176960385], [3.601964878227183, 48.94505940416911], [3.5744431375994288, 48.93901643224886], [3.5738538398044097, 48.92148321270002], [3.528576443116953, 48.91214102895302], [3.5083215469627684, 48.890402602371054], [3.4851874436586847, 48.851908494372864], [3.4607105852412756, 48.83944139457446], [3.452232416190477, 48.856291455303484], [3.404630766733507, 48.86387236235099], [3.380474508825688, 48.874761432854626], [3.3828132392962247, 48.88874725594759], [3.3663472431751384, 48.922836905893014], [3.3302994547269797, 48.908706088642376], [3.3130758740800688, 48.9212163651494], [3.3047494707754015, 48.94876427894454], [3.2678460373508416, 48.938331129104206], [3.2518351589230496, 48.97236625695047], [3.229176905886298, 48.98841784600257], [3.1682883590774806, 49.01667270236993], [3.1818268776645002, 49.060865198640144], [3.1535840813505853, 49.08328424779814], [3.16523032905892, 49.09965085798759], [3.1361260876735515, 49.10736575572267], [3.1039032023368676, 49.10783847337312], [3.071884293834167, 49.117554218816146], [3.0924779533731277, 49.12879682562634], [3.0943242330142073, 49.14204789992474], [3.1396578896700365, 49.15257695363476], [3.1213530433372445, 49.1615694736916], [3.116850461379955, 49.18929161278119], [3.1027108891029056, 49.19726093786907], [3.057604302772935, 49.19731791616205], [3.0499603800932262, 49.20875690532957], [3.0004940244510117, 49.21363093492948], [3.00241402574711, 49.187810905489094], [2.967751163640478, 49.19164549413419], [2.970646337718828, 49.21429263146397], [2.958587991995842, 49.226138012652044], [3.0027869375627287, 49.23569244874083], [3.023604722971875, 49.21655041441553], [3.0397940574425517, 49.22840404055804], [3.025849635470415, 49.25992627182155], [3.0351669019132688, 49.2871713469825], [2.981004000749905, 49.29790832703466], [2.964603145483289, 49.32192389525919], [3.001513216421808, 49.34001503161223], [3.042914962956999, 49.333571302660516], [3.0747246045970944, 49.34897187029861], [3.076780341252717, 49.371262738908456], [3.0925346575940007, 49.37534154439133], [3.1005059556280803, 49.439314058331185], [3.131884455784113, 49.43177892295364], [3.1626441754771344, 49.440639681268124], [3.1605832452848968, 49.451589762665364], [3.1070854783285102, 49.46823138703083], [3.1212810029381983, 49.493670908120365], [3.096325086537241, 49.51789625444081], [3.121165955043159, 49.520974573583764], [3.1314803354793224, 49.54337765179183], [3.126982208375892, 49.573038994477], [3.139814891208892, 49.57623313724928], [3.1220112456372937, 49.60374206640511], [3.093575310755229, 49.622548596683885], [3.1127661529868123, 49.63132972837916], [3.09777622468101, 49.65668309123162], [3.115636640843051, 49.66498825414465], [3.1184031553047866, 49.705968560150744], [3.0937519856623417, 49.75705197896964], [3.0627453563551175, 49.78264211542407], [3.0859749674446215, 49.792016685972655], [3.078694114076548, 49.82241521578422], [3.0558889248241528, 49.83168131148238], [3.085506495983628, 49.84381936000555], [3.0835290437648006, 49.86638777885566], [3.1200543249509205, 49.88428837261846], [3.117968662907868, 49.91427637798353], [3.1515239055114135, 49.94267027284344], [3.1768373814163575, 49.98520439643777], [3.1613946355055402, 49.996049271243585], [3.1729557922769542, 50.011311964972776], [3.2026122838195157, 50.01743710744522], [3.2306551064640994, 50.03198300751153], [3.2801740988851327, 50.015182550806884], [3.3371140096429532, 50.017096007517154], [3.3529820989914247, 50.03586832624208], [3.3989075840823038, 50.03475745860893], [3.4282376399201713, 50.022065913063614], [3.490663196296732, 50.0188947701039], [3.507141600307539, 50.03577661902003], [3.5286139046189744, 50.03818286664185], [3.542755355797365, 50.05391998941126], [3.5671883147756422, 50.053261540953365], [3.6006637298781827, 50.039925849470826], [3.6136399192005855, 50.025418579177284], [3.6623093500340085, 50.03911432468407], [3.6657493008457873, 50.05473310262326], [3.715184685025503, 50.06927463596353], [3.7463798889650586, 50.05360423497288], [3.797523254135232, 50.048396124718515], [3.815827444952555, 50.03904215991495], [3.8356719382516733, 50.048312733420666], [3.8820101104438387, 50.03303286775057], [3.903385572183311, 50.01801137888116], [3.9895472401156926, 50.0413469883853], [3.9947330894398947, 50.02553192166869], [3.9794498952640214, 50.00299190781123], [4.01304088648856, 49.98566024631078], [4.056699209471129, 49.98542604488944], [4.08712850474961, 49.9691875854119], [4.140895251736092, 49.97875959899442], [4.172395207394802, 49.977078597853904], [4.197110124342558, 49.967721269218174], [4.195936343936246, 49.955694802056996], [4.233164134987158, 49.95775092391093], [4.21718238978302, 49.914797372341994], [4.255701120243194, 49.903213511956004], [4.248762948257405, 49.85675363902506], [4.223593846602414, 49.834105951164844], [4.214274015003939, 49.806111475699495], [4.22667738196626, 49.79303047019303], [4.207560089429096, 49.78109084313398], [4.23820210581484, 49.76742183396235], [4.246884569202133, 49.75481606841705], [4.2279892494042794, 49.74364073426544], [4.224711511604635, 49.72720226620408], [4.19124300715433, 49.71625657729972], [4.1846168956423835, 49.698824907960066], [4.144181836797769, 49.68854487089986], [4.127021546188527, 49.677921251343555], [4.124516370102426, 49.64959154766928], [4.09574589252208, 49.62909455245626], [4.06432322371496, 49.636967655409364], [4.041982613790211, 49.629809951188015], [4.031390794494156, 49.614289972299225], [4.076570889635557, 49.57112749860688], [4.05829151546324, 49.55254908076985], [4.076010833621256, 49.53978341932618], [4.077307045795324, 49.52519351384014], [4.040711745102368, 49.508534657206816], [4.042374740120512, 49.4686932052203], [4.057558677988911, 49.45118663443426], [4.037664843009763, 49.43826214170175], [4.047972977986833, 49.40564229475753]]]}, "properties": {"code": "02", "nom": "Aisne"}}, {"type": "Feature", "geometry": {"type": "Polygon", "coordinates": [[[3.0320681893946824, 46.794911188525944], [3.049065356287102, 46.75807894189366], [3.0839363013486563, 46.73762859045693], [3.129775813721409, 46.72720423640006], [3.1631563644760856, 46.69354021702288], [3.197261486410674, 46.679926344970944], [3.2155498733945853, 46.68289184476865], [3.2697920192933188, 46.71674092868996], [3.3009216002863893, 46.7163033886406], [3.3139717258866157, 46.688751593416065], [3.3467088070518343, 46.68441634541089], [3.366446289777872, 46.69126127383442], [3.3877607382601562, 46.71481835659156], [3.43414613166678, 46.711906018109566], [3.432977086126445, 46.69334363262723], [3.453772658174005, 46.68414192059341], [3.4473359853067485, 46.66355627140273], [3.45529917195652, 46.65239553162601], [3.4885699471242644, 46.6601824726314], [3.523959952566555, 46.685994912475735], [3.546479370174174, 46.67829016254972], [3.5601217846433015, 46.68944384651715], [3.550392218815862, 46.715864672081594], [3.5773110866449174, 46.71485003618856], [3.598004570548422, 46.72398257750036], [3.575688644059658, 46.74951576942387], [3.629423683496518, 46.74945902193754], [3.6379005417614154, 46.707208771712054], [3.651395777587073, 46.70281985671478], [3.6689793976266167, 46.67350816429054], [3.6969523102437005, 46.66058216583623], [3.712149662452129, 46.6336280503392], [3.7138789586356697, 46.613996147529015], [3.732377738592808, 46.60491072152218], [3.743101843011838, 46.56549988100001], [3.731542528360726, 46.54958181729057], [3.741846977514427, 46.539511127662195], [3.767456276915371, 46.53900905290684], [3.8017563441985818, 46.51989955458826], [3.8340059039329697, 46.53113227681354], [3.839759641886244, 46.51756472437794], [3.864628432284858, 46.509716167248044], [3.861780077410741, 46.492069790934515], [3.8904705648097098, 46.48125092995184], [3.9189689867502246, 46.49606391967711], [3.957937642803863, 46.48975562185932], [3.9980416518372484, 46.46546757106011], [3.988140931065446, 46.43545798547263], [3.996095243061049, 46.42738316091883], [3.9772154801510964, 46.399224593839804], [3.991608290169238, 46.36963488772235], [3.9866257932147806, 46.3191937873956], [3.9501794500141676, 46.32060215408413], [3.947724671420121, 46.303449323036666], [3.913568325901341, 46.29667714620525], [3.8995333931893303, 46.27590543921817], [3.8778066858099134, 46.275939918983156], [3.8690933059580366, 46.263723494024156], [3.8048868330812957, 46.25485708711847], [3.802699984915529, 46.23850996581434], [3.768246928941596, 46.237829248308365], [3.7902842093787883, 46.210905673837914], [3.7907469501208273, 46.18453497582482], [3.8078602164262896, 46.16159515953333], [3.789761994058612, 46.15485133205715], [3.8025614332413635, 46.11032928945375], [3.8218816515656036, 46.08798379604504], [3.806993754653765, 46.061272645914705], [3.80676406021388, 46.04562293029198], [3.8283904088914604, 45.99948536067427], [3.8237895718712145, 45.98735259327228], [3.778005233789911, 45.97179985823387], [3.741274273248646, 45.96600368355748], [3.7088966387640045, 45.97378446779926], [3.693841059729285, 45.94949142878095], [3.6940178008729885, 45.930732356412385], [3.6767635131618666, 45.95805976115134], [3.6413068945873417, 45.96461484273165], [3.601439901652659, 46.015082558028055], [3.5413270581913245, 46.01519652019095], [3.5346371071845772, 46.02237834647508], [3.4813683084812777, 46.01371105761674], [3.4678828897234224, 46.02374515995011], [3.4535928570638426, 46.063794720194835], [3.433106873763625, 46.06115526638401], [3.419029561174583, 46.07429245580498], [3.3829420706213997, 46.06480264969235], [3.36764567175092, 46.05430839581729], [3.332766798825711, 46.05497440619716], [3.2810346944765536, 46.065929354622334], [3.233650605398404, 46.06355148384772], [3.2145108831873523, 46.07494451930903], [3.1831200731258975, 46.074513260697124], [3.166531859715606, 46.065677976513406], [3.1280978125696843, 46.07140098569798], [3.099793609402441, 46.09490520389922], [3.0906232146771364, 46.11452555946364], [3.0480765097735856, 46.10031481550088], [3.0164792061121424, 46.102448954980474], [2.9937709582935033, 46.123728525772805], [2.971756635840471, 46.1217801298987], [2.942765231308341, 46.168549525458715], [2.911139505619457, 46.17743500340432], [2.920103043246808, 46.19098495139527], [2.9133683342305123, 46.21076365100903], [2.936482510275278, 46.221710765741776], [2.9371457775851466, 46.24291746827498], [2.89131100728084, 46.253562623561876], [2.838238654032007, 46.25133842004792], [2.8186225286604203, 46.23256980947683], [2.8229846867516923, 46.21982582951188], [2.810275114252155, 46.196212623621854], [2.786781773175518, 46.19864733659311], [2.732404782173034, 46.22305265922885], [2.720917952533929, 46.21130971383818], [2.7305652928970168, 46.19609671226358], [2.715881178634498, 46.17955498592873], [2.6774585186785225, 46.1727617979065], [2.675536737103756, 46.155809042125064], [2.6552891559950393, 46.12604206490928], [2.6406912317167386, 46.118477661719005], [2.5653790586982073, 46.143032182829025], [2.55979833292496, 46.1733665543973], [2.5280462333006355, 46.186332427553644], [2.5158528050357227, 46.23696126598014], [2.4917957849327936, 46.24786046438832], [2.47709210519503, 46.26936080025225], [2.4807602356876792, 46.28101200577568], [2.443031552582666, 46.294998578986906], [2.421342247531783, 46.28462476459887], [2.4204617595913738, 46.310131437621955], [2.3918607677139923, 46.329982476677515], [2.3704814292505856, 46.312630811170784], [2.3549021067976903, 46.32568201768989], [2.3230243720211274, 46.32927925675375], [2.302749949603141, 46.35441622497473], [2.3233435644763096, 46.36652595580878], [2.2847885229424363, 46.38630891270082], [2.2810476101300576, 46.42040537318101], [2.2857578150118907, 46.45351915029325], [2.3054653620681904, 46.47543251470377], [2.3520035556502914, 46.512211347274814], [2.368300280591156, 46.518434763382956], [2.4454932330861086, 46.520050656829746], [2.482928804775826, 46.532697444644036], [2.4991214173027565, 46.52128856511456], [2.5286102816734966, 46.52948202499876], [2.536652020779054, 46.51969984591659], [2.6098613959683155, 46.55013821923558], [2.6011237640888596, 46.590178123200815], [2.577951915975513, 46.60379087601659], [2.5966478252098466, 46.637219569816494], [2.5721840644866165, 46.65944372206644], [2.5977652900203827, 46.66465075679083], [2.623913816878901, 46.656626585968894], [2.647884573027338, 46.688911012473135], [2.701686181879871, 46.72775447664072], [2.7144961054529793, 46.74448968334189], [2.737293702840373, 46.74315745422507], [2.758717331696372, 46.71770479874165], [2.791229376607484, 46.73345369143159], [2.827616388160227, 46.73528787880108], [2.9097996708207035, 46.77934846021115], [2.9081337416117115, 46.78790090388258], [2.9599146908207157, 46.8038765767733], [3.0320681893946824, 46.794911188525944]]]}, "properties": {"code": "03", "nom": "Allier"}}, {"type": "Feature", "geometry": {"type": "Polygon", "coordinates": [[[5.676037325543462, 44.19143313185896], [5.692087450380134, 44.186483371831564], [5.713913055297651, 44.19926568716529], [5.755494196596879, 44.210207765237854], [5.776514541341646, 44.2055259364244], [5.795385785142977, 44.21345893688929], [5.8285720679377535, 44.20066569733914], [5.909305399486612, 44.19046630820442], [5.9147400564445745, 44.203427232845094], [5.881793583616446, 44.210998662542806], [5.860019043661206, 44.245092101540315], [5.826655362130932, 44.26251076006967], [5.823911889045941, 44.27890195531252], [5.848477759938248, 44.30072259452234], [5.877120986906842, 44.28879843672459], [5.880129754573656, 44.271011382120214], [5.913194557888511, 44.248711120610594], [5.912998227051449, 44.26831617376552], [5.9255909605950015, 44.30855111867347], [5.896099604509158, 44.31861879667804], [5.937356413024749, 44.35935610859397], [5.9536703829504924, 44.395059266699214], [5.977799438785809, 44.40736292380458], [6.020374443332653, 44.42005811336259], [6.026308275440297, 44.434642097388625], [6.072442979890107, 44.45207608038503], [6.079694848017664, 44.475530907704965], [6.1160166804432015, 44.47546505487432], [6.155615049010709, 44.46195982298558], [6.156254785052348, 44.44210331855112], [6.173565741653668, 44.43954286595121], [6.228221718294849, 44.381700391997015], [6.241680881439521, 44.38485438747808], [6.262494510552066, 44.41224966674437], [6.236135472030146, 44.46144449835514], [6.262825636989673, 44.46549564526641], [6.293492428153158, 44.48092732291776], [6.323106052174982, 44.46382948496176], [6.33862266220802, 44.47283907420384], [6.348272978050237, 44.49809023202587], [6.332395681132657, 44.50999616152816], [6.3573108201414845, 44.52263889176314], [6.39880869108101, 44.4941562144314], [6.411180249066938, 44.47096856265119], [6.433358303001146, 44.472514470120075], [6.462013547991893, 44.46247217356771], [6.4693180033119155, 44.45131246990398], [6.533276938209056, 44.45197395122282], [6.547366766497952, 44.44676331416215], [6.63229969332171, 44.44691502790709], [6.643650285023153, 44.487759305292435], [6.6684970592870565, 44.500299753706706], [6.680922896471837, 44.54102548605375], [6.701153206618136, 44.538996840218914], [6.737180942222513, 44.55253559808428], [6.766943196052187, 44.586952404898014], [6.799941325461042, 44.604244109554145], [6.853900769395612, 44.61475859917988], [6.85814264425923, 44.62805845533632], [6.880124364018876, 44.62999271969987], [6.914488202179287, 44.65949945810214], [6.948335091404861, 44.65481629914676], [6.962336081450481, 44.62657915489668], [6.948379982167533, 44.61745199059853], [6.932733186254122, 44.59270863771759], [6.9319953299582595, 44.572724638567955], [6.913213082531437, 44.558826349687266], [6.8760332305264455, 44.550160873365996], [6.854013487274841, 44.529129653944196], [6.865674424523799, 44.4950039431701], [6.881970580210891, 44.477261501575526], [6.906339114831614, 44.46684649800382], [6.911101127447187, 44.45236482780562], [6.937139400716047, 44.43887286300481], [6.937079169120725, 44.42969968048132], [6.892869620487909, 44.42078067903776], [6.896507825430464, 44.374299547914674], [6.88742990090296, 44.36104783803612], [6.856147812069906, 44.342952907783264], [6.839688603111202, 44.34616952567193], [6.811873213958045, 44.33221347515919], [6.796090992510113, 44.3161057075123], [6.7863504827742736, 44.28849643698575], [6.762927060646822, 44.279037241415196], [6.759092155836728, 44.26206489740905], [6.724182328511966, 44.249467455280936], [6.718344217584288, 44.21071074917548], [6.686536427072904, 44.16925393086098], [6.705499890845224, 44.144466155776314], [6.707586373017441, 44.124473345545944], [6.736610415319581, 44.10225823836325], [6.7552927685949316, 44.078606159081765], [6.74580308295055, 44.04269169406513], [6.795850869439254, 44.00702405029123], [6.838726887709297, 43.98970431437945], [6.849124623100394, 43.95555833887359], [6.875468351966293, 43.95281563358485], [6.884040903481558, 43.93530101735706], [6.913088787529998, 43.92796536503886], [6.941753698705185, 43.89697361215048], [6.884610185550847, 43.88912075689405], [6.876620003660876, 43.89859537972932], [6.830709312232406, 43.91836301148648], [6.804290312432095, 43.910790628356104], [6.781621637708193, 43.883549262987735], [6.748392415086803, 43.87167747871268], [6.697323345466608, 43.87365480225297], [6.698718605090542, 43.85521098299028], [6.677914955878909, 43.850959763474634], [6.667938865272228, 43.83092697652154], [6.703701880641647, 43.822825820470534], [6.70606421451232, 43.80841245654836], [6.641524167665496, 43.795472444882115], [6.636395800176684, 43.788950567095455], [6.619973007874097, 43.80550530861199], [6.585317018818273, 43.80050767551297], [6.558904687579015, 43.7841955441722], [6.52476198332243, 43.80636597788804], [6.482076253327453, 43.791074426311035], [6.4388083985564, 43.797745193516654], [6.4144280526034985, 43.79159445843418], [6.413483066219063, 43.760360418472196], [6.3835404106739695, 43.73442775895217], [6.356960735074889, 43.73636766488724], [6.3267516313932, 43.74662594026461], [6.262893011516566, 43.781882078680276], [6.254215459954332, 43.800433718328094], [6.212407106246491, 43.79839605677458], [6.188517764066482, 43.776267312514086], [6.182886008281907, 43.76217559136371], [6.140796857826169, 43.73769553098114], [6.1036091865345306, 43.73722227951302], [6.077305911948532, 43.70817081210753], [6.036131813943926, 43.69416334085516], [6.039033980651841, 43.67892716093395], [6.021735021476141, 43.66827944245308], [6.005007067617743, 43.68778786403108], [5.987939406703312, 43.69505659267458], [5.98543773624429, 43.71396312876724], [5.9564454360651595, 43.719401124766904], [5.937998300025333, 43.73057120981495], [5.937716232260396, 43.75023611335413], [5.903517180339531, 43.751432620885154], [5.901533390582641, 43.73289106389851], [5.849146371217722, 43.72025525749223], [5.8278752703448715, 43.748065843473604], [5.781343238677484, 43.75565738832376], [5.757332977582704, 43.72940911375532], [5.7491639540055255, 43.7405464918297], [5.7184242970991175, 43.75512132052309], [5.713394551246806, 43.77950341891952], [5.684551176087874, 43.78850163078797], [5.674483353980397, 43.807360446333846], [5.654445137414141, 43.82511098585937], [5.627700103254839, 43.830927143331614], [5.574599751241474, 43.83029407148107], [5.54452228126406, 43.81819693654997], [5.549174903324726, 43.8514199844283], [5.573186434978607, 43.86492031403171], [5.6064371876892, 43.91613043943877], [5.579927197959687, 43.925980406162694], [5.558844627129812, 43.942576073587574], [5.544991957929805, 43.93905484015686], [5.51208954255573, 43.94600228564646], [5.508647939314863, 43.959839793825395], [5.518062394104204, 43.99011201336662], [5.543633878090188, 44.02596177811475], [5.544598165016952, 44.06989191567907], [5.5026367853279545, 44.06343920865494], [5.498787806458752, 44.11571934778835], [5.540435810430644, 44.13221365213216], [5.551327343869811, 44.14979115926589], [5.582976621063447, 44.15762325973775], [5.564374392120529, 44.17090170649433], [5.576187167563138, 44.18804165094906], [5.609572963808623, 44.18817112634557], [5.63959354437225, 44.16758605191366], [5.6316731817286305, 44.15136802990124], [5.67860502821166, 44.14608869344783], [5.68271535182101, 44.16321640945639], [5.646965152793732, 44.166291647187435], [5.651592585237082, 44.18957707724826], [5.676037325543462, 44.19143313185896]]]}, "properties": {"code": "04", "nom": "Alpes-de-Haute-Provence"}}, {"type": "Feature", "geometry": {"type": "Polygon", "coordinates": [[[6.260566197557925, 45.12684791386632], [6.299216785815758, 45.10855211143577], [6.3312977067397425, 45.11812379084807], [6.362935515883446, 45.10449356656247], [6.373529600716985, 45.08414824428705], [6.364877554955543, 45.07017079687575], [6.393914586674507, 45.06181851097421], [6.438596097282185, 45.06258355349038], [6.451799595532319, 45.05172052616644], [6.486234598441578, 45.05607309559144], [6.480384256020366, 45.09079271505677], [6.510979894458294, 45.10875068557236], [6.529708447474563, 45.09856919735164], [6.55601396596344, 45.104195104315984], [6.57653069592537, 45.12309720037721], [6.615550094957373, 45.12147775227429], [6.6299873381374725, 45.1093269281999], [6.627487761756953, 45.10121505030452], [6.662113977091666, 45.07163521564911], [6.658833037991113, 45.0522106577603], [6.672439472064712, 45.02142288028361], [6.7256836969428715, 45.02150040053337], [6.743421512935462, 45.015920279449546], [6.751188313816809, 44.99755867124376], [6.7376342538806036, 44.99148903315492], [6.763468605707418, 44.971219657081626], [6.753079854453953, 44.94296106206407], [6.750709573838057, 44.90565221939063], [6.771184461028274, 44.90344432994035], [6.805918328309796, 44.87664147794964], [6.863241048677118, 44.850610814016996], [6.913770297405167, 44.84542283675211], [6.933687243037528, 44.862026072008646], [6.972609983994274, 44.84623344849374], [7.0067737788907705, 44.839315967633134], [7.018283625506064, 44.81230540654565], [6.9995712397492555, 44.78944471324736], [7.024748601836657, 44.76238093071902], [7.024189433792721, 44.74131576508321], [7.043683920015221, 44.71814050323442], [7.06578600052752, 44.71360743394211], [7.077108800206922, 44.68091750917342], [7.059729404484276, 44.67996132818681], [7.023734517020338, 44.6913011223226], [6.98622673933706, 44.68808002657876], [6.957471911814601, 44.66982246847716], [6.948335091404861, 44.65481629914676], [6.914488202179287, 44.65949945810214], [6.880124364018876, 44.62999271969987], [6.85814264425923, 44.62805845533632], [6.853900769395612, 44.61475859917988], [6.799941325461042, 44.604244109554145], [6.766943196052187, 44.586952404898014], [6.737180942222513, 44.55253559808428], [6.701153206618136, 44.538996840218914], [6.680922896471837, 44.54102548605375], [6.6684970592870565, 44.500299753706706], [6.643650285023153, 44.487759305292435], [6.63229969332171, 44.44691502790709], [6.547366766497952, 44.44676331416215], [6.533276938209056, 44.45197395122282], [6.4693180033119155, 44.45131246990398], [6.462013547991893, 44.46247217356771], [6.433358303001146, 44.472514470120075], [6.411180249066938, 44.47096856265119], [6.39880869108101, 44.4941562144314], [6.3573108201414845, 44.52263889176314], [6.332395681132657, 44.50999616152816], [6.348272978050237, 44.49809023202587], [6.33862266220802, 44.47283907420384], [6.323106052174982, 44.46382948496176], [6.293492428153158, 44.48092732291776], [6.262825636989673, 44.46549564526641], [6.236135472030146, 44.46144449835514], [6.262494510552066, 44.41224966674437], [6.241680881439521, 44.38485438747808], [6.228221718294849, 44.381700391997015], [6.173565741653668, 44.43954286595121], [6.156254785052348, 44.44210331855112], [6.155615049010709, 44.46195982298558], [6.1160166804432015, 44.47546505487432], [6.079694848017664, 44.475530907704965], [6.072442979890107, 44.45207608038503], [6.026308275440297, 44.434642097388625], [6.020374443332653, 44.42005811336259], [5.977799438785809, 44.40736292380458], [5.9536703829504924, 44.395059266699214], [5.937356413024749, 44.35935610859397], [5.896099604509158, 44.31861879667804], [5.9255909605950015, 44.30855111867347], [5.912998227051449, 44.26831617376552], [5.913194557888511, 44.248711120610594], [5.880129754573656, 44.271011382120214], [5.877120986906842, 44.28879843672459], [5.848477759938248, 44.30072259452234], [5.823911889045941, 44.27890195531252], [5.826655362130932, 44.26251076006967], [5.860019043661206, 44.245092101540315], [5.881793583616446, 44.210998662542806], [5.9147400564445745, 44.203427232845094], [5.909305399486612, 44.19046630820442], [5.8285720679377535, 44.20066569733914], [5.795385785142977, 44.21345893688929], [5.776514541341646, 44.2055259364244], [5.755494196596879, 44.210207765237854], [5.713913055297651, 44.19926568716529], [5.692087450380134, 44.186483371831564], [5.676037325543462, 44.19143313185896], [5.681311859737585, 44.23289466958045], [5.672996044869041, 44.23984311301397], [5.676206589256276, 44.27551099308782], [5.647509019416229, 44.27247769824454], [5.631970064900461, 44.284721309902835], [5.637756422122977, 44.29968616697366], [5.608077262744189, 44.30850908328983], [5.617135908418277, 44.332475894185805], [5.5373670436986435, 44.333525718131106], [5.521782790630088, 44.34931163553876], [5.4930715607447445, 44.33717752081172], [5.46941457400079, 44.35149029453098], [5.46065693964672, 44.36832054562284], [5.434953500862137, 44.36911743294876], [5.443026623183156, 44.391237330733084], [5.418530667075709, 44.424947370319], [5.447194165800079, 44.431852481873705], [5.4764897049095795, 44.41972379409436], [5.498303440849121, 44.43732497621575], [5.464433745418449, 44.44788666870274], [5.458727518186473, 44.46614393059478], [5.4798758917737445, 44.49123966897652], [5.516510011697751, 44.49138247772147], [5.562404689872195, 44.47485185176209], [5.603651238319425, 44.465544996850255], [5.6163088106464185, 44.47271206540212], [5.629785093116038, 44.5011871029685], [5.664504139914002, 44.501894032401594], [5.627373773874302, 44.53458025973445], [5.5972487980667855, 44.543273727979226], [5.617737322579476, 44.583133580603594], [5.643926214041127, 44.60972161106435], [5.641715054881292, 44.65107468886509], [5.726039426074854, 44.63939834273572], [5.753939211901072, 44.662713661324155], [5.790619766631355, 44.65329030204328], [5.799407769469486, 44.67394966436931], [5.825802514085463, 44.68569233800322], [5.82711625324567, 44.70028877822114], [5.801469996094522, 44.706778512869995], [5.82777670542201, 44.7400904212036], [5.846789359515513, 44.75162114202083], [5.888833543818295, 44.74880281266777], [5.900145988864039, 44.75831810886521], [5.92220546362268, 44.75408063667132], [5.9801466158902254, 44.78117807160656], [5.977781702799108, 44.79098097178422], [5.94951924784745, 44.80453012289717], [5.979181680039922, 44.81858485233257], [6.004863991929379, 44.82044164675532], [6.030210546238997, 44.838096097754196], [6.056880845755912, 44.81648809334095], [6.111944264637026, 44.844104598030206], [6.128361780211359, 44.86189793671716], [6.1707886083957675, 44.85422409321522], [6.196382213093447, 44.85897725265292], [6.25054409332542, 44.85265497741959], [6.269405725021001, 44.87047437006196], [6.300679811301804, 44.87347754001874], [6.336319027358193, 44.84836943493937], [6.354685212537601, 44.85597093285778], [6.350781709377172, 44.88120395797154], [6.358440638759468, 44.89205674340702], [6.354621853701313, 44.92359576979837], [6.3588400606704845, 44.941284471463], [6.3289997583261135, 44.94731911410858], [6.3285028218875325, 44.969718924476524], [6.3148150406516885, 44.98018487183722], [6.321848392012048, 45.000080059582814], [6.300180534522452, 45.00397824625707], [6.251755823777455, 44.99669933009644], [6.203927022398643, 45.012469165084845], [6.2200801563699395, 45.06536793621533], [6.243017832342709, 45.06906387836911], [6.229388123209472, 45.108750055807405], [6.260566197557925, 45.12684791386632]]]}, "properties": {"code": "05", "nom": "Hautes-Alpes"}}, {"type": "Feature", "geometry": {"type": "Polygon", "coordinates": [[[6.88742990090296, 44.36104783803612], [6.922569034715827, 44.35073334653868], [6.92647211225925, 44.334749781019966], [6.960525832743343, 44.31085198397747], [6.955859859005885, 44.2970594542236], [6.9934468208164935, 44.280891427852495], [6.99712995413101, 44.251997804252646], [7.008054894297459, 44.236431060527], [7.038841660238861, 44.22372981024312], [7.070224944864906, 44.23297997575481], [7.112226619139014, 44.21733524158766], [7.141050183667786, 44.2010003780328], [7.1597495198014025, 44.20620545858123], [7.2033866897276635, 44.184792768493224], [7.218868901675846, 44.1689469810721], [7.237041234869469, 44.174339231954], [7.24856917472652, 44.158515503110245], [7.280317813440188, 44.141181126207165], [7.340417586180365, 44.145649028908274], [7.358475305086881, 44.11815061891558], [7.388931942608855, 44.12479464638471], [7.4268012934594045, 44.117564036132904], [7.429927081340899, 44.127804524896916], [7.459974202378207, 44.125692456404565], [7.505741191835109, 44.143652395337554], [7.5567970945239376, 44.14692262748108], [7.577148887227901, 44.15289005329537], [7.614555274657836, 44.14967082474187], [7.645064338759674, 44.17790074590103], [7.68458536705161, 44.17401845696774], [7.670852285754872, 44.15374050304116], [7.667154197554274, 44.13343096570642], [7.67452067122969, 44.117978351966265], [7.715741685167259, 44.082768394074186], [7.714078792245614, 44.06542948835954], [7.700025563701426, 44.04078903341254], [7.664986572845552, 44.03066821354587], [7.670204633842334, 43.998475578585406], [7.652699330334664, 43.97484454446134], [7.610194650987026, 43.95513695471592], [7.596854299346449, 43.95652880599456], [7.572900090571807, 43.9377923733289], [7.559929417388958, 43.914446448952816], [7.559218845189717, 43.897294632318086], [7.511282181839372, 43.88226017750882], [7.495202515535623, 43.862291505445505], [7.518300877134688, 43.80329700642123], [7.530159376168468, 43.78804906400435], [7.490212035782315, 43.767197668733566], [7.475918505385493, 43.750796761738144], [7.4597300454166495, 43.76004177050826], [7.412274588246639, 43.7343884782676], [7.413235194461564, 43.72476923386886], [7.375064708715003, 43.71753336634211], [7.360727399718111, 43.72228177889476], [7.337596357798404, 43.711716462798286], [7.326468236003214, 43.69615480753041], [7.297211876953826, 43.68614078433695], [7.285170356707785, 43.694320925627316], [7.24382000023942, 43.68938268481802], [7.225884891654834, 43.66225535365977], [7.206455679516468, 43.64563646874049], [7.194537177820155, 43.657919305629925], [7.157853271963104, 43.65385083741795], [7.139271239473155, 43.6360982414893], [7.1230039862754415, 43.58829721341579], [7.121751847241626, 43.55949556145099], [7.101266887315347, 43.57067799664823], [7.0675662048264405, 43.561639844055605], [7.055944916816456, 43.54796646787975], [7.014827677611477, 43.550856545562084], [6.974303482945652, 43.546078781561825], [6.952169379017137, 43.53471699106892], [6.938368675282269, 43.51639156043654], [6.954746280767227, 43.50472407547113], [6.947072439425319, 43.48436595161653], [6.933726236453417, 43.480068010885034], [6.884230099335205, 43.502535727819215], [6.89638230847014, 43.5271599958737], [6.879542001080731, 43.53535761950226], [6.907175687871982, 43.572966433750736], [6.908012993627823, 43.599079187946934], [6.8879265318112735, 43.60741263064278], [6.838776771755721, 43.613611496756825], [6.812859360304176, 43.6305052559662], [6.798740654261999, 43.62818033606127], [6.782299387537954, 43.65415726922716], [6.7608013983957, 43.66648795918856], [6.774352202435761, 43.69341283496426], [6.766592784345339, 43.720212010988675], [6.753535969205428, 43.73816698047835], [6.719415853332108, 43.7381403462073], [6.70139956454595, 43.754068906503676], [6.682708528326925, 43.757936848433445], [6.657423432162916, 43.74871807004049], [6.636395800176684, 43.788950567095455], [6.641524167665496, 43.795472444882115], [6.70606421451232, 43.80841245654836], [6.703701880641647, 43.822825820470534], [6.667938865272228, 43.83092697652154], [6.677914955878909, 43.850959763474634], [6.698718605090542, 43.85521098299028], [6.697323345466608, 43.87365480225297], [6.748392415086803, 43.87167747871268], [6.781621637708193, 43.883549262987735], [6.804290312432095, 43.910790628356104], [6.830709312232406, 43.91836301148648], [6.876620003660876, 43.89859537972932], [6.884610185550847, 43.88912075689405], [6.941753698705185, 43.89697361215048], [6.913088787529998, 43.92796536503886], [6.884040903481558, 43.93530101735706], [6.875468351966293, 43.95281563358485], [6.849124623100394, 43.95555833887359], [6.838726887709297, 43.98970431437945], [6.795850869439254, 44.00702405029123], [6.74580308295055, 44.04269169406513], [6.7552927685949316, 44.078606159081765], [6.736610415319581, 44.10225823836325], [6.707586373017441, 44.124473345545944], [6.705499890845224, 44.144466155776314], [6.686536427072904, 44.16925393086098], [6.718344217584288, 44.21071074917548], [6.724182328511966, 44.249467455280936], [6.759092155836728, 44.26206489740905], [6.762927060646822, 44.279037241415196], [6.7863504827742736, 44.28849643698575], [6.796090992510113, 44.3161057075123], [6.811873213958045, 44.33221347515919], [6.839688603111202, 44.34616952567193], [6.856147812069906, 44.342952907783264], [6.88742990090296, 44.36104783803612]]]}, "properties": {"code": "06", "nom": "Alpes-Maritimes"}}, {"type": "Feature", "geometry": {"type": "Polygon", "coordinates": [[[4.483134616383878, 45.23644648192782], [4.540549370042042, 45.23475108941549], [4.565520406201406, 45.247958129182955], [4.602422910281466, 45.25170405771358], [4.590638055650433, 45.27303681774206], [4.598597055879653, 45.28948570433069], [4.621039470679837, 45.29121612407326], [4.614497435388506, 45.30983662841341], [4.680129607940992, 45.34625617395863], [4.7004091166444315, 45.345742863727835], [4.725825842131706, 45.36180904894751], [4.755996992712002, 45.36567226076598], [4.772556757363274, 45.35486449672088], [4.761388480871705, 45.34063001021366], [4.769929030711337, 45.316015123688956], [4.800493926884063, 45.298360661142944], [4.80945700146176, 45.28984878023442], [4.809597016988471, 45.26036757990201], [4.802585860487608, 45.22693117215798], [4.812569706062625, 45.204307182925724], [4.804809814114698, 45.194030298693185], [4.813699779096304, 45.16341716248438], [4.829100372157167, 45.15669010756043], [4.804461066670614, 45.133197210828584], [4.804492252463412, 45.12194771680664], [4.827354281438577, 45.10214857279052], [4.831651038103518, 45.07026753675957], [4.860746068970967, 45.055429204446796], [4.840341325313034, 45.03578322392562], [4.837672652853049, 45.00479181394786], [4.851264766161909, 44.99467770210391], [4.860170175358192, 44.96586245571145], [4.875684162327823, 44.95520873214619], [4.8855710639544006, 44.93465153198947], [4.8579011507481304, 44.903155110736876], [4.85945820884153, 44.87175235284045], [4.841340887618573, 44.842596306238924], [4.821656483202532, 44.83867049616437], [4.795665859771827, 44.793769117314746], [4.760941584679994, 44.771713549802], [4.762850574483207, 44.72009203958483], [4.7811100231594805, 44.682833634690404], [4.77408913696615, 44.644269843250804], [4.74040453633284, 44.60239249321297], [4.741168931840421, 44.58877434873562], [4.710266499941698, 44.58154911470836], [4.692361920905272, 44.55589194997334], [4.707018905489797, 44.53084113511007], [4.692050189601407, 44.5152420465306], [4.689973321952771, 44.49125058500801], [4.6989568502390995, 44.481694190593686], [4.69865229412497, 44.45230946012676], [4.667379937465383, 44.43066429434984], [4.664373400022996, 44.398944273043945], [4.648946169255066, 44.372462486293166], [4.6506150134375535, 44.329805791511276], [4.653469115901898, 44.302095538489496], [4.649223666100485, 44.270359865010946], [4.638060170291897, 44.28296923867679], [4.61814481108176, 44.278546617366906], [4.606815593785338, 44.290470941442756], [4.5569412251008385, 44.30414412850996], [4.54446827908279, 44.320768740097236], [4.503310494319003, 44.339246206238236], [4.45762136443186, 44.34163465741125], [4.4511432681787, 44.33458990256618], [4.448416311728308, 44.29660651655647], [4.432780130031507, 44.28698938355873], [4.398976853249833, 44.288946280259694], [4.390787503015712, 44.30304942711613], [4.403209845144098, 44.33389735712032], [4.386524834610318, 44.346613952796865], [4.366781304696769, 44.339496632938484], [4.336073225463424, 44.339522743700286], [4.321723881147898, 44.32398630005241], [4.288429093459214, 44.314658540974904], [4.2894083121626245, 44.293211983267184], [4.277460812236595, 44.27473441763758], [4.25884619798255, 44.26478557642796], [4.241323541622981, 44.270098246787754], [4.215253431785848, 44.290671875558495], [4.186703448446319, 44.299689052797774], [4.177742579074996, 44.317880186655266], [4.142867700090412, 44.31335085540006], [4.126751899132338, 44.33773352004587], [4.0716271173670755, 44.327301470845015], [4.051451662788466, 44.31732365711701], [4.0368642122249785, 44.330767432006844], [4.053413964443739, 44.339252388242215], [4.052980345425569, 44.3786960081517], [4.068441217053273, 44.40511357294197], [4.047796695540712, 44.41806858494041], [4.037601702020996, 44.44572224016011], [3.998162987763964, 44.45979755586323], [3.987654659812161, 44.47277510314574], [3.9817259440883355, 44.51510533136414], [3.948773902996799, 44.57288654843654], [3.923566877594894, 44.57188476465967], [3.908306472806382, 44.606619160372716], [3.893726383489279, 44.61783889720629], [3.894746224001558, 44.651133585716494], [3.8699370374536626, 44.67891759737075], [3.862527190139651, 44.743863434670935], [3.8895265818183935, 44.75196027421232], [3.919817199492905, 44.77460034297932], [3.937001123548729, 44.7954172172997], [3.944536875109786, 44.82322023968674], [3.988454902516046, 44.813419515634884], [4.028374858328879, 44.834081003006155], [4.020171384284056, 44.84572694383834], [4.0338762761727365, 44.8710458107922], [4.068313356371929, 44.86746929959503], [4.103743185520496, 44.87725256159482], [4.156154791813548, 44.87333360834132], [4.179951268724776, 44.88730128359599], [4.1899324439493, 44.91419030432338], [4.216572079556928, 44.933567915009554], [4.221702631142119, 44.96133612938675], [4.251555903015938, 44.958924064540234], [4.311668803625915, 44.97177463884522], [4.289827924670836, 44.99730682920296], [4.297239439669978, 45.01702262504178], [4.314677006361451, 45.03079389328605], [4.338428544649489, 45.02671076147119], [4.379067913162388, 45.03617454254133], [4.378014671826731, 45.05427007966308], [4.359614567276412, 45.05568487734863], [4.346190894999054, 45.06964388927494], [4.372571367591827, 45.10480297518196], [4.400229848141373, 45.11600398371944], [4.37022058732025, 45.13029910308921], [4.376558944791765, 45.1443595905019], [4.446118275212825, 45.13169134188572], [4.447480119407685, 45.16118502386361], [4.472540720426905, 45.179408906886586], [4.477266258728365, 45.20978594447126], [4.489604429758615, 45.224787898710176], [4.483134616383878, 45.23644648192782]]]}, "properties": {"code": "07", "nom": "Ard\u00e8che"}}, {"type": "Feature", "geometry": {"type": "Polygon", "coordinates": [[[4.233164134987158, 49.95775092391093], [4.308104819422298, 49.96952311706087], [4.3497091536314265, 49.95218185745914], [4.378945338182918, 49.95306872889387], [4.446940783287939, 49.93750459397252], [4.481610454645573, 49.94785279402108], [4.510410432978069, 49.94668308724302], [4.540542634439033, 49.96796846829222], [4.573698227853897, 49.98030418970413], [4.674659776287784, 49.99662785172198], [4.699272082803148, 50.0537945750903], [4.682746158906797, 50.068791197105114], [4.702078764143763, 50.095528001382924], [4.751345563705796, 50.11174102047036], [4.762161208292365, 50.13639695682964], [4.824292330401957, 50.160731428897094], [4.8319896237206255, 50.153951790022184], [4.879565525415205, 50.15202955288437], [4.894894253598731, 50.13460065104415], [4.87076833368792, 50.124262635964875], [4.8685301585153855, 50.09762527596348], [4.8512375276421595, 50.1013639038007], [4.829260707691278, 50.04803422242763], [4.840392803845824, 50.037589901362395], [4.816997367063873, 50.01564028095157], [4.818941576641115, 49.99514497954768], [4.790113818832296, 49.97001760397983], [4.7909170614563354, 49.95839750551827], [4.8501895621955295, 49.94647303906409], [4.85813253464247, 49.93290175060757], [4.889248547086521, 49.90972760726109], [4.851762233586226, 49.861022896690535], [4.8675793624704715, 49.84007770188321], [4.867091434851301, 49.81419502771181], [4.855382632112906, 49.79236512744182], [4.930929513878152, 49.78685155554447], [4.9561320976529775, 49.801224669739426], [4.9988368069437765, 49.799310046914584], [5.008928105209694, 49.7819335599042], [5.063182643598133, 49.76192871159604], [5.090172312313782, 49.76506393233352], [5.115073254538092, 49.741436250370164], [5.125659977368626, 49.714502727337425], [5.165853990849716, 49.70714272719065], [5.166208402693295, 49.69291623120586], [5.208819376633823, 49.694568280877455], [5.24360037396294, 49.68569800167118], [5.267272773424226, 49.696522600045526], [5.332001785017169, 49.65478357737764], [5.308525437369952, 49.63590355578242], [5.31173915183996, 49.61354728351897], [5.342988167557187, 49.62673952946669], [5.393536658328508, 49.61708773850276], [5.379377254594306, 49.59433240963621], [5.339875065404366, 49.59248374512851], [5.311770447172107, 49.55928969326421], [5.262709976999561, 49.54181962580043], [5.232756898423872, 49.56948078917659], [5.2130512805303555, 49.573482704275165], [5.162975033383016, 49.56353425622026], [5.144850262012005, 49.589890809096836], [5.118278729173794, 49.59307211738766], [5.0894348019213345, 49.54153840662955], [5.100584675318172, 49.53581688248469], [5.079628538782785, 49.50986338174908], [5.062396105126222, 49.49915347170529], [5.083514142411665, 49.48411961123408], [5.105323165099615, 49.42524686929281], [5.088196804414101, 49.40639195324937], [5.10414955392406, 49.38977780781045], [5.089930289451002, 49.370323496215384], [5.060208646165214, 49.3715170366231], [5.053405249590282, 49.35696721044802], [5.026436999727152, 49.33591387470532], [5.029829036850663, 49.31126357145343], [5.0490438324721545, 49.285310734141504], [4.964355608998914, 49.24744898908259], [4.950989232683009, 49.23686584630137], [4.909606220926124, 49.26349853270867], [4.86275799597872, 49.24154352922503], [4.826941205469512, 49.23576093816036], [4.815420265730455, 49.249854960398], [4.788889603899746, 49.24134019593029], [4.7442321118937505, 49.2414729109037], [4.726823349053574, 49.25232502044604], [4.686074799511886, 49.256759043801544], [4.670374586913542, 49.24151155534761], [4.635511161128344, 49.232134393917896], [4.6058938566008445, 49.26970402626851], [4.594974261377573, 49.2707300343065], [4.575868215345435, 49.296651189312385], [4.541215512322572, 49.28622829426292], [4.459506424178967, 49.27757864272764], [4.418775444942886, 49.2851133003246], [4.393424577830647, 49.29708771300736], [4.376853871003221, 49.31699430474222], [4.3541542998888705, 49.31616310169742], [4.330894078223754, 49.32715621477832], [4.306756525620349, 49.32779732810991], [4.290937077765363, 49.34699963965571], [4.258398145436199, 49.36351577479519], [4.248321950611529, 49.38225603439192], [4.2013073779715375, 49.38378396286446], [4.188996868487692, 49.398693325461345], [4.0769132710042255, 49.401612719003566], [4.047972977986833, 49.40564229475753], [4.037664843009763, 49.43826214170175], [4.057558677988911, 49.45118663443426], [4.042374740120512, 49.4686932052203], [4.040711745102368, 49.508534657206816], [4.077307045795324, 49.52519351384014], [4.076010833621256, 49.53978341932618], [4.05829151546324, 49.55254908076985], [4.076570889635557, 49.57112749860688], [4.031390794494156, 49.614289972299225], [4.041982613790211, 49.629809951188015], [4.06432322371496, 49.636967655409364], [4.09574589252208, 49.62909455245626], [4.124516370102426, 49.64959154766928], [4.127021546188527, 49.677921251343555], [4.144181836797769, 49.68854487089986], [4.1846168956423835, 49.698824907960066], [4.19124300715433, 49.71625657729972], [4.224711511604635, 49.72720226620408], [4.2279892494042794, 49.74364073426544], [4.246884569202133, 49.75481606841705], [4.23820210581484, 49.76742183396235], [4.207560089429096, 49.78109084313398], [4.22667738196626, 49.79303047019303], [4.214274015003939, 49.806111475699495], [4.223593846602414, 49.834105951164844], [4.248762948257405, 49.85675363902506], [4.255701120243194, 49.903213511956004], [4.21718238978302, 49.914797372341994], [4.233164134987158, 49.95775092391093]]]}, "properties": {"code": "08", "nom": "Ardennes"}}, {"type": "Feature", "geometry": {"type": "Polygon", "coordinates": [[[1.6884197209147511, 43.27355372810048], [1.700754514704471, 43.26054064540708], [1.699776940607475, 43.243831295721215], [1.7238440687530252, 43.22452425076901], [1.7099486500213625, 43.20058204747453], [1.7134791529379416, 43.185618701843005], [1.7435880718428745, 43.182725951168436], [1.7806433096574144, 43.159824933344154], [1.824772198868932, 43.145813889155335], [1.8804078673476365, 43.14153936255586], [1.8954279777499146, 43.116633336360046], [1.9177470958909644, 43.13323111235511], [1.9494047039555333, 43.12070809144376], [1.9557758360446906, 43.085446537199715], [1.941132873290632, 43.05271547262669], [1.9730769071879921, 43.04616201620429], [1.9850016206688033, 43.032612459176974], [1.9853302810624713, 42.96695793978397], [1.9364462363662087, 42.95396589299509], [1.9338502257854864, 42.93932515940288], [1.9805743107561908, 42.92957969198593], [1.9919290520003003, 42.905098487236415], [1.981007734505436, 42.87842008504447], [1.9869209142233524, 42.87101168756058], [1.9456558633746337, 42.85619826237116], [1.8758890323432875, 42.85273825107509], [1.869202579081601, 42.81508603325651], [1.8970774273087732, 42.80800219821675], [1.917663354345371, 42.78274473527807], [1.913239238416856, 42.75882498736125], [1.9516265106681303, 42.73669095024391], [2.007929382662407, 42.73412497082237], [2.057204243184995, 42.75622286125991], [2.0839024245548936, 42.7516077244054], [2.0874431064800922, 42.73901317594321], [2.160632413925722, 42.70112722891685], [2.1758741195218594, 42.68279522431058], [2.166053682054993, 42.66391836976526], [2.127356949655341, 42.672313305937074], [2.1114664198303457, 42.666032470916626], [2.0470193906647904, 42.66358965489304], [2.0187920574337195, 42.6534170353211], [1.9969224698605978, 42.66006561399484], [1.9722426969695992, 42.61714092425327], [1.9521234354600119, 42.61830326460022], [1.9361188221910517, 42.60541384031619], [1.907286118231748, 42.60862947926328], [1.8744850028357225, 42.58140598425563], [1.8347684364358996, 42.58353364671248], [1.8010033491172206, 42.57239786027001], [1.7861250110638969, 42.57362343207788], [1.773155041578549, 42.58067708426063], [1.7259206571767567, 42.59036520824838], [1.737964425021432, 42.61131401180095], [1.6835991033030946, 42.624864963586695], [1.6620254880346446, 42.61948091899569], [1.637155477178948, 42.63029849282105], [1.6063547204789832, 42.62745569822105], [1.58567689224097, 42.633568385987964], [1.5623889852861503, 42.653480869601616], [1.5492483438086209, 42.655776285849846], [1.5014121994747076, 42.64516242342437], [1.4801044915371044, 42.6513900879463], [1.4694745196425487, 42.62847928225725], [1.4772675936643833, 42.614967659090894], [1.4557081666267313, 42.60205166220692], [1.4401504415315978, 42.60350721030018], [1.4201858337826103, 42.62607181448239], [1.4139966708290406, 42.65484551119558], [1.38773471434658, 42.67099021370737], [1.389599626449476, 42.68508287715744], [1.354404547925789, 42.699493649410854], [1.3579397808759273, 42.71551055541734], [1.32502612790918, 42.72390397060219], [1.2778256065536044, 42.71387414262699], [1.2525274855971043, 42.71564959267591], [1.2283255116895055, 42.727437974142234], [1.2171573639899749, 42.7204805063676], [1.1618481533807585, 42.711046329845956], [1.1333079622063968, 42.729016535435846], [1.1280806814053455, 42.75537633903151], [1.1069774050999934, 42.772292244775535], [1.0706247661216861, 42.78247308343543], [0.9831091862639382, 42.787068192050434], [0.9598896789755389, 42.805643801609044], [0.9235668371314283, 42.7903836690362], [0.8583056667230173, 42.82571908908446], [0.8598831874145956, 42.83829919038498], [0.8429206845448278, 42.88857838383233], [0.8261273850230597, 42.91428331470268], [0.8446280617921965, 42.9259553847581], [0.8735856733231423, 42.92679338211308], [0.8853071428027446, 42.93602990091024], [0.8749113719387422, 42.957775746315285], [0.9124553143730214, 42.95939313750352], [0.9791013887263271, 42.97443096191435], [1.0013417692542665, 43.002384225909054], [1.0162603018777892, 43.01021732861986], [0.9867409563385678, 43.02750002800353], [0.9856931292491957, 43.06291853162641], [1.0052536354583397, 43.08066466566629], [0.9909145410998831, 43.09277803898931], [1.0185271263876248, 43.107387874976396], [1.0388356827344098, 43.100552820032235], [1.0597948169991893, 43.1407984031395], [1.0898382360674839, 43.141811753194446], [1.1321077536262771, 43.15194534202816], [1.1623107695613917, 43.13229310791629], [1.1749842663258816, 43.14097449686551], [1.2087344680123453, 43.11795105080988], [1.2236282372389116, 43.086062046332636], [1.2615510081488481, 43.09151179346513], [1.2600621395015414, 43.10918367913112], [1.2808453772316608, 43.11141550841685], [1.2914479372138445, 43.12411619713413], [1.2743729840086873, 43.144383453050935], [1.2189486150323017, 43.15316275519517], [1.2139801500053244, 43.16243740075925], [1.243672974766193, 43.18955616855956], [1.274066147426889, 43.19622758930005], [1.3200644605867593, 43.19008881581775], [1.3441516514601857, 43.210695251898116], [1.3743734334754012, 43.21374576570538], [1.3827658374979088, 43.228123061206055], [1.3667896677356772, 43.2418101294384], [1.332370877192311, 43.248931806901766], [1.3306718864082818, 43.26256355573771], [1.3083430062252406, 43.26452855969102], [1.2925309175036508, 43.28836637975412], [1.3180291746094754, 43.29589235276595], [1.3239682844769867, 43.30940019027638], [1.3497399802929155, 43.31601406526464], [1.4114797701413646, 43.270269012569514], [1.4253606535844838, 43.256571535866705], [1.417617895565898, 43.227838739549625], [1.4479297220390106, 43.2128941335395], [1.4703750181603599, 43.21207194480044], [1.4845439726661527, 43.226162777288515], [1.5046005088805332, 43.22131429070002], [1.504462615387652, 43.24943643931495], [1.489433194310029, 43.25842220794179], [1.4962195339449893, 43.29276893893769], [1.517589782341532, 43.28942028243403], [1.5187255867607068, 43.26917438445627], [1.5475200495883703, 43.27567426925568], [1.602045022703857, 43.265966045322976], [1.637330392962705, 43.255476822404304], [1.674798339388505, 43.28121472293003], [1.6884197209147511, 43.27355372810048]]]}, "properties": {"code": "09", "nom": "Ari\u00e8ge"}}, {"type": "Feature", "geometry": {"type": "Polygon", "coordinates": [[[3.4147915595010967, 48.390273038820325], [3.422082006455869, 48.413341906536964], [3.3919598867876517, 48.424322153455364], [3.4064783284931712, 48.4524502326185], [3.388359827890943, 48.480408300039215], [3.4348599344666386, 48.49751072268098], [3.4053980660358945, 48.528012199625785], [3.4234423807070566, 48.533562692399734], [3.4591902801865113, 48.53074024476159], [3.479607557239746, 48.54471109171053], [3.4655161591022283, 48.57048567886506], [3.4975003134409723, 48.58995747369995], [3.5038535314822115, 48.6048091344709], [3.5556137492385345, 48.62028467657408], [3.579891832495665, 48.60485886515818], [3.6042445587901217, 48.572452767827976], [3.631866148641539, 48.570977927086886], [3.6340147312950517, 48.54129833541425], [3.643639260745969, 48.536262879171076], [3.688010554935591, 48.53996363936458], [3.7041935334272225, 48.53348173230274], [3.7428823405595684, 48.5336960863688], [3.7947250716869743, 48.52769326968686], [3.822742058660399, 48.516104417807576], [3.851404847916241, 48.523378465573664], [3.8655808154248064, 48.537930954397474], [3.8586730804738507, 48.56033634110919], [3.872574553060613, 48.58047608998417], [3.9000544029762967, 48.574837870717545], [3.916112422498775, 48.60703746596832], [3.9492402192699783, 48.60343151995247], [3.9585488780832865, 48.622904721543364], [3.977230864165596, 48.632216352927855], [3.98646950961592, 48.65506991614687], [4.001695483416846, 48.66387541820995], [4.030051914462845, 48.65914499071498], [4.058195208802969, 48.66627477909254], [4.079787822987737, 48.701118254412116], [4.131090952946843, 48.68615119823393], [4.161208977574132, 48.70564270827603], [4.233040648104506, 48.702313167606725], [4.2523956317261185, 48.708651278525025], [4.302615983872354, 48.71237740647513], [4.3255940122986445, 48.700277029531], [4.332773350334676, 48.67058273703408], [4.317329119564903, 48.65166491720243], [4.331760406442508, 48.63027354824816], [4.314917546995119, 48.61621957939382], [4.403076671568411, 48.561260233656824], [4.49528083286357, 48.53872358042404], [4.521965785232567, 48.54505196597459], [4.527473253110997, 48.52851621730074], [4.576487514925921, 48.549380130056875], [4.6263828171661405, 48.554547535211604], [4.635013531124556, 48.54446897027231], [4.670183207291811, 48.53188730232318], [4.6493513522062, 48.47085769541501], [4.635723724779378, 48.456919205602716], [4.672923053694571, 48.44493692940629], [4.700747648353684, 48.39575121376588], [4.76018751621395, 48.38761245982979], [4.754719796035579, 48.36668089354523], [4.8414713515268755, 48.339464111308324], [4.814217580453079, 48.323010826658724], [4.850845034125924, 48.296245729889414], [4.842390138796092, 48.28357098511807], [4.857678156974527, 48.26856300069992], [4.844090578611303, 48.24161361141823], [4.862104268789182, 48.19962383107111], [4.837947597948636, 48.168959717850704], [4.850099917169891, 48.14175885538576], [4.829291938175258, 48.129608375504965], [4.835619390228278, 48.10855609279288], [4.8193072949588815, 48.10319242346332], [4.7632776797863725, 48.11550181600475], [4.730610406781701, 48.11820899817677], [4.708492447514134, 48.10012538889342], [4.688818526238874, 48.073127919250304], [4.711006682460102, 48.04991853541924], [4.704238250439468, 48.0202323762063], [4.67322963618766, 48.015051709502096], [4.6168068514656495, 48.031366971594], [4.582678644289108, 48.02946360186476], [4.535820168596839, 48.001210026464854], [4.5599688756782095, 47.97142319625819], [4.518171359735413, 47.96658777645795], [4.4932784015747025, 47.96880579277352], [4.448998378066956, 47.957154747571174], [4.414346270874161, 47.968206710901], [4.351286047683726, 47.95658154025503], [4.3090036167800365, 47.96117328277752], [4.2934241069450065, 47.92567623483797], [4.265599591370342, 47.924116159008285], [4.242723875606858, 47.931956917411135], [4.2221457478233475, 47.94969678465566], [4.228464403152438, 47.96915282956105], [4.206741721722166, 47.972203894649205], [4.2078337319682335, 47.94659557765659], [4.166327039100888, 47.95980433221276], [4.1117857473984065, 47.926995657517516], [4.092978649387006, 47.94297672164551], [4.061270050327684, 47.945562416892294], [4.045237544702236, 47.92596854676534], [4.01814220173801, 47.928474566092724], [4.003855529645679, 47.94203480301055], [3.985962466837663, 47.93063908075462], [3.9480945711713997, 47.93089676516494], [3.9015952504180182, 47.93863384246034], [3.91469046126473, 47.97569343810935], [3.900190065880429, 47.99790876198765], [3.8783088264909926, 47.979417724331554], [3.850029315571996, 47.98379240721269], [3.839811254672786, 48.00389003724434], [3.8706198703197394, 48.01563556441249], [3.8242989358275574, 48.04289541931859], [3.824612213123349, 48.06128779150571], [3.806792668443169, 48.083864090347966], [3.8049683849961107, 48.10254956014992], [3.773282122246105, 48.12969525627175], [3.739719908908732, 48.13275411908254], [3.754823906575138, 48.150241865949376], [3.740291245795231, 48.16970783293559], [3.7050170955645534, 48.14431394210169], [3.667869602845747, 48.1392119036121], [3.6414970437080063, 48.18393657752057], [3.6195505299659145, 48.190784479669105], [3.594183989487009, 48.17887516119051], [3.57518637671701, 48.18874134782558], [3.6111556712475656, 48.21192894753078], [3.6216173506103138, 48.22574039972581], [3.600078611097097, 48.23703622325982], [3.624328073587777, 48.25452852774026], [3.6168043332338455, 48.27133989890988], [3.587183966868095, 48.280173420842885], [3.5879668741436643, 48.30081000040951], [3.566569286931659, 48.30742854994862], [3.5634013639699584, 48.32144364439587], [3.5325118583181596, 48.340525877771384], [3.4986883356303173, 48.368618101138466], [3.4525858660423605, 48.374390245729586], [3.427513158445058, 48.359980231681526], [3.4147915595010967, 48.390273038820325]]]}, "properties": {"code": "10", "nom": "Aube"}}, {"type": "Feature", "geometry": {"type": "Polygon", "coordinates": [[[1.6884197209147511, 43.27355372810048], [1.7083882204712093, 43.29126593638564], [1.7041401191232926, 43.302731061004685], [1.7264566850126617, 43.31355860790404], [1.72381890913847, 43.32974907649138], [1.7560895669919805, 43.347786239580316], [1.7722726989104796, 43.33697670685812], [1.8042058556067164, 43.35792861707674], [1.8040846789340412, 43.39168480485615], [1.8275744264204186, 43.41839399539007], [1.8587429714302222, 43.443820891217364], [1.8961151188637693, 43.418448380585566], [1.9030825485451017, 43.40648077638579], [1.9321973483656796, 43.42425346114769], [1.9563832142288617, 43.42542487943702], [1.9882982689321873, 43.40760727642704], [2.013251174841698, 43.41479228000688], [2.0291328387973606, 43.43689796484212], [2.05313408767619, 43.430200497980316], [2.0708019369201476, 43.40639420952169], [2.1092766429079504, 43.39455364359396], [2.171612173004611, 43.41555236920325], [2.1877030879041897, 43.393901845464775], [2.2150238714414177, 43.38350522654672], [2.2296639061851096, 43.409449060674696], [2.2220362066137076, 43.42780221311405], [2.2441052741816327, 43.44588047377504], [2.2648019643127553, 43.45354440574296], [2.282011032773141, 43.44122586946259], [2.3113690047501163, 43.441551364653506], [2.3951180854863265, 43.4183086163608], [2.4331017858919792, 43.43517605493275], [2.452244714182291, 43.43185573872313], [2.4968524565426087, 43.43693032075721], [2.5192241258183463, 43.42357280473514], [2.5657873980365586, 43.42295974410401], [2.593459760332987, 43.4125861022952], [2.569215560940852, 43.40030210238747], [2.5532224612518877, 43.381578705629835], [2.55675033079638, 43.3671181357703], [2.547404327067849, 43.33874150409467], [2.5847987373211803, 43.333574828863085], [2.6016030790296316, 43.29870698639686], [2.6587668022165167, 43.29400885554122], [2.6935895397617924, 43.32048879782006], [2.7068228959310465, 43.293727070528135], [2.7002195943205365, 43.28232047565704], [2.737891172803547, 43.26734188065557], [2.7525204916724526, 43.254593867354295], [2.772248225673249, 43.25778564580618], [2.7869223712743656, 43.273512651125344], [2.79178868739065, 43.293015551205826], [2.8385539311891925, 43.32211574816248], [2.868317493236679, 43.32958665849561], [2.872040834033522, 43.373176887725414], [2.890171804390596, 43.36535216139457], [2.8867026665888473, 43.32989534646164], [2.9469414010608523, 43.31208498526138], [3.004349268167806, 43.3201311415976], [3.005861156020884, 43.28492197900128], [3.0548510434943674, 43.27971779305137], [3.0783431423637917, 43.261829334517095], [3.110944425233587, 43.253471060898335], [3.1220006410048176, 43.26158196380372], [3.1472079664155532, 43.24700506844497], [3.175401641785767, 43.24369767269661], [3.2010265503923754, 43.249167148053665], [3.2103050300757787, 43.235638559541265], [3.24056113717041, 43.21280863308409], [3.177252971331801, 43.1653931155685], [3.140803804618427, 43.12876695257695], [3.092876973759121, 43.06914228496683], [3.074043532794371, 43.03811903535086], [3.0428431893335772, 42.96015378799919], [3.0404710136346944, 42.929704326912585], [3.060589297455898, 42.9170599049451], [3.043510805290506, 42.8381501142638], [2.976233697434438, 42.870285782323506], [2.9176652105086776, 42.88490560680479], [2.9068743640845423, 42.89581380072565], [2.8804319367618048, 42.90142601782671], [2.8652738803519484, 42.91834143726101], [2.834726633088116, 42.91226461376727], [2.8163773260069473, 42.899968720008566], [2.789053819259419, 42.895988728811574], [2.762151578941423, 42.87367587089044], [2.754406508896001, 42.85193277009744], [2.7392695852260918, 42.83704183830966], [2.680460074219605, 42.83066919623472], [2.665129702318414, 42.836638227667535], [2.5979979640054287, 42.83710010473599], [2.551517478135935, 42.84669055878725], [2.5303296696211732, 42.84330870449564], [2.501496510152125, 42.85114590958063], [2.4524747607108766, 42.83693276356475], [2.382167466090285, 42.848465968894374], [2.3271160459779234, 42.83744277583184], [2.3335924644994988, 42.80438237482061], [2.343922918928302, 42.8012178810544], [2.3429452475243857, 42.77535071033062], [2.352474899591023, 42.76247835717117], [2.3573542563069108, 42.730614151700564], [2.3220061203917695, 42.7077915762024], [2.297058357278089, 42.70099502933411], [2.255205048620104, 42.69745713836985], [2.246516821037239, 42.681202948030595], [2.176204944795001, 42.65250633141794], [2.166053682054993, 42.66391836976526], [2.1758741195218594, 42.68279522431058], [2.160632413925722, 42.70112722891685], [2.0874431064800922, 42.73901317594321], [2.0839024245548936, 42.7516077244054], [2.057204243184995, 42.75622286125991], [2.007929382662407, 42.73412497082237], [1.9516265106681303, 42.73669095024391], [1.913239238416856, 42.75882498736125], [1.917663354345371, 42.78274473527807], [1.8970774273087732, 42.80800219821675], [1.869202579081601, 42.81508603325651], [1.8758890323432875, 42.85273825107509], [1.9456558633746337, 42.85619826237116], [1.9869209142233524, 42.87101168756058], [1.981007734505436, 42.87842008504447], [1.9919290520003003, 42.905098487236415], [1.9805743107561908, 42.92957969198593], [1.9338502257854864, 42.93932515940288], [1.9364462363662087, 42.95396589299509], [1.9853302810624713, 42.96695793978397], [1.9850016206688033, 43.032612459176974], [1.9730769071879921, 43.04616201620429], [1.941132873290632, 43.05271547262669], [1.9557758360446906, 43.085446537199715], [1.9494047039555333, 43.12070809144376], [1.9177470958909644, 43.13323111235511], [1.8954279777499146, 43.116633336360046], [1.8804078673476365, 43.14153936255586], [1.824772198868932, 43.145813889155335], [1.7806433096574144, 43.159824933344154], [1.7435880718428745, 43.182725951168436], [1.7134791529379416, 43.185618701843005], [1.7099486500213625, 43.20058204747453], [1.7238440687530252, 43.22452425076901], [1.699776940607475, 43.243831295721215], [1.700754514704471, 43.26054064540708], [1.6884197209147511, 43.27355372810048]]]}, "properties": {"code": "11", "nom": "Aude"}}, {"type": "Feature", "geometry": {"type": "Polygon", "coordinates": [[[2.207475285530841, 44.61553167652982], [2.208413991565611, 44.64384410168341], [2.228626493841591, 44.655105785064215], [2.2508940048769053, 44.651891647919456], [2.2910316971198657, 44.666588146931176], [2.326785795750648, 44.66969245597246], [2.3327774512659527, 44.65061525218626], [2.366001494633773, 44.64133953238094], [2.3819999953795703, 44.650883200245765], [2.4350033478315978, 44.63887764359622], [2.4521623511235817, 44.648218952798366], [2.4831925395759007, 44.65033992053267], [2.5008854718716496, 44.690412284300194], [2.5581520749956534, 44.7235077650761], [2.5544884354514226, 44.739644683596104], [2.565243660905042, 44.77818509002242], [2.5993575445949, 44.79280887269849], [2.596849860721244, 44.81984577665913], [2.611613330896067, 44.83068448570257], [2.6026810523917403, 44.84316760837642], [2.6239346066524707, 44.86692074581927], [2.6490608273773533, 44.86973105802406], [2.657758465796855, 44.886441699351096], [2.681297551065327, 44.907390957815316], [2.7064349149756604, 44.907226122164595], [2.716460244119946, 44.929058850326676], [2.731011702023176, 44.936748096176], [2.756446447848751, 44.932385951522065], [2.773539092637797, 44.915090188600416], [2.778335607948137, 44.88772015360108], [2.7727032477846745, 44.85554848858922], [2.8019551055054883, 44.87362935290199], [2.813504204128073, 44.86939072862634], [2.8596787274829483, 44.87446457937794], [2.855294234485589, 44.85122120013259], [2.8704061890716517, 44.82942482057374], [2.8795722036394493, 44.80301061014631], [2.893463810454271, 44.78634192775854], [2.9201908650803254, 44.79430517818069], [2.9345215070232764, 44.779198272865976], [2.920800098992959, 44.76572967096113], [2.9347898343981527, 44.744014418025785], [2.9250598501117997, 44.72712765384178], [2.942968011895008, 44.676956264041884], [2.973000483295105, 44.64571914667694], [2.981676986530433, 44.6446766126243], [3.0123028502611833, 44.62190975589775], [3.033175255143208, 44.59690534845544], [3.0759067638703557, 44.572973678960665], [3.083593896775788, 44.559014394432964], [3.068038879929246, 44.50286886512245], [3.100325843979618, 44.479978817970924], [3.1158453488850872, 44.47555258933136], [3.1352323616083257, 44.454447756476476], [3.1417277742830882, 44.42845999235368], [3.1267210313580613, 44.41395827490389], [3.1405583752842663, 44.39261625444329], [3.1216683061653887, 44.388740994522394], [3.119331633132198, 44.36409697183054], [3.133744886002754, 44.33033358238777], [3.1542516260589815, 44.30837023621562], [3.1252288254578002, 44.28446357369579], [3.124161021616368, 44.26032349700248], [3.153719168091856, 44.273805934751195], [3.1606544387163025, 44.24539730394844], [3.179876249541182, 44.24566454674947], [3.2243422257594276, 44.23002883975091], [3.2250868325095428, 44.21260133894453], [3.206607905788314, 44.18992834029595], [3.240325090398278, 44.190831778546034], [3.2950015544682763, 44.20693612762719], [3.317300542840415, 44.200240218868345], [3.3577995033411128, 44.197910434234956], [3.373648044830684, 44.170755872105644], [3.3360602348274, 44.15867236265549], [3.3202909661039373, 44.13590273654235], [3.3243979232334686, 44.11534226731356], [3.2640453082464216, 44.09159000805124], [3.290256259022499, 44.07173186446177], [3.3289104186209886, 44.079029903874805], [3.3407758500745954, 44.05682580426664], [3.3670810890076868, 44.058216824075586], [3.4323231338542683, 44.03257989364055], [3.449940594755056, 44.020259628606446], [3.439167690806169, 43.99803716044466], [3.420487392791084, 43.99414155773302], [3.4054945930695584, 43.9702673408017], [3.3781609146564224, 43.967548345837926], [3.3515992359998137, 43.93803681173031], [3.3583594413044624, 43.913832893255005], [3.3179342390620543, 43.890982402561455], [3.275074750407491, 43.898352311519034], [3.2344586173849077, 43.85756325069015], [3.251093231989111, 43.84207470180914], [3.2490369949799924, 43.82957970414178], [3.209694860701851, 43.8129603323146], [3.129188579676226, 43.81693696893768], [3.089161041674374, 43.83475002166805], [3.0598559764719786, 43.8316473799454], [3.0602924932316915, 43.80942874668814], [3.049402198661958, 43.80382793190341], [3.0570597724827286, 43.782641043208976], [3.0758829435264556, 43.768519616825884], [3.0530638218978536, 43.74618963728415], [3.053457816225651, 43.71617068001798], [3.0681377277946873, 43.70869387475869], [3.0601699178851627, 43.69294263093098], [3.0334575248710003, 43.69205430194576], [2.9848044810902232, 43.708885107652996], [2.9465514600279064, 43.6929371414868], [2.9354629666803715, 43.69466778518887], [2.924979718909465, 43.70722262668568], [2.9211070453325663, 43.736113678075654], [2.876569254236284, 43.740391576832444], [2.813673557986314, 43.76171872931414], [2.787648251453773, 43.75205159727044], [2.781560489408381, 43.73708398417332], [2.7376382481956725, 43.729149343592226], [2.7120947274866287, 43.74265456414404], [2.681730402635996, 43.74351491586531], [2.62921204804682, 43.78033346795367], [2.5971439125173483, 43.81904107424546], [2.564162540693876, 43.84133108872312], [2.5653040807171466, 43.86779348986836], [2.576682228818769, 43.881724244386106], [2.5504866871867202, 43.89654064032313], [2.556301019312927, 43.918667347684455], [2.5377898856336207, 43.93373704382359], [2.4993471763625212, 43.950586257731224], [2.520624718664867, 43.962390454422454], [2.5247925967526887, 43.978086506867584], [2.502131799597772, 43.985509672089385], [2.4827654912259214, 44.02626238773467], [2.4634612069785837, 44.034971712792114], [2.4600622206958023, 44.05135361527231], [2.4102102719432614, 44.05584863724648], [2.400758251634245, 44.083536917635314], [2.3577385466562726, 44.10155549627926], [2.3236392435181563, 44.12468040684526], [2.2906506734219882, 44.1246789196839], [2.2848803617727818, 44.145334610005946], [2.2396498479355507, 44.13445411470232], [2.2006096765756986, 44.144878675424955], [2.2376135766415715, 44.15862580829351], [2.206941568452062, 44.17128000270773], [2.191149664017209, 44.16226251594439], [2.1752849884595378, 44.18101099006862], [2.1565521534572882, 44.179860441662186], [2.1495172687755666, 44.20027523558509], [2.103007805822088, 44.19236177915484], [2.0593768473509186, 44.17228332636406], [2.0273876177134555, 44.16774670708074], [2.029696407495935, 44.15703749613199], [1.990170712650344, 44.149452563484346], [1.977057759324639, 44.16258114075737], [1.976683004728593, 44.17992355171282], [1.935140495123965, 44.18136455834765], [1.903654339982968, 44.19375585363767], [1.9049135238032417, 44.210214643984514], [1.9430651280544025, 44.247586110602526], [1.9594126927401139, 44.241188828077995], [1.9704438024330744, 44.276436279434016], [1.941087860705048, 44.28241377562342], [1.901390505373501, 44.27911646341682], [1.868779185952882, 44.29203687124151], [1.880911316974408, 44.30347685224885], [1.8594609109987437, 44.320378858719295], [1.882082857535903, 44.340065248844205], [1.9068426542084775, 44.364872665176094], [1.8675016882668152, 44.39806363608371], [1.8731857077141336, 44.424139807111516], [1.8505304217987393, 44.435510430042704], [1.8526882779181688, 44.45921955120797], [1.83959954163412, 44.475900168970036], [1.8615755393539462, 44.48731998198506], [1.8799562054517298, 44.48383493649415], [1.8902881654773012, 44.50588875517498], [1.906117994440278, 44.499870752169386], [1.9562304028473732, 44.5184522370375], [1.9885498908449635, 44.55118208825662], [2.020316538227445, 44.55550186478567], [2.057369025284242, 44.58290555966192], [2.083044956953958, 44.58742511394722], [2.1052735405908587, 44.5712308351366], [2.1268932861145236, 44.57892133300102], [2.148458414466492, 44.57058186258418], [2.169814750379143, 44.5914152242936], [2.193605072158649, 44.585919536206276], [2.207475285530841, 44.61553167652982]]]}, "properties": {"code": "12", "nom": "Aveyron"}}, {"type": "Feature", "geometry": {"type": "Polygon", "coordinates": [[[4.739060856654237, 43.92405947349057], [4.82173604983078, 43.912827836405015], [4.853093547765335, 43.91138205123056], [4.885234592866442, 43.90014657326699], [4.902319279838385, 43.88793164631778], [4.925857913600155, 43.886492676966505], [4.966309299927298, 43.87164726913833], [4.996088984833567, 43.846062979958205], [5.029533445304739, 43.82779291313872], [5.0496564330787725, 43.788726353015356], [5.173314396868251, 43.7388086180006], [5.187972296540632, 43.73510332278256], [5.229990308924739, 43.74767288112555], [5.255713544202415, 43.74655792640453], [5.31850282672, 43.73502143195822], [5.341018959038618, 43.719703701701896], [5.439245661034277, 43.68110432174805], [5.532691768278144, 43.658982498850435], [5.571561902428718, 43.66192326389572], [5.6069435191164425, 43.65868590516478], [5.647750486437068, 43.675796002747234], [5.6740823773888085, 43.69354548263312], [5.7173496269448085, 43.6935266901868], [5.73694977606664, 43.71600369956981], [5.753650891000443, 43.72462222505303], [5.782188925366387, 43.70688803457204], [5.803458345470844, 43.67967259461735], [5.799061112603831, 43.66051789095841], [5.744798262971254, 43.65677840759107], [5.7002276041895055, 43.64171580606343], [5.681084297973491, 43.61251583703795], [5.691599302975247, 43.58442798717338], [5.655965226280003, 43.57740113848914], [5.6692574361600405, 43.56473259595678], [5.695815693323289, 43.5621406925523], [5.722822019697228, 43.54816058741321], [5.716142493328895, 43.50429675245373], [5.698802592390258, 43.48217012690398], [5.729497620866793, 43.4649455181253], [5.750365813842735, 43.43483686058608], [5.786515741534922, 43.41454030725915], [5.749995488821414, 43.40151212758493], [5.724430347442292, 43.408873853719896], [5.682787396731936, 43.39915686931637], [5.694566647112354, 43.364397692972155], [5.705025402908448, 43.35591845372619], [5.686454243837883, 43.34018809721801], [5.6805714198425825, 43.320567749059826], [5.691040375926617, 43.31296284082202], [5.726600840963344, 43.317355354807546], [5.749842102092498, 43.289268158207484], [5.760928945485899, 43.26733799967126], [5.738053338597997, 43.26234879905431], [5.683909137465821, 43.23605829449104], [5.671875005699277, 43.179268786904935], [5.6525556384849125, 43.187314568389844], [5.624165815055896, 43.18698295242608], [5.600902180940571, 43.16254533545738], [5.569123854119204, 43.17529448351615], [5.531324017717664, 43.21204241023737], [5.510066083294413, 43.19768970206163], [5.454401745873978, 43.21064244401662], [5.391051995321294, 43.21212758682465], [5.363644360087066, 43.20712491164297], [5.340870058926049, 43.21464053757704], [5.348353034439003, 43.22982142946681], [5.372523588800765, 43.24507767770401], [5.366241273279859, 43.269297926805216], [5.345688435376646, 43.282363417695436], [5.364413487886784, 43.312140196877614], [5.323859848409952, 43.356938601132626], [5.296471721324536, 43.35955741603999], [5.2562520205440935, 43.33727449020553], [5.221336413370384, 43.32835884872525], [5.17747685717399, 43.333615576923606], [5.168325223906977, 43.32794092993499], [5.037907932778403, 43.32902848885288], [5.019042287817556, 43.34294363712429], [5.0242941885301615, 43.355561006629124], [4.975887748495165, 43.40225192419132], [4.967705599857734, 43.42610491918481], [4.931381887869524, 43.43315714427828], [4.906351069342989, 43.41974182683961], [4.864258578677964, 43.40622019800946], [4.848994405645509, 43.374446367565824], [4.874828065516188, 43.36049493579003], [4.855048529182453, 43.3326166544088], [4.833031594688433, 43.32986964122808], [4.783363102701897, 43.347193829339595], [4.717738680923241, 43.3503073199876], [4.661783095147221, 43.34641234548359], [4.585804835779633, 43.36006877534866], [4.562800334318894, 43.37213670596142], [4.557428450695051, 43.38832049746897], [4.587701900856666, 43.40071206710059], [4.582043368583085, 43.43056112720855], [4.562101794245088, 43.4432502407157], [4.51635241260241, 43.45471611364518], [4.465265329292432, 43.45715551018595], [4.402200576777784, 43.4472639920423], [4.382042207083344, 43.452273928749435], [4.230283393392478, 43.46018543272639], [4.239683975737728, 43.499174558069626], [4.295851866824911, 43.51453493286982], [4.353650066858599, 43.54739365400947], [4.409349673740097, 43.5611278006361], [4.425539875574249, 43.5852225597615], [4.450257392496214, 43.58355447784505], [4.475231595661822, 43.60829885495057], [4.439746618135546, 43.61067366667502], [4.427040425527008, 43.62067740923795], [4.4542439312837825, 43.66662787515181], [4.475496620134662, 43.67109343801706], [4.487236861293796, 43.6992377666192], [4.5369411541005595, 43.70751108523803], [4.58188049548336, 43.696373117975405], [4.5930322483013235, 43.687462402972955], [4.627660521184518, 43.69054089775907], [4.613036230103559, 43.71429404725378], [4.613635008064088, 43.72981961114202], [4.62998556436456, 43.76267064663956], [4.6512411791496495, 43.782277934314685], [4.654752667357286, 43.80231435958277], [4.6424160670333485, 43.83143872315902], [4.666304849946619, 43.84477593971714], [4.641909591242105, 43.86747754714164], [4.693327338994554, 43.88497348729056], [4.723369654284791, 43.90595389117946], [4.739060856654237, 43.92405947349057]], [[5.0144531785530875, 43.55554571631939], [5.015464900192831, 43.52972333434815], [4.998556097992353, 43.498104175449996], [5.004639838062898, 43.470137499203474], [5.037984666608327, 43.47064067048238], [5.051880922172624, 43.463556640011085], [5.070394766791551, 43.40020699537995], [5.11071277779588, 43.40412626112347], [5.137265038622504, 43.40018551794629], [5.1602333561876454, 43.4110063529329], [5.191264875484891, 43.43489873898378], [5.226134113683475, 43.45256621293005], [5.222559549448171, 43.48346583330456], [5.202793615675099, 43.49117758927305], [5.1453160268384055, 43.45857039791435], [5.102687329637665, 43.526042982433104], [5.064332478397007, 43.52783256560428], [5.046441178306793, 43.52214136817413], [5.0330412390865265, 43.5450648209435], [5.0144531785530875, 43.55554571631939]]]}, "properties": {"code": "13", "nom": "Bouches-du-Rh\u00f4ne"}}, {"type": "Feature", "geometry": {"type": "Polygon", "coordinates": [[[-1.1196225402660513, 49.3555679898469], [-1.0782173743324184, 49.38849350541246], [-1.0302250793020893, 49.38958141035263], [-0.9887106844575865, 49.39741154140852], [-0.939384692333383, 49.39504220855989], [-0.8754490370644941, 49.36957076039473], [-0.8252067535670959, 49.35753795654393], [-0.7222488013847815, 49.347004165939666], [-0.647937711207899, 49.3459781072392], [-0.5987386883749173, 49.33981459321013], [-0.5532470677623611, 49.34610161856534], [-0.5153140242090218, 49.34501616988366], [-0.451962464076699, 49.33549752432251], [-0.41484859816372344, 49.33558104324266], [-0.36104180324658686, 49.3228840274954], [-0.3025757588502727, 49.298441925066236], [-0.22569330389903117, 49.28181693021672], [-0.1696632231153101, 49.28624405434959], [-0.09557631944627808, 49.2981805995376], [-0.0005074304791027337, 49.32556281264521], [0.07413515099973117, 49.3651917979644], [0.11039331683077662, 49.39427124874853], [0.1297510279522393, 49.40298907653438], [0.17578018698541883, 49.41235618373611], [0.21994001130961943, 49.42676180478785], [0.2972244202906153, 49.42986163728299], [0.30882332255488343, 49.38786856245116], [0.30171362422988823, 49.37130535987279], [0.32342800534930133, 49.34064201714996], [0.31206679218437866, 49.32225733229892], [0.32302317286212995, 49.29699256482139], [0.3648958938390429, 49.29519774636941], [0.3808108509605511, 49.28238539554381], [0.382786744119418, 49.26401647481274], [0.32113000687689647, 49.24813594819387], [0.33741825014085014, 49.23147819071951], [0.36654884147794087, 49.21588212665217], [0.3947289759189785, 49.20844416130579], [0.3858907764132056, 49.15405567420366], [0.4267310809928099, 49.146911914644164], [0.3997150635817522, 49.10053337795652], [0.40780490572913114, 49.07739021420981], [0.37935511955028134, 49.06776772669734], [0.37767980975475124, 49.04945033019971], [0.39019525565888735, 49.03437482486719], [0.42590416560578637, 49.031961024526844], [0.4462781902001329, 49.014969905257644], [0.43394360004573646, 49.00495438261333], [0.42880993562155445, 48.96612177413988], [0.412814532889088, 48.950626367694355], [0.40609491524831554, 48.96346413266829], [0.37731004626458825, 48.972554866896424], [0.3581085399804696, 48.95050361041376], [0.3332314772821841, 48.942781544583966], [0.3105016483200191, 48.9525668734449], [0.28264019709882576, 48.94899613116388], [0.27250168047082235, 48.964655839870495], [0.24466232022740259, 48.95878245595905], [0.24227175031800538, 48.94434881189317], [0.18746286897648523, 48.940627353263515], [0.1564748700538276, 48.924787583562484], [0.12760760912750246, 48.95221907078784], [0.09488679748726127, 48.93579979818696], [0.07094503667266873, 48.932121250285164], [0.05639799250068904, 48.902464038657314], [0.008758124525063051, 48.8910599383045], [-0.030666077085217337, 48.8738778222776], [-0.0590064530019254, 48.853491798472966], [-0.0850638956816069, 48.84465033807136], [-0.1463430882060753, 48.83444909949476], [-0.17671993891467938, 48.83423079521249], [-0.26217897261037365, 48.85359465583731], [-0.29452074618238994, 48.85168192113505], [-0.3285204584539417, 48.857599313600346], [-0.3267045002943942, 48.840277412458356], [-0.3462445710154039, 48.821999140746314], [-0.38621249067401003, 48.8452588814631], [-0.4089756657265101, 48.87089665763008], [-0.431252227536603, 48.87431946705079], [-0.46875379913660753, 48.86921416486376], [-0.4940452996821073, 48.84857463029627], [-0.5445223814299559, 48.8478900838751], [-0.6264394642029217, 48.8268065097143], [-0.6935979640277244, 48.8472307255334], [-0.7054998116130325, 48.83677879901897], [-0.6821715230909893, 48.821834119269546], [-0.7125565216024937, 48.80069002566648], [-0.7806266616236817, 48.78665142650693], [-0.8192734301255277, 48.7541311066678], [-0.8409353560137922, 48.75222016383323], [-0.870843068323719, 48.755747083763815], [-0.9194507448733115, 48.76990119354358], [-0.9510500649738302, 48.78923788485761], [-1.0126842102843516, 48.77178311290127], [-1.0374406727580494, 48.78252947303227], [-1.0587344201065705, 48.7733510406527], [-1.0894728333388959, 48.781514884249376], [-1.1038400489666345, 48.814802746543315], [-1.1537697728059082, 48.822236045223256], [-1.1553820376155783, 48.83646333089034], [-1.099957594999108, 48.86805030812276], [-1.0711805139009567, 48.87028515761762], [-1.049194217272288, 48.89402994339517], [-1.0137402112544927, 48.91595272397592], [-1.0226214673729113, 48.927090137671044], [-0.9557321879384142, 48.966234060803075], [-0.9427299538328557, 48.967706984870034], [-0.9136451137312932, 48.99096142683413], [-0.9061381953887807, 49.006106279376766], [-0.8623508752010071, 49.034658294620314], [-0.8845207940960534, 49.03871404252527], [-0.8703864178242734, 49.07831283220894], [-0.8799553096857228, 49.088797685340666], [-0.8784554052403395, 49.117103346563994], [-0.8865942987279166, 49.12943404142505], [-0.9314412531318438, 49.14557476084313], [-0.9373335821349595, 49.16152234602555], [-0.895819782126535, 49.19807825865292], [-0.9205699599745509, 49.221065178841805], [-0.9754585570109295, 49.19216218144188], [-1.03400192072734, 49.218462649963996], [-1.0787006256545217, 49.23459214406213], [-1.124678305514618, 49.26791880332945], [-1.1215034590044193, 49.28156614073767], [-1.1400966460602808, 49.2973935275135], [-1.1395424010513058, 49.30987085975071], [-1.1134631010458858, 49.32794637083092], [-1.1196225402660513, 49.3555679898469]]]}, "properties": {"code": "14", "nom": "Calvados"}}, {"type": "Feature", "geometry": {"type": "Polygon", "coordinates": [[[2.508408697113082, 45.47849879874483], [2.5437058143512723, 45.47758527668323], [2.590384711197607, 45.45005773186534], [2.6396930053973264, 45.44570657455579], [2.663390372512316, 45.43416415509558], [2.6764584284787265, 45.43907413938682], [2.6871186111491756, 45.40629147061533], [2.714857227145231, 45.38155782083131], [2.742824191956514, 45.393286416958404], [2.7635223964556954, 45.38562409648569], [2.8012313498513737, 45.39285594883326], [2.851739807542808, 45.392294826301445], [2.8677277513750035, 45.376079673109146], [2.8863031117541533, 45.382961505858326], [2.9207131825210073, 45.36542334907543], [2.931754110661835, 45.33059235323827], [2.9495692996597285, 45.30885613298761], [2.967346132390612, 45.307097870959936], [3.0183045953290004, 45.2870664026082], [3.021790178296388, 45.29536780296733], [3.058569686824016, 45.30656505249262], [3.060267266954517, 45.33058792846881], [3.081709261400673, 45.33620210714899], [3.1034981328800555, 45.35437310008832], [3.1134170784877164, 45.32717903792977], [3.0999431470714955, 45.316251503364], [3.1179979977042014, 45.284187297622225], [3.1595874385219407, 45.29128516779879], [3.167616208952322, 45.280135013197906], [3.2125769046776993, 45.28063487720399], [3.228040568209475, 45.26635049790692], [3.220952339250761, 45.244178044330745], [3.239572097735146, 45.21694671205992], [3.27247945333649, 45.20918164911843], [3.2606073460103326, 45.17094202255946], [3.2880332175079103, 45.12042440957931], [3.3013685993945794, 45.12408985771677], [3.3340673163073404, 45.11112985018295], [3.3142746780569206, 45.08502161586657], [3.300037167089146, 45.05612205325275], [3.3002890808475738, 45.03204489436342], [3.3114877307075306, 45.02276714381717], [3.337173969362221, 45.02533946243554], [3.349918646764341, 45.00260138512903], [3.34795071948085, 44.97386741391429], [3.3613425807398936, 44.97141170967897], [3.337948402304469, 44.955908780382266], [3.2989394542854322, 44.938607376229236], [3.286022962312807, 44.92637841429803], [3.243812024502196, 44.933528843936465], [3.2496925236752454, 44.916237893044965], [3.2290980359662727, 44.90925048112522], [3.2366483203775314, 44.88797735233407], [3.215966948855477, 44.8750364950506], [3.182311971252496, 44.863734531317185], [3.166012315445439, 44.874339110434526], [3.1411028663826848, 44.903319692595886], [3.1054983095640436, 44.886774803102355], [3.0936395044401266, 44.853715932362164], [3.0994768968798603, 44.833588418089676], [3.071476757431392, 44.834123173435586], [3.048093761431216, 44.80425398591603], [3.0479974143057897, 44.765468479023006], [3.0310795010084504, 44.74941305751071], [3.028593384774951, 44.73000325460999], [3.0160096767820934, 44.713692453685596], [2.981676986530433, 44.6446766126243], [2.973000483295105, 44.64571914667694], [2.942968011895008, 44.676956264041884], [2.9250598501117997, 44.72712765384178], [2.9347898343981527, 44.744014418025785], [2.920800098992959, 44.76572967096113], [2.9345215070232764, 44.779198272865976], [2.9201908650803254, 44.79430517818069], [2.893463810454271, 44.78634192775854], [2.8795722036394493, 44.80301061014631], [2.8704061890716517, 44.82942482057374], [2.855294234485589, 44.85122120013259], [2.8596787274829483, 44.87446457937794], [2.813504204128073, 44.86939072862634], [2.8019551055054883, 44.87362935290199], [2.7727032477846745, 44.85554848858922], [2.778335607948137, 44.88772015360108], [2.773539092637797, 44.915090188600416], [2.756446447848751, 44.932385951522065], [2.731011702023176, 44.936748096176], [2.716460244119946, 44.929058850326676], [2.7064349149756604, 44.907226122164595], [2.681297551065327, 44.907390957815316], [2.657758465796855, 44.886441699351096], [2.6490608273773533, 44.86973105802406], [2.6239346066524707, 44.86692074581927], [2.6026810523917403, 44.84316760837642], [2.611613330896067, 44.83068448570257], [2.596849860721244, 44.81984577665913], [2.5993575445949, 44.79280887269849], [2.565243660905042, 44.77818509002242], [2.5544884354514226, 44.739644683596104], [2.5581520749956534, 44.7235077650761], [2.5008854718716496, 44.690412284300194], [2.4831925395759007, 44.65033992053267], [2.4521623511235817, 44.648218952798366], [2.4350033478315978, 44.63887764359622], [2.3819999953795703, 44.650883200245765], [2.366001494633773, 44.64133953238094], [2.3327774512659527, 44.65061525218626], [2.326785795750648, 44.66969245597246], [2.2910316971198657, 44.666588146931176], [2.2508940048769053, 44.651891647919456], [2.228626493841591, 44.655105785064215], [2.208413991565611, 44.64384410168341], [2.207475285530841, 44.61553167652982], [2.1694177928364127, 44.63806619142595], [2.164998532757633, 44.66315186421785], [2.1791523387104577, 44.6744488247748], [2.1526517256816478, 44.69982758494574], [2.1473467852230246, 44.720872889725285], [2.1534919160094748, 44.753107579025226], [2.1669553074507704, 44.773143530159075], [2.166838986075325, 44.81171436877482], [2.1398005030167444, 44.82382515219366], [2.093387343737472, 44.872914160665985], [2.0864964046718506, 44.90108537322011], [2.1081096992344133, 44.91064323067309], [2.0786199838878985, 44.93249880393721], [2.080180633811985, 44.95404979923148], [2.0629142919730623, 44.9765064055156], [2.0938020877139607, 44.98529837433936], [2.1329789677394575, 44.98552052019744], [2.140647790386873, 45.005857628345254], [2.116811790903016, 45.02111348728891], [2.09515947189117, 45.056029885039536], [2.140183835372406, 45.08652439641992], [2.1717556853734434, 45.08149587397562], [2.1880924247036915, 45.117940072442366], [2.18170890180253, 45.13265183027654], [2.207633764509611, 45.14349133970101], [2.207977370989871, 45.1587474845356], [2.1901243496543654, 45.20505624696943], [2.204634111796817, 45.22819449662118], [2.2387798021685046, 45.260353986844294], [2.2585645529210967, 45.270221039449574], [2.268987098125343, 45.2893886939803], [2.287418644336649, 45.28656307930596], [2.3177410847351756, 45.32296013589262], [2.350492100523935, 45.32756729305109], [2.3513449070267884, 45.348607328275094], [2.3647879506791765, 45.35792327432974], [2.3693560338624287, 45.38650326050192], [2.354551202894122, 45.40140299938709], [2.378246243484016, 45.414305790766434], [2.3982932489236073, 45.40016956610219], [2.422673701160617, 45.397227168836935], [2.4463304633628185, 45.38326310881528], [2.485765402150312, 45.37894867689509], [2.5233092448704975, 45.384373430857245], [2.525650073736618, 45.394585673379005], [2.487538059249189, 45.41816337489308], [2.5067704454060635, 45.46406590539498], [2.508408697113082, 45.47849879874483]]]}, "properties": {"code": "15", "nom": "Cantal"}}, {"type": "Feature", "geometry": {"type": "Polygon", "coordinates": [[[-0.10293687953014707, 45.969659985237946], [-0.041431040823060886, 45.993479981490964], [-0.04551950280367589, 46.02062123975871], [-0.02144724431586948, 46.02887152321493], [-0.031995293425440136, 46.05592180291526], [0.01927278461702518, 46.05284782935696], [0.07297225926176307, 46.09389590958497], [0.09965289984710943, 46.092923144255636], [0.13568666816811367, 46.104047924067046], [0.17785565005004553, 46.08330780134647], [0.1973535052161626, 46.09555004152969], [0.21971869883786393, 46.09431625215903], [0.2522183041176724, 46.07997966029883], [0.2798061440667491, 46.060966262312725], [0.39105268436192897, 46.066346526515616], [0.4132869508404128, 46.04908867462494], [0.4450902027032336, 46.05080094878019], [0.46914195555876237, 46.06154823906217], [0.47596150384778746, 46.08270140200688], [0.444533894881436, 46.09115151319632], [0.44325878141139535, 46.10157393893125], [0.49249803098282, 46.1359535013665], [0.5381620342712992, 46.095338949157004], [0.5646140785657598, 46.089594364695195], [0.5749744983104493, 46.07899630556071], [0.6060084175300469, 46.077142007163026], [0.6086469693380949, 46.0896841812107], [0.6874528960648788, 46.09725460634645], [0.684060820103776, 46.11934698105583], [0.710577167789481, 46.13088444115974], [0.7469045366399735, 46.13857472178201], [0.7801581669353024, 46.13213998977384], [0.8095104050353692, 46.13820512038027], [0.8234337839605995, 46.128581728488264], [0.8152372244416768, 46.11576760044673], [0.833691291703567, 46.10635630894394], [0.8188984576633332, 46.07740847428548], [0.8269002995768702, 46.06393247093984], [0.8179096763959527, 46.047878116483695], [0.851093282263786, 46.03464824766331], [0.8670363318108323, 46.01842834189512], [0.8940345525336028, 46.02314912814255], [0.9256254984735036, 46.01045396377162], [0.9425919960124763, 45.95743607843122], [0.9227140883044904, 45.95301038798378], [0.8847207937372841, 45.923723788266166], [0.8594760522394275, 45.917997097288996], [0.8222125888611419, 45.93208646787984], [0.8133141897835577, 45.89867390107227], [0.8273731927551746, 45.882747942075014], [0.7979907883874932, 45.83267807863906], [0.7822321483214059, 45.8210820958808], [0.7721413751783613, 45.78762409365665], [0.7470964755206753, 45.80309000421788], [0.716439805978218, 45.80561793866404], [0.7079458275965803, 45.79550918085823], [0.714888400126834, 45.76311968057406], [0.6884232598945583, 45.7604002541581], [0.6525242742739024, 45.7404698575335], [0.6454223576561761, 45.717511285932694], [0.6297424639524398, 45.71456998977268], [0.5988182940413804, 45.67062696828461], [0.5678112654431465, 45.6510243172179], [0.5612176923905663, 45.63273730287464], [0.5355449863742777, 45.63336713201865], [0.49986594015823305, 45.616678558714106], [0.5155919010618789, 45.600377918791985], [0.5007291724346205, 45.57307480085136], [0.506492513438957, 45.55388701893163], [0.4962604525540854, 45.5444880543905], [0.46573672024377105, 45.539623254776004], [0.4327895064931416, 45.5024678675343], [0.356537146854989, 45.465479098992546], [0.3078489404274546, 45.46087036559335], [0.2943995470605675, 45.434183799907565], [0.2781514641521634, 45.427303344509845], [0.25007284811879654, 45.371801187374246], [0.26498472290743125, 45.334216796479616], [0.26971965078434545, 45.30539294080847], [0.24739630895607334, 45.289484009049765], [0.22141736394530237, 45.290328116659495], [0.20441616387648323, 45.26359520741223], [0.17763742117729522, 45.253740934302506], [0.17055210372198007, 45.23701026486455], [0.13030604926862757, 45.20798900287554], [0.09619541225687946, 45.2278578556264], [0.07573321487779969, 45.2202598278516], [0.05343044144838288, 45.226854975561835], [0.034845860697314227, 45.20874744152009], [0.007749483713343667, 45.20202343974376], [0.004330746876933936, 45.191632555616], [0.006062958572826905, 45.22015279177819], [-0.03627702144250208, 45.23721166979442], [-0.04010907570871097, 45.24667707840673], [-0.10906395793417734, 45.247266549806895], [-0.1087860702850694, 45.28895157818026], [-0.13794822595131936, 45.29287694608038], [-0.16425879921098446, 45.30698659601025], [-0.19638538280111967, 45.30512678463863], [-0.2304752800698138, 45.31446591115923], [-0.27347921783680357, 45.30225684007141], [-0.2887417673079189, 45.32910703740514], [-0.27790666612822756, 45.34775584650338], [-0.2502965305794111, 45.34134241625847], [-0.2482719674169436, 45.35898378387085], [-0.2710919492630416, 45.35814803088122], [-0.3098053879026185, 45.37371901040736], [-0.2781611552168728, 45.39872175654272], [-0.2497593835924429, 45.40874172938639], [-0.24726501108038862, 45.43547210812303], [-0.274151582312151, 45.45858172430254], [-0.2581005042557833, 45.487311820539006], [-0.2661516568578383, 45.52506493490806], [-0.31837852151865353, 45.53478119461178], [-0.29701667106996404, 45.56395328480815], [-0.3076248492964586, 45.57358242489813], [-0.3759196531282934, 45.60891920266452], [-0.3888323806150822, 45.62624147062642], [-0.41648688699637426, 45.6172478354152], [-0.4319955290656746, 45.62459912844279], [-0.40948414912562175, 45.655586235131814], [-0.3825326157519499, 45.65979752940899], [-0.41054144795526276, 45.683378056997135], [-0.42212116254330756, 45.709462720761486], [-0.41583863552489936, 45.74166865754332], [-0.4600101800616985, 45.73927564322733], [-0.44933397454634766, 45.766003399915384], [-0.427307558287169, 45.76407021646179], [-0.40217992031623706, 45.77301526864364], [-0.40039322122148663, 45.78667015344287], [-0.36589154278993163, 45.78031423872061], [-0.321290979962916, 45.784502531866984], [-0.28882255929425316, 45.80646253937032], [-0.23872379555383658, 45.803035801655675], [-0.2217452863431161, 45.77574564408542], [-0.1910086919293196, 45.78989453197688], [-0.15385968642880263, 45.798527391499896], [-0.13587796182859485, 45.819927442683884], [-0.14022309999885124, 45.836487921992216], [-0.12195942560335456, 45.84980039051254], [-0.1309530378458796, 45.891006636407646], [-0.14718187106945502, 45.899027240817475], [-0.1511348530364158, 45.92662031190935], [-0.09830097999956097, 45.935064274902494], [-0.08645413551898633, 45.9499872925985], [-0.10293687953014707, 45.969659985237946]]]}, "properties": {"code": "16", "nom": "Charente"}}, {"type": "Feature", "properties": {"code": "17", "nom": "Charente-Maritime"}, "geometry": {"type": "MultiPolygon", "coordinates": [[[[-1.11427, 45.95173], [-1.1163, 45.9522], [-1.11705, 45.95479], [-1.1192, 45.95707], [-1.12028, 45.95996], [-1.11947, 45.96143], [-1.11781, 45.96188], [-1.11362, 45.96188], [-1.11107, 45.96123], [-1.10853, 45.95892], [-1.10789, 45.95687], [-1.10533, 45.95439], [-1.10613, 45.95368], [-1.10869, 45.95428], [-1.11048, 45.95409], [-1.11105, 45.95285], [-1.11427, 45.95173]]], [[[-1.4809, 46.21003], [-1.48297, 46.21221], [-1.48118, 46.21269], [-1.47928, 46.215], [-1.47618, 46.21419], [-1.47372, 46.21406], [-1.47098, 46.21488], [-1.46982, 46.21639], [-1.4671, 46.21681], [-1.46725, 46.21787], [-1.46547, 46.21946], [-1.46629, 46.21993], [-1.46628, 46.22268], [-1.46549, 46.22338], [-1.45697, 46.22412], [-1.4563, 46.22558], [-1.45919, 46.22699], [-1.4582, 46.22867], [-1.44982, 46.22855], [-1.44525, 46.22906], [-1.44057, 46.22904], [-1.43437, 46.22938], [-1.43056, 46.22987], [-1.42483, 46.23028], [-1.41294, 46.23014], [-1.41024, 46.2286], [-1.41052, 46.22711], [-1.41471, 46.22755], [-1.41707, 46.22608], [-1.41849, 46.22599], [-1.41937, 46.22367], [-1.41724, 46.2209], [-1.41906, 46.21921], [-1.42204, 46.21817], [-1.42937, 46.21725], [-1.43429, 46.21623], [-1.4374, 46.21707], [-1.43914, 46.21589], [-1.43967, 46.21407], [-1.43736, 46.21266], [-1.4395, 46.21079], [-1.43919, 46.21017], [-1.4334, 46.21076], [-1.43141, 46.21015], [-1.4309, 46.20733], [-1.42923, 46.20586], [-1.42729, 46.20597], [-1.42594, 46.20511], [-1.41851, 46.20455], [-1.41274, 46.20465], [-1.40864, 46.20357], [-1.4042, 46.20313], [-1.39192, 46.20363], [-1.38431, 46.20437], [-1.37655, 46.20562], [-1.36945, 46.20617], [-1.36824, 46.20742], [-1.36511, 46.20811], [-1.36293, 46.20665], [-1.35787, 46.20659], [-1.35472, 46.20611], [-1.35332, 46.20458], [-1.35122, 46.20415], [-1.34159, 46.19996], [-1.33734, 46.19749], [-1.3317, 46.19267], [-1.32596, 46.18939], [-1.32135, 46.18719], [-1.31705, 46.18684], [-1.31052, 46.18921], [-1.30795, 46.19055], [-1.30601, 46.19057], [-1.29707, 46.18866], [-1.29276, 46.18735], [-1.29049, 46.1854], [-1.28979, 46.18362], [-1.28693, 46.18061], [-1.28903, 46.1781], [-1.28639, 46.17634], [-1.28382, 46.17373], [-1.28217, 46.17337], [-1.28152, 46.17029], [-1.2832, 46.16839], [-1.2818, 46.16474], [-1.28027, 46.16335], [-1.27424, 46.16016], [-1.27239, 46.15973], [-1.26812, 46.15973], [-1.25893, 46.16295], [-1.25815, 46.16392], [-1.25559, 46.1644], [-1.25495, 46.16352], [-1.25556, 46.16198], [-1.25679, 46.16099], [-1.26252, 46.15829], [-1.26714, 46.1558], [-1.27351, 46.15113], [-1.27471, 46.14974], [-1.27754, 46.14466], [-1.27956, 46.14369], [-1.2825, 46.14495], [-1.2854, 46.14576], [-1.28838, 46.1449], [-1.29273, 46.14488], [-1.29719, 46.14389], [-1.30153, 46.14384], [-1.30477, 46.14288], [-1.30815, 46.14299], [-1.31371, 46.14372], [-1.31624, 46.14471], [-1.32163, 46.14504], [-1.32564, 46.1468], [-1.32877, 46.14908], [-1.33737, 46.15079], [-1.3399, 46.1507], [-1.34298, 46.15132], [-1.34886, 46.15388], [-1.35337, 46.15454], [-1.35695, 46.15762], [-1.35939, 46.15925], [-1.3624, 46.16055], [-1.36466, 46.16327], [-1.3709, 46.16739], [-1.37763, 46.17005], [-1.38035, 46.17195], [-1.38612, 46.17486], [-1.39153, 46.17716], [-1.40112, 46.1799], [-1.41053, 46.18374], [-1.41497, 46.18521], [-1.42013, 46.1876], [-1.43127, 46.1903], [-1.44006, 46.1946], [-1.44646, 46.1969], [-1.4616, 46.20212], [-1.46779, 46.20331], [-1.47185, 46.20317], [-1.47463, 46.20276], [-1.48698, 46.20032], [-1.49046, 46.1993], [-1.49465, 46.19619], [-1.49784, 46.19531], [-1.50106, 46.19403], [-1.50402, 46.19366], [-1.50592, 46.19409], [-1.50789, 46.19529], [-1.51406, 46.19809], [-1.51719, 46.1992], [-1.52294, 46.20077], [-1.52758, 46.20128], [-1.53063, 46.20216], [-1.53394, 46.20232], [-1.53488, 46.20288], [-1.53603, 46.20599], [-1.53706, 46.20704], [-1.53891, 46.21026], [-1.54176, 46.21377], [-1.54212, 46.21699], [-1.54381, 46.21978], [-1.54704, 46.22322], [-1.54834, 46.22512], [-1.55439, 46.23072], [-1.55633, 46.23065], [-1.56096, 46.2363], [-1.56141, 46.23718], [-1.56293, 46.24384], [-1.56147, 46.24543], [-1.55705, 46.24522], [-1.55727, 46.24463], [-1.55009, 46.24311], [-1.54423, 46.24305], [-1.54109, 46.24361], [-1.53446, 46.24604], [-1.52778, 46.24897], [-1.52356, 46.25131], [-1.52113, 46.25307], [-1.5187, 46.25545], [-1.51437, 46.25771], [-1.51278, 46.25813], [-1.50991, 46.25804], [-1.50583, 46.25729], [-1.50058, 46.25818], [-1.49465, 46.25618], [-1.49199, 46.25433], [-1.49001, 46.25376], [-1.48903, 46.25281], [-1.48832, 46.25018], [-1.48404, 46.24842], [-1.48202, 46.24719], [-1.48168, 46.24508], [-1.48219, 46.24236], [-1.4809, 46.23962], [-1.47578, 46.23592], [-1.47455, 46.23326], [-1.47682, 46.23151], [-1.48016, 46.23005], [-1.48202, 46.22863], [-1.48479, 46.22832], [-1.4881, 46.22852], [-1.49152, 46.22913], [-1.49295, 46.23007], [-1.49366, 46.23194], [-1.49522, 46.23288], [-1.49496, 46.23464], [-1.49858, 46.23496], [-1.50169, 46.23406], [-1.50033, 46.2316], [-1.50439, 46.22903], [-1.50416, 46.2278], [-1.50628, 46.22654], [-1.50862, 46.2267], [-1.50986, 46.22779], [-1.51268, 46.23197], [-1.51399, 46.2321], [-1.51492, 46.22972], [-1.51401, 46.22773], [-1.5148, 46.22699], [-1.51371, 46.22535], [-1.51319, 46.22258], [-1.50926, 46.21873], [-1.50649, 46.21837], [-1.50591, 46.21585], [-1.50671, 46.21457], [-1.50222, 46.21547], [-1.49954, 46.21665], [-1.49674, 46.21562], [-1.49635, 46.21464], [-1.4935, 46.21288], [-1.49493, 46.21214], [-1.49387, 46.21077], [-1.49608, 46.2081], [-1.49413, 46.20706], [-1.49446, 46.20536], [-1.49231, 46.20518], [-1.49355, 46.20716], [-1.49147, 46.20777], [-1.48864, 46.20762], [-1.4877, 46.2069], [-1.4878, 46.20372], [-1.48612, 46.20222], [-1.4836, 46.20224], [-1.48367, 46.20415], [-1.48519, 46.20443], [-1.4857, 46.20642], [-1.48523, 46.20798], [-1.48275, 46.20982], [-1.4809, 46.21003]]], [[[-1.17559, 46.008], [-1.17703, 46.00832], [-1.17842, 46.00972], [-1.17711, 46.01057], [-1.17892, 46.01263], [-1.17728, 46.01416], [-1.17746, 46.01583], [-1.17596, 46.01975], [-1.17624, 46.02114], [-1.17456, 46.0242], [-1.17119, 46.02399], [-1.16826, 46.02562], [-1.16331, 46.02419], [-1.16216, 46.02418], [-1.16025, 46.02275], [-1.15771, 46.02243], [-1.15428, 46.01929], [-1.1546, 46.01821], [-1.16334, 46.01843], [-1.16569, 46.01984], [-1.1675, 46.01987], [-1.17143, 46.01858], [-1.17189, 46.0179], [-1.17156, 46.01552], [-1.16988, 46.01472], [-1.1698, 46.01332], [-1.17448, 46.00984], [-1.17391, 46.00896], [-1.17559, 46.008]]], [[[-1.1294, 46.31028], [-1.12788, 46.31288], [-1.12421, 46.31435], [-1.123, 46.31578], [-1.12312, 46.31767], [-1.12405, 46.32007], [-1.12364, 46.32179], [-1.12216, 46.3231], [-1.12057, 46.3236], [-1.11776, 46.32337], [-1.1161, 46.32171], [-1.11671, 46.31894], [-1.11614, 46.31725], [-1.11328, 46.31631], [-1.10956, 46.31601], [-1.10656, 46.3148], [-1.10494, 46.31459], [-1.10173, 46.31634], [-1.09928, 46.31558], [-1.09781, 46.31218], [-1.09573, 46.31207], [-1.09443, 46.31328], [-1.09297, 46.31642], [-1.09097, 46.3173], [-1.08798, 46.31767], [-1.0836, 46.31675], [-1.07829, 46.31692], [-1.07547, 46.3175], [-1.07467, 46.31824], [-1.07517, 46.31989], [-1.07618, 46.32054], [-1.07912, 46.32081], [-1.08073, 46.32143], [-1.0813, 46.32335], [-1.07907, 46.32504], [-1.0754, 46.32569], [-1.07334, 46.32688], [-1.07404, 46.32875], [-1.07005, 46.33058], [-1.06452, 46.33551], [-1.05967, 46.3413], [-1.05571, 46.34564], [-1.05338, 46.349], [-1.05253, 46.34254], [-1.03773, 46.34803], [-1.02986, 46.35141], [-1.02907, 46.34886], [-1.01381, 46.35562], [-1.0123, 46.35423], [-1.01367, 46.35238], [-1.01301, 46.34903], [-0.99977, 46.35468], [-0.99853, 46.35449], [-0.99489, 46.35137], [-0.99521, 46.35032], [-0.98146, 46.35099], [-0.9749, 46.35105], [-0.97069, 46.35455], [-0.97082, 46.35666], [-0.97002, 46.35844], [-0.96451, 46.3654], [-0.95358, 46.3608], [-0.95128, 46.36038], [-0.942, 46.36822], [-0.93831, 46.36627], [-0.93675, 46.36639], [-0.93393, 46.36752], [-0.93108, 46.37063], [-0.92963, 46.37152], [-0.92739, 46.37075], [-0.93184, 46.3658], [-0.93224, 46.364], [-0.93346, 46.36247], [-0.93547, 46.35683], [-0.93597, 46.35443], [-0.93791, 46.35316], [-0.93874, 46.35191], [-0.93846, 46.34945], [-0.93888, 46.34565], [-0.94055, 46.34192], [-0.94347, 46.3366], [-0.94687, 46.33467], [-0.95044, 46.3314], [-0.95368, 46.32962], [-0.95595, 46.32754], [-0.95678, 46.32575], [-0.95945, 46.32481], [-0.95947, 46.32418], [-0.9631, 46.32262], [-0.95857, 46.32082], [-0.9563, 46.32084], [-0.95398, 46.32009], [-0.95201, 46.3188], [-0.95047, 46.31911], [-0.94761, 46.31781], [-0.94609, 46.31758], [-0.94348, 46.31828], [-0.94158, 46.31591], [-0.94009, 46.31505], [-0.93547, 46.31473], [-0.93489, 46.31286], [-0.93314, 46.31083], [-0.93102, 46.31004], [-0.9286, 46.31084], [-0.92881, 46.31434], [-0.92635, 46.31554], [-0.92369, 46.31349], [-0.92116, 46.31249], [-0.91896, 46.31264], [-0.91699, 46.31549], [-0.91532, 46.3159], [-0.91308, 46.31322], [-0.91105, 46.31278], [-0.90893, 46.31424], [-0.9048, 46.31381], [-0.90332, 46.31408], [-0.90136, 46.31589], [-0.89822, 46.3168], [-0.89447, 46.3169], [-0.89259, 46.31948], [-0.89376, 46.32142], [-0.89307, 46.32307], [-0.8904, 46.323], [-0.8892, 46.32358], [-0.88717, 46.32665], [-0.88564, 46.32593], [-0.88323, 46.32379], [-0.87884, 46.32419], [-0.87491, 46.32268], [-0.87034, 46.32217], [-0.86846, 46.32344], [-0.86805, 46.32638], [-0.86604, 46.32743], [-0.86461, 46.32747], [-0.86169, 46.32656], [-0.86045, 46.32529], [-0.86129, 46.32298], [-0.86255, 46.32231], [-0.86329, 46.32057], [-0.86302, 46.31914], [-0.85992, 46.31752], [-0.85249, 46.31714], [-0.84948, 46.31777], [-0.84487, 46.32456], [-0.84478, 46.32618], [-0.84562, 46.32728], [-0.84833, 46.32915], [-0.84866, 46.33251], [-0.84552, 46.33557], [-0.83988, 46.34037], [-0.83458, 46.34191], [-0.83052, 46.34153], [-0.8288, 46.33982], [-0.82772, 46.33797], [-0.82528, 46.33623], [-0.82265, 46.33576], [-0.81812, 46.33616], [-0.81391, 46.33758], [-0.80909, 46.33844], [-0.80733, 46.3393], [-0.80577, 46.34168], [-0.80375, 46.34264], [-0.80021, 46.34238], [-0.79862, 46.3417], [-0.79672, 46.33914], [-0.79933, 46.33718], [-0.80452, 46.33586], [-0.80645, 46.33437], [-0.80716, 46.33313], [-0.80724, 46.33111], [-0.80551, 46.32818], [-0.80281, 46.32529], [-0.80075, 46.32448], [-0.79558, 46.32503], [-0.79362, 46.32491], [-0.78893, 46.32251], [-0.78802, 46.32128], [-0.78464, 46.31894], [-0.77939, 46.31814], [-0.77512, 46.31835], [-0.77072, 46.31371], [-0.7686, 46.31239], [-0.76628, 46.31279], [-0.76155, 46.31266], [-0.75795, 46.31125], [-0.75397, 46.30735], [-0.75048, 46.30426], [-0.75535, 46.30214], [-0.75442, 46.2983], [-0.75081, 46.28962], [-0.74844, 46.28329], [-0.74631, 46.28127], [-0.7446, 46.27866], [-0.74205, 46.27594], [-0.7368, 46.2714], [-0.73506, 46.26821], [-0.73589, 46.26688], [-0.74035, 46.26307], [-0.74255, 46.26179], [-0.74525, 46.25906], [-0.748, 46.25709], [-0.75012, 46.25447], [-0.75214, 46.25351], [-0.75478, 46.25304], [-0.7531, 46.24806], [-0.75146, 46.24507], [-0.74535, 46.24254], [-0.72329, 46.23319], [-0.71737, 46.23078], [-0.71237, 46.22835], [-0.70796, 46.22698], [-0.69982, 46.22306], [-0.69754, 46.22181], [-0.69406, 46.22078], [-0.69072, 46.2192], [-0.68818, 46.21666], [-0.68633, 46.21369], [-0.68579, 46.2111], [-0.68468, 46.20838], [-0.68683, 46.20765], [-0.68687, 46.20581], [-0.68605, 46.20277], [-0.68488, 46.20045], [-0.68209, 46.1981], [-0.68022, 46.19716], [-0.68215, 46.19575], [-0.68462, 46.19578], [-0.68676, 46.19464], [-0.69093, 46.19624], [-0.69401, 46.19666], [-0.69543, 46.19549], [-0.69784, 46.19223], [-0.69277, 46.19191], [-0.69124, 46.19227], [-0.68771, 46.19083], [-0.692, 46.18851], [-0.69352, 46.18806], [-0.69597, 46.18634], [-0.6921, 46.18329], [-0.68968, 46.18192], [-0.69113, 46.1798], [-0.688, 46.17835], [-0.68402, 46.18148], [-0.68343, 46.18249], [-0.68148, 46.18343], [-0.67941, 46.18237], [-0.67764, 46.18327], [-0.67408, 46.18346], [-0.66969, 46.18497], [-0.66445, 46.18259], [-0.66187, 46.18053], [-0.66208, 46.17837], [-0.65821, 46.1751], [-0.65877, 46.17355], [-0.65569, 46.17175], [-0.65636, 46.17087], [-0.65452, 46.16934], [-0.64873, 46.16774], [-0.64788, 46.16642], [-0.64489, 46.16501], [-0.6423, 46.16507], [-0.64013, 46.16441], [-0.63295, 46.1659], [-0.63103, 46.16519], [-0.62942, 46.16532], [-0.62744, 46.16457], [-0.62841, 46.16098], [-0.62309, 46.16081], [-0.61302, 46.16152], [-0.61035, 46.16114], [-0.60506, 46.15925], [-0.60147, 46.15633], [-0.60685, 46.15281], [-0.61009, 46.15291], [-0.61474, 46.15378], [-0.62366, 46.15354], [-0.62843, 46.15171], [-0.63244, 46.15057], [-0.63362, 46.14847], [-0.62737, 46.14669], [-0.62828, 46.14296], [-0.62353, 46.14014], [-0.62108, 46.13938], [-0.61896, 46.13719], [-0.61601, 46.13668], [-0.61486, 46.13932], [-0.61264, 46.1415], [-0.60773, 46.1415], [-0.6066, 46.14112], [-0.60406, 46.14195], [-0.60347, 46.14296], [-0.59974, 46.1435], [-0.59289, 46.14147], [-0.59024, 46.1415], [-0.58677, 46.1397], [-0.58302, 46.13965], [-0.58198, 46.14337], [-0.58, 46.14621], [-0.57933, 46.14826], [-0.57297, 46.14554], [-0.57234, 46.14583], [-0.56731, 46.14394], [-0.56573, 46.14213], [-0.56404, 46.14186], [-0.56193, 46.14254], [-0.55624, 46.14377], [-0.55507, 46.14366], [-0.55292, 46.14484], [-0.55134, 46.14435], [-0.547, 46.14423], [-0.54363, 46.14305], [-0.5418, 46.14153], [-0.53842, 46.14107], [-0.53654, 46.13999], [-0.53315, 46.13972], [-0.53118, 46.13518], [-0.52715, 46.13631], [-0.52617, 46.13229], [-0.52941, 46.13103], [-0.52856, 46.12984], [-0.52676, 46.13007], [-0.52306, 46.12868], [-0.51907, 46.12769], [-0.5174, 46.12692], [-0.51451, 46.12746], [-0.51425, 46.12989], [-0.51155, 46.13022], [-0.51106, 46.12817], [-0.51309, 46.12754], [-0.51411, 46.12584], [-0.51637, 46.1256], [-0.51878, 46.12365], [-0.51311, 46.12154], [-0.51114, 46.11965], [-0.511, 46.11836], [-0.50956, 46.11753], [-0.51111, 46.115], [-0.51417, 46.11381], [-0.51639, 46.11245], [-0.51401, 46.11135], [-0.51178, 46.11142], [-0.51147, 46.10901], [-0.50549, 46.10801], [-0.50608, 46.10671], [-0.5017, 46.10648], [-0.49672, 46.10717], [-0.49097, 46.10827], [-0.4891, 46.10806], [-0.48692, 46.10675], [-0.48397, 46.10639], [-0.47514, 46.10429], [-0.47289, 46.10498], [-0.47262, 46.10362], [-0.47083, 46.10257], [-0.46797, 46.10216], [-0.46427, 46.10234], [-0.462, 46.10158], [-0.45962, 46.10236], [-0.45574, 46.10227], [-0.45384, 46.1019], [-0.45195, 46.10297], [-0.44524, 46.09938], [-0.44416, 46.09797], [-0.44044, 46.09463], [-0.44027, 46.0962], [-0.43656, 46.09779], [-0.43822, 46.10014], [-0.4402, 46.10459], [-0.43706, 46.10516], [-0.43216, 46.10803], [-0.43099, 46.10918], [-0.42754, 46.11139], [-0.42453, 46.11195], [-0.42246, 46.11331], [-0.42157, 46.11243], [-0.42307, 46.11127], [-0.4233, 46.10586], [-0.42268, 46.10363], [-0.42246, 46.09935], [-0.42251, 46.09391], [-0.41539, 46.09017], [-0.40815, 46.08881], [-0.4057, 46.08639], [-0.40419, 46.08607], [-0.40145, 46.08425], [-0.40051, 46.08472], [-0.3992, 46.08696], [-0.39613, 46.08919], [-0.39342, 46.09061], [-0.39295, 46.09282], [-0.39081, 46.09531], [-0.38808, 46.09618], [-0.38622, 46.09793], [-0.38312, 46.09801], [-0.38132, 46.09311], [-0.37849, 46.09344], [-0.37197, 46.09347], [-0.37183, 46.09086], [-0.36763, 46.08821], [-0.36527, 46.08772], [-0.36396, 46.08601], [-0.36482, 46.08503], [-0.35856, 46.08289], [-0.35932, 46.08111], [-0.36252, 46.08055], [-0.36496, 46.07895], [-0.36273, 46.07554], [-0.35748, 46.07662], [-0.33561, 46.08186], [-0.33105, 46.08255], [-0.32783, 46.08137], [-0.32074, 46.0805], [-0.31951, 46.07927], [-0.31534, 46.07865], [-0.31204, 46.07873], [-0.30711, 46.07835], [-0.30365, 46.07758], [-0.29968, 46.08091], [-0.29328, 46.08659], [-0.29177, 46.08748], [-0.28849, 46.08513], [-0.28522, 46.08044], [-0.28098, 46.07963], [-0.27984, 46.07853], [-0.27978, 46.07471], [-0.27931, 46.07161], [-0.27589, 46.06935], [-0.27359, 46.06842], [-0.27383, 46.06399], [-0.27307, 46.06302], [-0.2735, 46.06108], [-0.27303, 46.05731], [-0.26144, 46.05492], [-0.25922, 46.05434], [-0.25263, 46.05189], [-0.24702, 46.05066], [-0.23305, 46.04846], [-0.22051, 46.04659], [-0.21296, 46.0441], [-0.20318, 46.0477], [-0.20004, 46.04845], [-0.19899, 46.04923], [-0.19556, 46.05354], [-0.19256, 46.05423], [-0.19188, 46.05236], [-0.1927, 46.04883], [-0.19405, 46.04871], [-0.1965, 46.04452], [-0.19097, 46.04361], [-0.19205, 46.04052], [-0.1904, 46.03687], [-0.19076, 46.03497], [-0.18984, 46.03161], [-0.19, 46.02981], [-0.18913, 46.02614], [-0.18636, 46.02661], [-0.18449, 46.02804], [-0.18158, 46.02918], [-0.17857, 46.03119], [-0.17622, 46.03219], [-0.17199, 46.03291], [-0.16561, 46.03737], [-0.1635, 46.03796], [-0.16306, 46.03694], [-0.16027, 46.03659], [-0.1614, 46.03463], [-0.17055, 46.02412], [-0.17165, 46.0227], [-0.16582, 46.02364], [-0.16252, 46.02218], [-0.16325, 46.01681], [-0.1641, 46.01423], [-0.16464, 46.01071], [-0.15749, 46.00821], [-0.15878, 46.00679], [-0.1593, 46.00519], [-0.15186, 46.00356], [-0.14479, 46.00466], [-0.14477, 46.00264], [-0.1409, 46.00124], [-0.14106, 46.00038], [-0.13914, 45.99938], [-0.13926, 45.9952], [-0.13713, 45.99363], [-0.1367, 45.99139], [-0.13737, 45.99029], [-0.13665, 45.98724], [-0.1333, 45.9875], [-0.13479, 45.98463], [-0.13238, 45.98419], [-0.13321, 45.98269], [-0.13686, 45.97896], [-0.13152, 45.97795], [-0.12581, 45.97898], [-0.12351, 45.97785], [-0.11826, 45.9773], [-0.11607, 45.97748], [-0.11379, 45.97411], [-0.10618, 45.96981], [-0.10294, 45.96966], [-0.1033, 45.96763], [-0.10336, 45.96321], [-0.1064, 45.95892], [-0.10004, 45.95983], [-0.09627, 45.96193], [-0.09461, 45.96242], [-0.09327, 45.95983], [-0.09264, 45.95567], [-0.09293, 45.95345], [-0.09181, 45.9515], [-0.08951, 45.95055], [-0.08642, 45.95071], [-0.08636, 45.94802], [-0.09014, 45.94757], [-0.09165, 45.94515], [-0.08885, 45.94427], [-0.09093, 45.94188], [-0.09163, 45.94192], [-0.09698, 45.93734], [-0.0983, 45.93506], [-0.09485, 45.93298], [-0.09685, 45.92848], [-0.10102, 45.92942], [-0.10484, 45.92695], [-0.10637, 45.92796], [-0.11129, 45.92974], [-0.11406, 45.92964], [-0.11532, 45.92906], [-0.12355, 45.927], [-0.1298, 45.92713], [-0.13281, 45.92801], [-0.1348, 45.92914], [-0.14048, 45.93151], [-0.14401, 45.92898], [-0.14722, 45.92832], [-0.15113, 45.92662], [-0.149, 45.92517], [-0.14639, 45.92452], [-0.14861, 45.9192], [-0.15037, 45.91686], [-0.15094, 45.91375], [-0.14855, 45.91376], [-0.14608, 45.91611], [-0.14238, 45.91718], [-0.14157, 45.91625], [-0.13887, 45.91482], [-0.13671, 45.91271], [-0.13583, 45.91048], [-0.13199, 45.91101], [-0.13176, 45.91025], [-0.13308, 45.90807], [-0.13458, 45.90718], [-0.13758, 45.90356], [-0.13936, 45.90311], [-0.14227, 45.90165], [-0.14635, 45.9008], [-0.14918, 45.9006], [-0.14718, 45.89903], [-0.14524, 45.89461], [-0.14446, 45.89184], [-0.14189, 45.88902], [-0.14073, 45.88913], [-0.13774, 45.89118], [-0.13536, 45.89136], [-0.13095, 45.89101], [-0.13131, 45.886], [-0.13234, 45.88585], [-0.13115, 45.88084], [-0.13134, 45.87804], [-0.12876, 45.87778], [-0.12861, 45.87612], [-0.12652, 45.87265], [-0.11416, 45.87265], [-0.11134, 45.87159], [-0.11296, 45.86908], [-0.11547, 45.86754], [-0.11883, 45.86495], [-0.11846, 45.86392], [-0.12067, 45.86113], [-0.12297, 45.85942], [-0.12489, 45.85631], [-0.12103, 45.85504], [-0.12196, 45.8498], [-0.12626, 45.84809], [-0.12891, 45.84817], [-0.13576, 45.84729], [-0.13696, 45.84686], [-0.14081, 45.84385], [-0.142, 45.84135], [-0.14469, 45.83967], [-0.14586, 45.83717], [-0.14368, 45.83749], [-0.14022, 45.83649], [-0.14124, 45.83322], [-0.13969, 45.83164], [-0.13757, 45.82768], [-0.13719, 45.82327], [-0.13588, 45.81993], [-0.13493, 45.81895], [-0.13639, 45.81708], [-0.13805, 45.8166], [-0.1386, 45.81478], [-0.1419, 45.81223], [-0.14124, 45.81175], [-0.14329, 45.80883], [-0.14307, 45.80825], [-0.14464, 45.80582], [-0.14628, 45.80224], [-0.14948, 45.8005], [-0.15127, 45.80007], [-0.15498, 45.79784], [-0.15534, 45.79654], [-0.14985, 45.79464], [-0.14824, 45.79314], [-0.15127, 45.79038], [-0.14832, 45.78909], [-0.15198, 45.78451], [-0.15364, 45.7829], [-0.15606, 45.77951], [-0.16117, 45.78034], [-0.16206, 45.77997], [-0.16455, 45.78112], [-0.16241, 45.78338], [-0.15811, 45.78654], [-0.1556, 45.7893], [-0.15959, 45.79213], [-0.16256, 45.79252], [-0.16613, 45.78767], [-0.17075, 45.78859], [-0.17417, 45.79032], [-0.17538, 45.78858], [-0.17974, 45.78844], [-0.18122, 45.78976], [-0.1857, 45.79051], [-0.18752, 45.78817], [-0.19101, 45.78989], [-0.19734, 45.78219], [-0.19995, 45.7788], [-0.20263, 45.77834], [-0.20781, 45.77624], [-0.21376, 45.77691], [-0.21614, 45.77743], [-0.21698, 45.77641], [-0.21958, 45.77729], [-0.22108, 45.77521], [-0.22205, 45.77677], [-0.22476, 45.77842], [-0.2245, 45.77973], [-0.22636, 45.7809], [-0.22893, 45.78368], [-0.22905, 45.78489], [-0.23092, 45.78611], [-0.2329, 45.78876], [-0.23244, 45.7912], [-0.23282, 45.79236], [-0.23449, 45.79264], [-0.23506, 45.79507], [-0.23746, 45.79532], [-0.2396, 45.7942], [-0.24354, 45.79617], [-0.24114, 45.79861], [-0.24209, 45.79962], [-0.23812, 45.80372], [-0.24285, 45.80465], [-0.24462, 45.80542], [-0.24803, 45.80547], [-0.25109, 45.80477], [-0.25292, 45.80541], [-0.25507, 45.80446], [-0.25769, 45.80562], [-0.27108, 45.80571], [-0.27357, 45.80655], [-0.27708, 45.8057], [-0.27708, 45.80318], [-0.28002, 45.80411], [-0.28212, 45.80365], [-0.28541, 45.80524], [-0.28882, 45.80646], [-0.29481, 45.80529], [-0.29923, 45.80208], [-0.29638, 45.79778], [-0.29647, 45.79692], [-0.29853, 45.79426], [-0.30086, 45.79318], [-0.30329, 45.79146], [-0.30404, 45.78963], [-0.30583, 45.78807], [-0.30791, 45.78711], [-0.31027, 45.78693], [-0.3132, 45.78614], [-0.32129, 45.7845], [-0.32255, 45.78533], [-0.32727, 45.78706], [-0.33037, 45.78743], [-0.33383, 45.78713], [-0.33624, 45.78649], [-0.33836, 45.787], [-0.34629, 45.7853], [-0.34944, 45.78388], [-0.35337, 45.7828], [-0.3563, 45.78357], [-0.36033, 45.78245], [-0.36133, 45.78035], [-0.36705, 45.78242], [-0.36669, 45.78047], [-0.36921, 45.78048], [-0.37452, 45.78264], [-0.37556, 45.78367], [-0.37814, 45.7828], [-0.38463, 45.78382], [-0.38878, 45.7836], [-0.39094, 45.78395], [-0.39454, 45.78533], [-0.40039, 45.78667], [-0.40178, 45.7866], [-0.40322, 45.78253], [-0.40381, 45.78175], [-0.40289, 45.77863], [-0.40142, 45.77623], [-0.40299, 45.77551], [-0.40179, 45.77334], [-0.40359, 45.77204], [-0.40307, 45.7707], [-0.40635, 45.76913], [-0.40946, 45.76717], [-0.41366, 45.77143], [-0.41794, 45.76953], [-0.42172, 45.76686], [-0.4267, 45.76472], [-0.42766, 45.76339], [-0.42927, 45.76483], [-0.43197, 45.76577], [-0.43215, 45.76699], [-0.43786, 45.76539], [-0.44367, 45.76457], [-0.44678, 45.76513], [-0.44933, 45.766], [-0.44954, 45.76249], [-0.45129, 45.76141], [-0.45308, 45.75861], [-0.46067, 45.75379], [-0.46315, 45.75184], [-0.46177, 45.75129], [-0.46001, 45.73928], [-0.44609, 45.74003], [-0.4427, 45.74033], [-0.42813, 45.74087], [-0.41584, 45.74167], [-0.41353, 45.73939], [-0.4114, 45.73795], [-0.4079, 45.73714], [-0.40418, 45.73736], [-0.40057, 45.73606], [-0.4002, 45.73503], [-0.40337, 45.73401], [-0.40564, 45.73197], [-0.40654, 45.73056], [-0.40938, 45.72837], [-0.4151, 45.72706], [-0.4187, 45.72702], [-0.41882, 45.72553], [-0.42007, 45.72473], [-0.41941, 45.71987], [-0.41964, 45.71358], [-0.42081, 45.71139], [-0.42035, 45.70996], [-0.42212, 45.70946], [-0.42088, 45.70639], [-0.4208, 45.70468], [-0.41898, 45.70319], [-0.41871, 45.70158], [-0.41674, 45.70059], [-0.41707, 45.69951], [-0.41494, 45.69695], [-0.41773, 45.69094], [-0.42093, 45.6869], [-0.42292, 45.68559], [-0.41926, 45.68293], [-0.41468, 45.68277], [-0.41281, 45.68242], [-0.41054, 45.68338], [-0.40173, 45.67517], [-0.39657, 45.67097], [-0.38253, 45.6598], [-0.38209, 45.65841], [-0.38238, 45.65544], [-0.38521, 45.6555], [-0.39151, 45.65436], [-0.39764, 45.65237], [-0.40583, 45.65446], [-0.40873, 45.65614], [-0.41138, 45.65252], [-0.41337, 45.6486], [-0.41448, 45.64785], [-0.41661, 45.64793], [-0.41807, 45.64394], [-0.4178, 45.64102], [-0.42065, 45.63636], [-0.42512, 45.63085], [-0.4291, 45.62846], [-0.43001, 45.62713], [-0.43252, 45.625], [-0.43054, 45.62374], [-0.42514, 45.62113], [-0.42155, 45.61977], [-0.4191, 45.61844], [-0.4138, 45.61614], [-0.41169, 45.61754], [-0.40886, 45.61873], [-0.40807, 45.61826], [-0.40392, 45.61973], [-0.40079, 45.62052], [-0.39958, 45.62039], [-0.39737, 45.62177], [-0.39378, 45.62236], [-0.39074, 45.62427], [-0.3899, 45.62601], [-0.38737, 45.62668], [-0.38697, 45.62481], [-0.38479, 45.6249], [-0.38017, 45.62214], [-0.38116, 45.62009], [-0.38076, 45.61857], [-0.37889, 45.61704], [-0.37948, 45.61617], [-0.37875, 45.61303], [-0.37744, 45.61113], [-0.3771, 45.60929], [-0.37368, 45.60749], [-0.37187, 45.6073], [-0.37001, 45.60609], [-0.36519, 45.60459], [-0.36417, 45.60344], [-0.36395, 45.60151], [-0.36175, 45.59981], [-0.3606, 45.59785], [-0.35877, 45.59786], [-0.35582, 45.59662], [-0.35241, 45.59617], [-0.35165, 45.59519], [-0.34653, 45.59536], [-0.34464, 45.59442], [-0.34407, 45.592], [-0.34081, 45.58982], [-0.34144, 45.58698], [-0.33935, 45.58635], [-0.33147, 45.58752], [-0.32948, 45.58478], [-0.32865, 45.58476], [-0.32437, 45.58252], [-0.32436, 45.5809], [-0.31995, 45.57997], [-0.31798, 45.57894], [-0.3156, 45.57863], [-0.31454, 45.57929], [-0.30759, 45.57342], [-0.30562, 45.57248], [-0.3046, 45.56971], [-0.30147, 45.56745], [-0.30066, 45.56495], [-0.29927, 45.5643], [-0.29657, 45.5645], [-0.2996, 45.56043], [-0.30095, 45.56039], [-0.30181, 45.55848], [-0.30475, 45.55544], [-0.30578, 45.55177], [-0.30701, 45.54936], [-0.31014, 45.54901], [-0.31061, 45.54684], [-0.31065, 45.54369], [-0.31437, 45.54391], [-0.318, 45.54469], [-0.31945, 45.54416], [-0.32211, 45.54104], [-0.32168, 45.53877], [-0.32047, 45.53758], [-0.32162, 45.53496], [-0.31838, 45.53478], [-0.31365, 45.53348], [-0.30785, 45.53066], [-0.30455, 45.52804], [-0.30216, 45.52809], [-0.29917, 45.52882], [-0.29664, 45.52742], [-0.29446, 45.52984], [-0.29124, 45.53153], [-0.2898, 45.53075], [-0.28887, 45.52876], [-0.28565, 45.52812], [-0.28428, 45.52674], [-0.28239, 45.52576], [-0.27936, 45.5251], [-0.28237, 45.52071], [-0.27927, 45.52083], [-0.27794, 45.52227], [-0.27405, 45.52416], [-0.2715, 45.52449], [-0.26976, 45.52561], [-0.26615, 45.52506], [-0.26664, 45.52312], [-0.25898, 45.52231], [-0.25503, 45.52118], [-0.2557, 45.51905], [-0.25291, 45.51853], [-0.25374, 45.51694], [-0.25684, 45.51497], [-0.26006, 45.51521], [-0.26381, 45.51346], [-0.2653, 45.51239], [-0.2661, 45.51017], [-0.26775, 45.5086], [-0.26158, 45.50681], [-0.2602, 45.50612], [-0.25319, 45.50129], [-0.24731, 45.50313], [-0.24214, 45.50312], [-0.24183, 45.50178], [-0.24385, 45.49867], [-0.24493, 45.49851], [-0.24619, 45.49668], [-0.24052, 45.49452], [-0.24136, 45.4918], [-0.24249, 45.49015], [-0.24929, 45.4931], [-0.25097, 45.4923], [-0.25324, 45.48878], [-0.25438, 45.48826], [-0.25823, 45.4887], [-0.25862, 45.48743], [-0.25726, 45.48702], [-0.25835, 45.48443], [-0.25802, 45.48264], [-0.25675, 45.48154], [-0.26087, 45.4782], [-0.26286, 45.47699], [-0.26484, 45.47401], [-0.26475, 45.47069], [-0.2809, 45.47422], [-0.28163, 45.47209], [-0.28223, 45.46857], [-0.28448, 45.46861], [-0.28471, 45.4654], [-0.28419, 45.46141], [-0.28511, 45.4604], [-0.28638, 45.4574], [-0.2862, 45.45636], [-0.27934, 45.45747], [-0.27927, 45.45865], [-0.2766, 45.45907], [-0.27415, 45.45858], [-0.27299, 45.45686], [-0.27018, 45.45697], [-0.26709, 45.45519], [-0.26649, 45.45327], [-0.26623, 45.44793], [-0.263, 45.44854], [-0.26209, 45.4482], [-0.26134, 45.44588], [-0.25946, 45.44538], [-0.25668, 45.44351], [-0.25455, 45.44298], [-0.2548, 45.44153], [-0.25312, 45.43842], [-0.25189, 45.43791], [-0.2498, 45.4384], [-0.2481, 45.43776], [-0.24717, 45.43536], [-0.24722, 45.43387], [-0.24909, 45.43271], [-0.25473, 45.43046], [-0.25172, 45.42891], [-0.251, 45.42582], [-0.25236, 45.42349], [-0.25443, 45.42115], [-0.25358, 45.41802], [-0.25188, 45.41721], [-0.2477, 45.41825], [-0.24452, 45.41832], [-0.24309, 45.41781], [-0.24106, 45.41827], [-0.23829, 45.41816], [-0.23283, 45.41951], [-0.23326, 45.41802], [-0.23284, 45.41463], [-0.23488, 45.41188], [-0.23502, 45.41071], [-0.23631, 45.40955], [-0.24043, 45.40896], [-0.24474, 45.40936], [-0.24714, 45.41007], [-0.2498, 45.4096], [-0.2491, 45.40552], [-0.25125, 45.40389], [-0.2517, 45.40258], [-0.25055, 45.40103], [-0.25177, 45.39988], [-0.25439, 45.39874], [-0.25671, 45.40156], [-0.25794, 45.40199], [-0.26319, 45.4011], [-0.26679, 45.40137], [-0.27363, 45.40013], [-0.27816, 45.39872], [-0.27885, 45.39718], [-0.27816, 45.39463], [-0.2768, 45.39286], [-0.27685, 45.39123], [-0.28117, 45.39204], [-0.28323, 45.38843], [-0.28923, 45.38847], [-0.29135, 45.38729], [-0.2966, 45.38762], [-0.30082, 45.38878], [-0.30254, 45.38609], [-0.30516, 45.38607], [-0.31001, 45.38702], [-0.31128, 45.38453], [-0.31095, 45.38171], [-0.31126, 45.37877], [-0.31199, 45.37673], [-0.30963, 45.37557], [-0.30981, 45.37372], [-0.30882, 45.37306], [-0.30486, 45.3719], [-0.30011, 45.37125], [-0.29038, 45.3708], [-0.29017, 45.3704], [-0.29379, 45.36577], [-0.29012, 45.36531], [-0.28316, 45.3653], [-0.27962, 45.36476], [-0.28089, 45.35994], [-0.28111, 45.35497], [-0.27862, 45.35512], [-0.27491, 45.35781], [-0.27309, 45.35713], [-0.27221, 45.35895], [-0.26916, 45.35785], [-0.26685, 45.35745], [-0.26246, 45.35782], [-0.25861, 45.35731], [-0.25436, 45.35813], [-0.25107, 45.35748], [-0.24483, 45.36062], [-0.24642, 45.35471], [-0.2448, 45.35119], [-0.24544, 45.34839], [-0.24637, 45.34756], [-0.24784, 45.34351], [-0.2488, 45.34372], [-0.2503, 45.34134], [-0.25296, 45.34098], [-0.25699, 45.3411], [-0.2607, 45.34261], [-0.26359, 45.33894], [-0.26513, 45.33913], [-0.26528, 45.34106], [-0.26962, 45.3424], [-0.27265, 45.34625], [-0.27466, 45.34823], [-0.27797, 45.34798], [-0.27707, 45.34642], [-0.2775, 45.34448], [-0.27969, 45.34349], [-0.28269, 45.3389], [-0.27792, 45.33664], [-0.28415, 45.33204], [-0.28874, 45.32911], [-0.29043, 45.32726], [-0.28839, 45.32722], [-0.28504, 45.32486], [-0.28426, 45.32334], [-0.28526, 45.32148], [-0.28281, 45.31929], [-0.28299, 45.31632], [-0.28177, 45.31495], [-0.28249, 45.31241], [-0.28269, 45.30975], [-0.28438, 45.30896], [-0.28142, 45.30793], [-0.27903, 45.30506], [-0.27348, 45.30226], [-0.26903, 45.30236], [-0.26595, 45.30212], [-0.26446, 45.29999], [-0.26032, 45.29859], [-0.25752, 45.29879], [-0.25772, 45.30207], [-0.25856, 45.30345], [-0.25909, 45.30672], [-0.25797, 45.30711], [-0.25588, 45.31057], [-0.25433, 45.31156], [-0.25015, 45.31074], [-0.24818, 45.31097], [-0.24696, 45.31212], [-0.24303, 45.31265], [-0.24147, 45.31368], [-0.2407, 45.31505], [-0.23786, 45.31557], [-0.23523, 45.31539], [-0.23203, 45.31375], [-0.23048, 45.31447], [-0.22875, 45.32166], [-0.22472, 45.32138], [-0.22049, 45.32243], [-0.22174, 45.32038], [-0.22038, 45.31842], [-0.2203, 45.31676], [-0.21214, 45.31392], [-0.21033, 45.31175], [-0.20764, 45.31146], [-0.20492, 45.31206], [-0.19967, 45.31167], [-0.199, 45.30957], [-0.20103, 45.30646], [-0.19549, 45.30493], [-0.19293, 45.30632], [-0.19077, 45.30683], [-0.19, 45.30788], [-0.18773, 45.3086], [-0.1822, 45.30904], [-0.17786, 45.30819], [-0.17691, 45.30743], [-0.17451, 45.30759], [-0.17125, 45.3086], [-0.16867, 45.30756], [-0.16702, 45.3059], [-0.16483, 45.30698], [-0.1604, 45.30651], [-0.15783, 45.3056], [-0.15632, 45.30322], [-0.15372, 45.30214], [-0.15061, 45.30133], [-0.14642, 45.29873], [-0.14399, 45.29537], [-0.14439, 45.29117], [-0.14528, 45.28818], [-0.143, 45.2899], [-0.13882, 45.29223], [-0.13754, 45.29361], [-0.13569, 45.29356], [-0.13388, 45.29446], [-0.12898, 45.29464], [-0.12425, 45.29448], [-0.1237, 45.29358], [-0.11915, 45.2917], [-0.11725, 45.29192], [-0.11338, 45.29092], [-0.10971, 45.28966], [-0.10879, 45.28895], [-0.111, 45.28557], [-0.10916, 45.28278], [-0.11301, 45.2818], [-0.11148, 45.27738], [-0.11289, 45.27298], [-0.1132, 45.27103], [-0.1131, 45.26744], [-0.11271, 45.26569], [-0.11308, 45.26383], [-0.11191, 45.25703], [-0.11299, 45.2556], [-0.11266, 45.25408], [-0.11387, 45.25261], [-0.11712, 45.25079], [-0.11539, 45.24807], [-0.11211, 45.24725], [-0.10862, 45.24732], [-0.10389, 45.24684], [-0.09439, 45.24677], [-0.09022, 45.24627], [-0.08254, 45.24706], [-0.07995, 45.24581], [-0.07707, 45.2456], [-0.07263, 45.24578], [-0.07061, 45.24654], [-0.06743, 45.24665], [-0.06315, 45.24625], [-0.06062, 45.2467], [-0.05698, 45.24656], [-0.05114, 45.24875], [-0.04789, 45.24885], [-0.04148, 45.24745], [-0.04011, 45.24668], [-0.03698, 45.24187], [-0.03621, 45.23707], [-0.03342, 45.23448], [-0.03103, 45.2352], [-0.02938, 45.23352], [-0.02496, 45.23123], [-0.02195, 45.23107], [-0.01804, 45.22889], [-0.01241, 45.22847], [-0.00767, 45.22757], [-0.00621, 45.22755], [-0.00389, 45.22864], [-0.00053, 45.22889], [0.00211, 45.22822], [0.00368, 45.22875], [0.00553, 45.22559], [0.00534, 45.22383], [0.00606, 45.22015], [0.00526, 45.2178], [0.00288, 45.21249], [-0.00074, 45.2089], [-0.00166, 45.20631], [-0.00245, 45.19892], [-0.00152, 45.19489], [0.0017, 45.19247], [0.00341, 45.19282], [0.00433, 45.19163], [0.00403, 45.18982], [0.00264, 45.18822], [0.00221, 45.18443], [-0.00017, 45.18204], [-0.00431, 45.18048], [-0.00715, 45.17821], [-0.00871, 45.17453], [-0.01737, 45.16986], [-0.01922, 45.165], [-0.01838, 45.16169], [-0.01687, 45.16069], [-0.01295, 45.15955], [-0.00868, 45.15919], [-0.00515, 45.15853], [-0.00194, 45.15959], [-0.00066, 45.15935], [0.00309, 45.15605], [0.00472, 45.15374], [0.0037, 45.15241], [0.00023, 45.15127], [-0.00444, 45.15018], [-0.00913, 45.14865], [-0.01077, 45.14848], [-0.01785, 45.14699], [-0.02137, 45.14588], [-0.02271, 45.1445], [-0.02628, 45.14186], [-0.02919, 45.14131], [-0.03543, 45.14146], [-0.03675, 45.14075], [-0.03705, 45.13903], [-0.03471, 45.13597], [-0.03241, 45.13436], [-0.02923, 45.12983], [-0.02922, 45.1279], [-0.03172, 45.12389], [-0.03492, 45.12113], [-0.04107, 45.1146], [-0.04199, 45.11242], [-0.04163, 45.10955], [-0.03886, 45.10727], [-0.04094, 45.10363], [-0.0402, 45.10238], [-0.04025, 45.10067], [-0.04561, 45.0979], [-0.04768, 45.0975], [-0.05001, 45.10002], [-0.05273, 45.10118], [-0.05539, 45.10091], [-0.05709, 45.09898], [-0.06121, 45.09866], [-0.06357, 45.09915], [-0.06778, 45.10248], [-0.06788, 45.10491], [-0.0717, 45.10831], [-0.07681, 45.11035], [-0.07813, 45.1101], [-0.07815, 45.11208], [-0.08121, 45.11374], [-0.08313, 45.11554], [-0.08468, 45.11613], [-0.08663, 45.11874], [-0.0877, 45.12139], [-0.09788, 45.12104], [-0.10073, 45.12021], [-0.10208, 45.11905], [-0.10629, 45.11776], [-0.11103, 45.11538], [-0.11344, 45.11501], [-0.11493, 45.1139], [-0.11695, 45.1106], [-0.12013, 45.10837], [-0.1233, 45.10785], [-0.1259, 45.10608], [-0.1284, 45.10504], [-0.12967, 45.10394], [-0.13093, 45.10062], [-0.13019, 45.09794], [-0.13064, 45.09667], [-0.13243, 45.09537], [-0.1353, 45.09409], [-0.13696, 45.09275], [-0.13914, 45.09334], [-0.14161, 45.09], [-0.14567, 45.08982], [-0.14817, 45.08901], [-0.15409, 45.08905], [-0.15585, 45.09028], [-0.15801, 45.09023], [-0.16096, 45.09233], [-0.16359, 45.09286], [-0.16757, 45.09246], [-0.16949, 45.09265], [-0.1747, 45.09407], [-0.17896, 45.09401], [-0.17994, 45.09466], [-0.18675, 45.09505], [-0.19096, 45.09389], [-0.19523, 45.0956], [-0.19765, 45.0977], [-0.19908, 45.09813], [-0.20231, 45.0976], [-0.20387, 45.09869], [-0.20972, 45.10023], [-0.21804, 45.10576], [-0.21853, 45.10692], [-0.22208, 45.10797], [-0.22726, 45.10894], [-0.23115, 45.10912], [-0.23345, 45.10817], [-0.24108, 45.10787], [-0.24684, 45.10863], [-0.24784, 45.11006], [-0.25129, 45.11156], [-0.25392, 45.1137], [-0.25643, 45.11442], [-0.25853, 45.1145], [-0.25955, 45.11569], [-0.25759, 45.11781], [-0.25987, 45.12009], [-0.26125, 45.12241], [-0.2634, 45.12398], [-0.26509, 45.12601], [-0.26728, 45.12668], [-0.26766, 45.13099], [-0.26733, 45.13221], [-0.26822, 45.13351], [-0.27127, 45.13357], [-0.27492, 45.13515], [-0.27437, 45.13885], [-0.27565, 45.14031], [-0.27536, 45.1414], [-0.2812, 45.14373], [-0.28492, 45.14443], [-0.28745, 45.14549], [-0.2904, 45.14592], [-0.29525, 45.1477], [-0.29841, 45.14858], [-0.30804, 45.14903], [-0.31028, 45.14543], [-0.31155, 45.14247], [-0.31116, 45.13964], [-0.31376, 45.13782], [-0.316, 45.13944], [-0.31905, 45.145], [-0.32073, 45.15104], [-0.31985, 45.15299], [-0.32064, 45.15617], [-0.32703, 45.1585], [-0.33002, 45.16096], [-0.33583, 45.16424], [-0.33771, 45.16641], [-0.33914, 45.1671], [-0.34868, 45.16845], [-0.34918, 45.16956], [-0.36064, 45.17061], [-0.36385, 45.17026], [-0.3656, 45.16832], [-0.36746, 45.16445], [-0.36928, 45.16266], [-0.37152, 45.16134], [-0.37503, 45.16027], [-0.37518, 45.15928], [-0.37954, 45.15594], [-0.37966, 45.15437], [-0.38076, 45.15366], [-0.38131, 45.15171], [-0.38092, 45.14992], [-0.38261, 45.14826], [-0.38331, 45.14572], [-0.38493, 45.14609], [-0.38537, 45.14878], [-0.38801, 45.15083], [-0.38848, 45.15276], [-0.39046, 45.1555], [-0.39066, 45.15698], [-0.39246, 45.16027], [-0.39258, 45.16261], [-0.39427, 45.16513], [-0.39451, 45.16742], [-0.39677, 45.16957], [-0.39648, 45.17125], [-0.39734, 45.17199], [-0.39745, 45.17424], [-0.39684, 45.17516], [-0.39736, 45.17794], [-0.40062, 45.18074], [-0.40013, 45.18422], [-0.40136, 45.18572], [-0.40167, 45.18846], [-0.40285, 45.1905], [-0.40453, 45.19217], [-0.40759, 45.19386], [-0.4094, 45.1957], [-0.41112, 45.19818], [-0.41253, 45.19877], [-0.41376, 45.20042], [-0.41797, 45.20445], [-0.42077, 45.20853], [-0.42056, 45.20944], [-0.41673, 45.21186], [-0.41608, 45.21324], [-0.41585, 45.21625], [-0.41414, 45.21918], [-0.41329, 45.22141], [-0.41307, 45.22487], [-0.41386, 45.22809], [-0.41275, 45.23019], [-0.40856, 45.2333], [-0.40511, 45.23982], [-0.40646, 45.2442], [-0.40752, 45.2463], [-0.40728, 45.24783], [-0.41098, 45.24775], [-0.41266, 45.24838], [-0.41688, 45.24747], [-0.41773, 45.24777], [-0.42236, 45.24765], [-0.42464, 45.24828], [-0.42488, 45.24962], [-0.42407, 45.25266], [-0.42172, 45.25522], [-0.421, 45.25907], [-0.41912, 45.26132], [-0.41734, 45.26524], [-0.41608, 45.26693], [-0.41542, 45.26933], [-0.41733, 45.2705], [-0.41851, 45.27214], [-0.41864, 45.27385], [-0.42135, 45.2746], [-0.42231, 45.27588], [-0.42461, 45.2774], [-0.42549, 45.27864], [-0.42848, 45.27965], [-0.42942, 45.27931], [-0.43544, 45.28124], [-0.44052, 45.28337], [-0.44101, 45.2843], [-0.44479, 45.28615], [-0.44886, 45.28587], [-0.45234, 45.2866], [-0.45539, 45.28771], [-0.45662, 45.28741], [-0.46227, 45.28888], [-0.46387, 45.28889], [-0.46564, 45.28983], [-0.46852, 45.29018], [-0.47301, 45.29339], [-0.47309, 45.29393], [-0.47702, 45.29348], [-0.47904, 45.2941], [-0.48192, 45.29435], [-0.48373, 45.2935], [-0.48621, 45.29356], [-0.49126, 45.29106], [-0.49502, 45.29092], [-0.49895, 45.29038], [-0.50025, 45.28985], [-0.50245, 45.2902], [-0.50361, 45.28936], [-0.50967, 45.28818], [-0.51047, 45.28729], [-0.51359, 45.28633], [-0.51541, 45.28658], [-0.51744, 45.28925], [-0.52046, 45.28976], [-0.52659, 45.28979], [-0.52969, 45.29166], [-0.53198, 45.29178], [-0.53598, 45.29258], [-0.53917, 45.29255], [-0.54008, 45.29324], [-0.54272, 45.29363], [-0.54522, 45.29231], [-0.54825, 45.29308], [-0.54834, 45.29384], [-0.55098, 45.29432], [-0.55111, 45.29562], [-0.55442, 45.29663], [-0.55698, 45.29687], [-0.55951, 45.29771], [-0.56103, 45.29876], [-0.56415, 45.29746], [-0.56391, 45.29652], [-0.56579, 45.29593], [-0.56767, 45.2976], [-0.57043, 45.29933], [-0.57101, 45.30324], [-0.57196, 45.30433], [-0.57388, 45.31085], [-0.57352, 45.31244], [-0.57398, 45.31414], [-0.57538, 45.31555], [-0.57335, 45.31681], [-0.5732, 45.3201], [-0.57369, 45.32135], [-0.57186, 45.32288], [-0.57123, 45.32533], [-0.57137, 45.32834], [-0.56937, 45.33024], [-0.56897, 45.33152], [-0.57485, 45.33393], [-0.57728, 45.3354], [-0.57673, 45.33725], [-0.57957, 45.33785], [-0.58275, 45.34021], [-0.58202, 45.34072], [-0.5852, 45.34334], [-0.58689, 45.34375], [-0.58819, 45.34034], [-0.5907, 45.33717], [-0.59384, 45.33476], [-0.59405, 45.33123], [-0.59498, 45.32946], [-0.5939, 45.32579], [-0.59448, 45.32114], [-0.59691, 45.321], [-0.59942, 45.32147], [-0.60351, 45.32168], [-0.60473, 45.32413], [-0.60808, 45.32363], [-0.61464, 45.32343], [-0.61647, 45.32284], [-0.61945, 45.32007], [-0.62346, 45.31866], [-0.62937, 45.31928], [-0.63524, 45.31819], [-0.63766, 45.31699], [-0.6392, 45.31569], [-0.64204, 45.31508], [-0.6446, 45.31515], [-0.64431, 45.32205], [-0.70606, 45.32643], [-0.70822, 45.32748], [-0.71367, 45.3279], [-0.7233, 45.327], [-0.75268, 45.32177], [-0.76774, 45.35491], [-0.77402, 45.36921], [-0.78704, 45.38239], [-0.80112, 45.39558], [-0.8291, 45.42348], [-0.84106, 45.43508], [-0.86479, 45.45341], [-0.89368, 45.47333], [-0.92653, 45.49612], [-0.93306, 45.50138], [-0.96009, 45.52281], [-0.96963, 45.53046], [-0.9839, 45.54161], [-1.02574, 45.57469], [-0.993, 45.57718], [-0.99255, 45.57926], [-0.98916, 45.58134], [-0.989, 45.58526], [-0.99026, 45.59009], [-0.99365, 45.59759], [-0.99682, 45.59998], [-0.99978, 45.60111], [-1.00189, 45.60014], [-1.00248, 45.59918], [-1.00482, 45.59974], [-1.00809, 45.59969], [-1.00797, 45.59766], [-1.00997, 45.59783], [-1.01111, 45.59892], [-1.01303, 45.59963], [-1.01377, 45.60131], [-1.01533, 45.60262], [-1.01221, 45.60524], [-1.01062, 45.60542], [-1.00885, 45.60682], [-1.00872, 45.60786], [-1.00963, 45.61143], [-1.0125, 45.61518], [-1.01621, 45.61835], [-1.02032, 45.62152], [-1.02219, 45.62263], [-1.02546, 45.62371], [-1.02832, 45.62321], [-1.02739, 45.62067], [-1.02819, 45.6202], [-1.02732, 45.61852], [-1.03074, 45.61657], [-1.03271, 45.61736], [-1.0324, 45.61877], [-1.03469, 45.61933], [-1.03646, 45.61783], [-1.04042, 45.61776], [-1.04116, 45.61707], [-1.04324, 45.61754], [-1.04221, 45.61946], [-1.04257, 45.62026], [-1.04611, 45.62033], [-1.04691, 45.62193], [-1.04943, 45.62019], [-1.05133, 45.62089], [-1.05315, 45.62228], [-1.05136, 45.62346], [-1.05109, 45.62644], [-1.05448, 45.62726], [-1.05704, 45.62504], [-1.05847, 45.62622], [-1.06233, 45.62749], [-1.06478, 45.63076], [-1.06667, 45.63016], [-1.07029, 45.63262], [-1.06976, 45.63457], [-1.07519, 45.63413], [-1.07659, 45.63498], [-1.07669, 45.63647], [-1.07492, 45.63801], [-1.07716, 45.63889], [-1.0794, 45.63891], [-1.07958, 45.63764], [-1.08093, 45.6367], [-1.08347, 45.63705], [-1.08723, 45.63872], [-1.0863, 45.64046], [-1.08801, 45.64198], [-1.09089, 45.63991], [-1.09505, 45.63973], [-1.09738, 45.64097], [-1.09725, 45.64193], [-1.09943, 45.6442], [-1.10187, 45.64525], [-1.10414, 45.64446], [-1.10683, 45.64446], [-1.11055, 45.64637], [-1.11531, 45.6465], [-1.11642, 45.64795], [-1.1193, 45.64979], [-1.12332, 45.65134], [-1.12506, 45.65341], [-1.13192, 45.65751], [-1.1359, 45.65947], [-1.14751, 45.66631], [-1.15257, 45.66908], [-1.16156, 45.67429], [-1.16431, 45.6751], [-1.16577, 45.67483], [-1.17035, 45.67699], [-1.1745, 45.67861], [-1.17841, 45.68065], [-1.18196, 45.68292], [-1.1825, 45.68421], [-1.18462, 45.68523], [-1.18587, 45.68482], [-1.1901, 45.68743], [-1.19173, 45.68892], [-1.19605, 45.69122], [-1.20183, 45.69207], [-1.2014, 45.69343], [-1.20932, 45.6967], [-1.21429, 45.69696], [-1.22074, 45.69578], [-1.2275, 45.6943], [-1.23034, 45.69322], [-1.23089, 45.69134], [-1.23015, 45.68906], [-1.2265, 45.68394], [-1.2243, 45.6801], [-1.22109, 45.67714], [-1.21682, 45.67763], [-1.21604, 45.67649], [-1.21868, 45.67452], [-1.21291, 45.67267], [-1.20659, 45.67322], [-1.19912, 45.67489], [-1.19597, 45.67363], [-1.20161, 45.67208], [-1.20781, 45.67112], [-1.213, 45.67105], [-1.22199, 45.67293], [-1.22829, 45.67506], [-1.23005, 45.67707], [-1.23222, 45.68422], [-1.23458, 45.69361], [-1.23723, 45.7059], [-1.23806, 45.71191], [-1.23875, 45.71975], [-1.24042, 45.74546], [-1.24144, 45.75816], [-1.24277, 45.76681], [-1.24364, 45.77011], [-1.24379, 45.77244], [-1.24344, 45.77872], [-1.24257, 45.78157], [-1.23625, 45.78611], [-1.23104, 45.78893], [-1.22466, 45.78885], [-1.22102, 45.78963], [-1.21498, 45.79316], [-1.20896, 45.79575], [-1.20957, 45.79409], [-1.20709, 45.79378], [-1.19907, 45.79448], [-1.19849, 45.79246], [-1.20446, 45.79271], [-1.20185, 45.79145], [-1.19665, 45.78972], [-1.192, 45.78937], [-1.18843, 45.78985], [-1.18525, 45.79062], [-1.18282, 45.79178], [-1.17809, 45.79328], [-1.17495, 45.79356], [-1.17127, 45.79533], [-1.16765, 45.79819], [-1.16441, 45.79987], [-1.16213, 45.8004], [-1.15905, 45.80166], [-1.15543, 45.80231], [-1.15323, 45.80017], [-1.15045, 45.79913], [-1.14909, 45.79792], [-1.14504, 45.79696], [-1.14344, 45.79705], [-1.14037, 45.79845], [-1.13603, 45.80098], [-1.1337, 45.80276], [-1.13209, 45.80493], [-1.13289, 45.80742], [-1.13427, 45.80783], [-1.13428, 45.81102], [-1.13554, 45.81567], [-1.13716, 45.8199], [-1.13907, 45.8216], [-1.13965, 45.82374], [-1.14197, 45.82578], [-1.1435, 45.82555], [-1.14686, 45.82757], [-1.14913, 45.82988], [-1.15238, 45.8324], [-1.14999, 45.83445], [-1.1494, 45.83613], [-1.15269, 45.8372], [-1.1533, 45.83988], [-1.1552, 45.84127], [-1.15553, 45.84261], [-1.15467, 45.84417], [-1.15543, 45.84495], [-1.15817, 45.84546], [-1.16022, 45.84336], [-1.16436, 45.84346], [-1.16807, 45.84515], [-1.16731, 45.84634], [-1.16817, 45.8487], [-1.16707, 45.84968], [-1.16445, 45.8499], [-1.16373, 45.85091], [-1.16488, 45.85272], [-1.17069, 45.85479], [-1.17024, 45.85593], [-1.16147, 45.85471], [-1.15732, 45.85453], [-1.15454, 45.85322], [-1.15277, 45.85161], [-1.15118, 45.85211], [-1.14976, 45.85395], [-1.15182, 45.857], [-1.15364, 45.85735], [-1.15547, 45.85873], [-1.15583, 45.86147], [-1.15319, 45.86236], [-1.14957, 45.86121], [-1.14631, 45.86163], [-1.14263, 45.86142], [-1.13794, 45.86076], [-1.13773, 45.85942], [-1.13653, 45.85878], [-1.13197, 45.8591], [-1.12634, 45.85788], [-1.12468, 45.85685], [-1.12142, 45.85641], [-1.11835, 45.85862], [-1.11639, 45.85935], [-1.11361, 45.8593], [-1.11437, 45.86099], [-1.11189, 45.86255], [-1.11066, 45.86254], [-1.10949, 45.86637], [-1.10873, 45.86756], [-1.10643, 45.867], [-1.10348, 45.86939], [-1.10088, 45.87203], [-1.10127, 45.87319], [-1.09864, 45.87732], [-1.098, 45.87951], [-1.09893, 45.8801], [-1.09879, 45.88182], [-1.09139, 45.88943], [-1.08814, 45.89296], [-1.08121, 45.89879], [-1.07924, 45.90124], [-1.07561, 45.90725], [-1.07446, 45.91259], [-1.07379, 45.91423], [-1.07388, 45.92086], [-1.07465, 45.92182], [-1.07443, 45.92565], [-1.07586, 45.92894], [-1.07574, 45.93201], [-1.07686, 45.9367], [-1.07827, 45.9376], [-1.08109, 45.93829], [-1.08576, 45.93877], [-1.08922, 45.94028], [-1.09264, 45.94135], [-1.09597, 45.94201], [-1.09961, 45.94438], [-1.09804, 45.94596], [-1.09696, 45.94833], [-1.09582, 45.94891], [-1.0935, 45.94871], [-1.08965, 45.94928], [-1.08751, 45.94903], [-1.08515, 45.94951], [-1.08299, 45.94907], [-1.07953, 45.94954], [-1.07211, 45.94945], [-1.06866, 45.95001], [-1.06432, 45.94991], [-1.06508, 45.95588], [-1.06701, 45.95573], [-1.07473, 45.95838], [-1.07673, 45.9594], [-1.08078, 45.96324], [-1.08249, 45.96589], [-1.08328, 45.97126], [-1.08339, 45.97824], [-1.08414, 45.97993], [-1.08586, 45.98149], [-1.09108, 45.98148], [-1.09169, 45.98394], [-1.09355, 45.98464], [-1.09615, 45.98389], [-1.09755, 45.98564], [-1.09794, 45.98879], [-1.09935, 45.99068], [-1.10144, 45.99093], [-1.10415, 45.99395], [-1.10598, 45.99444], [-1.10896, 45.99867], [-1.11432, 46.00157], [-1.11896, 46.00151], [-1.12145, 46.00297], [-1.11937, 46.00389], [-1.11721, 46.00242], [-1.11549, 46.00288], [-1.11144, 46.00202], [-1.10937, 46.00095], [-1.10773, 45.99858], [-1.10488, 45.9965], [-1.1035, 45.996], [-1.09965, 45.99648], [-1.09812, 45.99594], [-1.09787, 45.99387], [-1.09656, 45.99243], [-1.09316, 45.99182], [-1.08884, 45.99307], [-1.08618, 45.995], [-1.08361, 45.99536], [-1.08105, 45.99655], [-1.07939, 45.99592], [-1.07674, 45.99578], [-1.07354, 45.99619], [-1.07033, 45.99571], [-1.06533, 45.99419], [-1.06308, 45.99443], [-1.05865, 45.99682], [-1.05564, 45.99934], [-1.05317, 46.00338], [-1.05285, 46.0055], [-1.05269, 46.01118], [-1.05324, 46.01274], [-1.05756, 46.01676], [-1.05957, 46.02016], [-1.06113, 46.0253], [-1.06115, 46.02885], [-1.05739, 46.02969], [-1.05639, 46.03034], [-1.05612, 46.03422], [-1.05674, 46.03591], [-1.06068, 46.043], [-1.06152, 46.04527], [-1.06487, 46.04905], [-1.067, 46.05015], [-1.07118, 46.05083], [-1.07658, 46.05323], [-1.07904, 46.05343], [-1.08108, 46.05305], [-1.08582, 46.05314], [-1.08884, 46.05395], [-1.0899, 46.05945], [-1.09318, 46.06224], [-1.09275, 46.06567], [-1.09317, 46.0734], [-1.09385, 46.07708], [-1.09699, 46.08283], [-1.09881, 46.08917], [-1.10073, 46.0938], [-1.10345, 46.09497], [-1.10545, 46.0968], [-1.10895, 46.09804], [-1.11196, 46.10061], [-1.11505, 46.10232], [-1.12179, 46.10252], [-1.12244, 46.1015], [-1.12553, 46.10132], [-1.12855, 46.1019], [-1.13152, 46.1019], [-1.13378, 46.10472], [-1.13636, 46.10572], [-1.13832, 46.10588], [-1.13957, 46.10404], [-1.14111, 46.10409], [-1.14307, 46.10632], [-1.14334, 46.10852], [-1.13977, 46.11034], [-1.13424, 46.10885], [-1.13222, 46.10878], [-1.12786, 46.11049], [-1.1253, 46.11092], [-1.12414, 46.11204], [-1.1238, 46.11569], [-1.12476, 46.12071], [-1.12599, 46.12383], [-1.12823, 46.12655], [-1.13021, 46.12698], [-1.13374, 46.12647], [-1.13689, 46.12718], [-1.13884, 46.12721], [-1.14183, 46.12649], [-1.14575, 46.12705], [-1.14758, 46.12821], [-1.14886, 46.13005], [-1.14834, 46.132], [-1.15099, 46.13404], [-1.15235, 46.13616], [-1.15352, 46.13698], [-1.1564, 46.13752], [-1.16212, 46.1368], [-1.16634, 46.13803], [-1.16966, 46.13824], [-1.17328, 46.13803], [-1.1738, 46.13909], [-1.17133, 46.14012], [-1.17294, 46.14498], [-1.17122, 46.14652], [-1.16279, 46.1484], [-1.16092, 46.14859], [-1.15927, 46.15414], [-1.16072, 46.15549], [-1.16544, 46.15521], [-1.17144, 46.15376], [-1.17293, 46.15295], [-1.17512, 46.15265], [-1.17743, 46.15322], [-1.18185, 46.15353], [-1.18708, 46.15341], [-1.18729, 46.15156], [-1.19919, 46.14718], [-1.20171, 46.14706], [-1.20564, 46.14581], [-1.20773, 46.14597], [-1.21078, 46.14807], [-1.21421, 46.14711], [-1.21904, 46.1485], [-1.22242, 46.14979], [-1.22419, 46.15098], [-1.22845, 46.14972], [-1.23085, 46.15091], [-1.23224, 46.15231], [-1.23342, 46.15448], [-1.24204, 46.15745], [-1.24149, 46.16274], [-1.23709, 46.16602], [-1.22388, 46.16595], [-1.22195, 46.16723], [-1.22189, 46.16831], [-1.22052, 46.17028], [-1.21911, 46.17047], [-1.21982, 46.17342], [-1.21981, 46.17639], [-1.21844, 46.18012], [-1.21612, 46.18245], [-1.21399, 46.18337], [-1.20923, 46.18392], [-1.20661, 46.18468], [-1.20249, 46.18895], [-1.20012, 46.1925], [-1.19933, 46.19432], [-1.19996, 46.19696], [-1.19937, 46.19896], [-1.20065, 46.20077], [-1.20234, 46.2018], [-1.20568, 46.20219], [-1.20654, 46.20436], [-1.20549, 46.20624], [-1.20206, 46.21035], [-1.199, 46.21325], [-1.1962, 46.21405], [-1.19313, 46.21582], [-1.1901, 46.21613], [-1.18866, 46.2169], [-1.18709, 46.21866], [-1.18332, 46.22161], [-1.17498, 46.22215], [-1.17135, 46.22406], [-1.16857, 46.22734], [-1.1636, 46.22965], [-1.16148, 46.23094], [-1.15949, 46.23329], [-1.1596, 46.23405], [-1.15745, 46.23593], [-1.15041, 46.23749], [-1.14845, 46.23841], [-1.14655, 46.24112], [-1.14284, 46.24398], [-1.14162, 46.24722], [-1.1407, 46.2531], [-1.13933, 46.25405], [-1.1339, 46.25439], [-1.13028, 46.25364], [-1.12912, 46.25381], [-1.12677, 46.2556], [-1.12039, 46.25993], [-1.1183, 46.26112], [-1.1124, 46.26027], [-1.11116, 46.26134], [-1.11216, 46.26573], [-1.11497, 46.27429], [-1.11653, 46.27743], [-1.12017, 46.28561], [-1.12039, 46.28799], [-1.12101, 46.28873], [-1.11476, 46.29158], [-1.1216, 46.28967], [-1.12335, 46.29371], [-1.11962, 46.29521], [-1.12196, 46.29857], [-1.12198, 46.29978], [-1.12309, 46.30196], [-1.12609, 46.30209], [-1.12683, 46.30756], [-1.1294, 46.31028]]], [[[-1.25027, 45.84597], [-1.25131, 45.85019], [-1.25366, 45.85688], [-1.25922, 45.8683], [-1.26409, 45.87544], [-1.26615, 45.87817], [-1.27005, 45.88181], [-1.27521, 45.88412], [-1.27806, 45.88642], [-1.28062, 45.88792], [-1.28245, 45.89016], [-1.28608, 45.89355], [-1.28987, 45.89626], [-1.29117, 45.89816], [-1.29335, 45.89993], [-1.29525, 45.9005], [-1.29751, 45.90048], [-1.30023, 45.89975], [-1.3047, 45.90087], [-1.31191, 45.90559], [-1.31418, 45.90678], [-1.31844, 45.91065], [-1.32152, 45.9115], [-1.32489, 45.91359], [-1.32671, 45.91277], [-1.3328, 45.91509], [-1.33563, 45.91689], [-1.33947, 45.91847], [-1.34138, 45.91887], [-1.34394, 45.92153], [-1.34712, 45.92372], [-1.35095, 45.92504], [-1.3534, 45.92671], [-1.35654, 45.92941], [-1.35831, 45.93186], [-1.36128, 45.93357], [-1.36824, 45.9392], [-1.37262, 45.94193], [-1.37517, 45.94423], [-1.37793, 45.94788], [-1.38002, 45.95015], [-1.38267, 45.95129], [-1.3845, 45.95149], [-1.38598, 45.95239], [-1.38757, 45.95477], [-1.38886, 45.9577], [-1.38704, 45.95938], [-1.3862, 45.96135], [-1.38626, 45.96314], [-1.38733, 45.96554], [-1.39017, 45.96919], [-1.39063, 45.97223], [-1.39221, 45.9747], [-1.39578, 45.97683], [-1.39556, 45.97828], [-1.39387, 45.98185], [-1.39197, 45.9834], [-1.38875, 45.98927], [-1.38726, 45.99387], [-1.38709, 45.99716], [-1.38787, 46.00002], [-1.38907, 46.00268], [-1.39097, 46.00482], [-1.39355, 46.00947], [-1.39805, 46.01468], [-1.40053, 46.01613], [-1.40334, 46.02405], [-1.40478, 46.02716], [-1.40664, 46.02984], [-1.40812, 46.03349], [-1.40849, 46.03591], [-1.40998, 46.03982], [-1.4113, 46.04131], [-1.4118, 46.04552], [-1.4134, 46.0465], [-1.4124, 46.04789], [-1.40955, 46.04772], [-1.40706, 46.04811], [-1.40267, 46.0466], [-1.3992, 46.04491], [-1.39507, 46.04405], [-1.39034, 46.04204], [-1.38765, 46.0416], [-1.38295, 46.04171], [-1.38149, 46.04112], [-1.37664, 46.0402], [-1.37023, 46.03924], [-1.37098, 46.03796], [-1.37064, 46.03585], [-1.37203, 46.03328], [-1.37208, 46.03215], [-1.36951, 46.02954], [-1.36593, 46.02727], [-1.36254, 46.02598], [-1.35833, 46.02495], [-1.35533, 46.02248], [-1.35451, 46.0208], [-1.35293, 46.01954], [-1.34911, 46.01755], [-1.34606, 46.01648], [-1.34471, 46.01558], [-1.34083, 46.01449], [-1.33611, 46.01352], [-1.3358, 46.01173], [-1.33463, 46.01068], [-1.33203, 46.00965], [-1.33107, 46.00873], [-1.32855, 46.00782], [-1.32721, 46.00502], [-1.32379, 46.00342], [-1.32181, 46.00074], [-1.32227, 45.99902], [-1.32174, 45.99769], [-1.31923, 45.99591], [-1.31515, 45.99389], [-1.30662, 45.9911], [-1.30086, 45.9899], [-1.29349, 45.98878], [-1.28577, 45.98826], [-1.28119, 45.98841], [-1.27285, 45.98935], [-1.26818, 45.99004], [-1.25685, 45.99059], [-1.24675, 45.99023], [-1.24462, 45.9893], [-1.24022, 45.98634], [-1.23755, 45.98391], [-1.23603, 45.98152], [-1.23591, 45.97954], [-1.23761, 45.97498], [-1.23683, 45.97299], [-1.23297, 45.97131], [-1.23391, 45.96876], [-1.23266, 45.9674], [-1.23325, 45.96553], [-1.23491, 45.96539], [-1.23426, 45.96721], [-1.23625, 45.96809], [-1.23665, 45.96511], [-1.23881, 45.96387], [-1.24033, 45.9622], [-1.24208, 45.95746], [-1.24168, 45.95531], [-1.24072, 45.95336], [-1.23897, 45.95125], [-1.23505, 45.94773], [-1.22979, 45.94426], [-1.22631, 45.9413], [-1.22833, 45.94051], [-1.2296, 45.93818], [-1.22952, 45.93616], [-1.2281, 45.93318], [-1.23139, 45.93213], [-1.23356, 45.92968], [-1.23377, 45.92706], [-1.23121, 45.9234], [-1.22889, 45.92244], [-1.22921, 45.92036], [-1.22556, 45.91593], [-1.22358, 45.91311], [-1.22009, 45.91006], [-1.2155, 45.90668], [-1.21149, 45.90471], [-1.2109, 45.90356], [-1.20525, 45.90107], [-1.20181, 45.90073], [-1.20224, 45.89739], [-1.20109, 45.89562], [-1.19658, 45.89162], [-1.19303, 45.88966], [-1.19178, 45.88935], [-1.18884, 45.88669], [-1.18741, 45.8866], [-1.18839, 45.88468], [-1.18839, 45.8826], [-1.19154, 45.88246], [-1.19365, 45.88032], [-1.19385, 45.8773], [-1.19302, 45.87548], [-1.19323, 45.87363], [-1.19428, 45.87202], [-1.19678, 45.87077], [-1.19883, 45.86868], [-1.19997, 45.86617], [-1.19907, 45.86521], [-1.19705, 45.8649], [-1.19608, 45.86395], [-1.19651, 45.86258], [-1.20044, 45.86255], [-1.20362, 45.85889], [-1.20281, 45.85531], [-1.20305, 45.85409], [-1.20457, 45.85359], [-1.20532, 45.85226], [-1.20771, 45.85034], [-1.20621, 45.84616], [-1.2033, 45.84589], [-1.2032, 45.84238], [-1.20199, 45.84066], [-1.20199, 45.83832], [-1.19978, 45.83507], [-1.19713, 45.83191], [-1.19545, 45.82939], [-1.19634, 45.82848], [-1.20207, 45.82683], [-1.20521, 45.82457], [-1.20983, 45.82029], [-1.21197, 45.81869], [-1.21501, 45.81575], [-1.21621, 45.81376], [-1.21862, 45.81238], [-1.22365, 45.81134], [-1.22521, 45.81], [-1.22703, 45.8075], [-1.22902, 45.80637], [-1.22902, 45.80412], [-1.22642, 45.80468], [-1.22626, 45.80369], [-1.22958, 45.80202], [-1.23185, 45.80177], [-1.23642, 45.80454], [-1.23939, 45.80787], [-1.2429, 45.8143], [-1.24566, 45.82136], [-1.24898, 45.83969], [-1.25027, 45.84597]]]]}}, {"type": "Feature", "geometry": {"type": "Polygon", "coordinates": [[[2.2392136309887465, 47.62097830786331], [2.289632282146918, 47.62905507196624], [2.3249512144551785, 47.60757115362496], [2.3424427416844122, 47.60527658931115], [2.3730210260695963, 47.585524572377516], [2.402680868810648, 47.599506360587185], [2.439400020099367, 47.60949994575173], [2.475044546159242, 47.579880080920134], [2.4991330263197966, 47.56751893993049], [2.547268117212732, 47.57517784121953], [2.5729159948690103, 47.560017104315655], [2.596866741027346, 47.5564207348813], [2.616737946714408, 47.54089713523513], [2.612017744333409, 47.52638001278611], [2.6558708896887775, 47.51039583983229], [2.658459112358834, 47.48789924166263], [2.684437897133784, 47.482967548570784], [2.716060360099423, 47.48953015835246], [2.7274074958054517, 47.498891999551546], [2.722269834213415, 47.52137488790703], [2.7671158140580423, 47.52510072819235], [2.7848278000315037, 47.51590818527616], [2.7968724826242704, 47.49670238161028], [2.8253483178196612, 47.49720762944185], [2.8346896177800054, 47.50891434033172], [2.8746252064056805, 47.52042311253978], [2.8884546532335578, 47.5094282811585], [2.9026727758043678, 47.4787904760825], [2.931175112801269, 47.441669509538606], [2.9194707204649397, 47.407274676600125], [2.8734906167112504, 47.34839595881793], [2.8767969741076427, 47.321752773704915], [2.9077684884182546, 47.31098769398195], [2.9378686076548557, 47.287718487007425], [2.9834041014118906, 47.25976318037284], [2.9816846477683376, 47.22199695723395], [3.0092825607816684, 47.17991916254789], [3.0280852399597813, 47.129067685143], [3.0313750673889857, 47.09247842625923], [3.0232152406674615, 47.06261687352466], [3.0627479524794685, 47.04527994600743], [3.0757508386893258, 47.019144570799824], [3.0628630913516144, 46.98581276267424], [3.0793297925031697, 46.955118753700084], [3.0502941730720203, 46.9106303658982], [3.0680947893123323, 46.877676731330354], [3.069533804251037, 46.85306859289044], [3.059347134977098, 46.82726033600817], [3.0320681893946824, 46.794911188525944], [2.9599146908207157, 46.8038765767733], [2.9081337416117115, 46.78790090388258], [2.9097996708207035, 46.77934846021115], [2.827616388160227, 46.73528787880108], [2.791229376607484, 46.73345369143159], [2.758717331696372, 46.71770479874165], [2.737293702840373, 46.74315745422507], [2.7144961054529793, 46.74448968334189], [2.701686181879871, 46.72775447664072], [2.647884573027338, 46.688911012473135], [2.623913816878901, 46.656626585968894], [2.5977652900203827, 46.66465075679083], [2.5721840644866165, 46.65944372206644], [2.5966478252098466, 46.637219569816494], [2.577951915975513, 46.60379087601659], [2.6011237640888596, 46.590178123200815], [2.6098613959683155, 46.55013821923558], [2.536652020779054, 46.51969984591659], [2.5286102816734966, 46.52948202499876], [2.4991214173027565, 46.52128856511456], [2.482928804775826, 46.532697444644036], [2.4454932330861086, 46.520050656829746], [2.368300280591156, 46.518434763382956], [2.3520035556502914, 46.512211347274814], [2.3054653620681904, 46.47543251470377], [2.2857578150118907, 46.45351915029325], [2.2810476101300576, 46.42040537318101], [2.2498713444180876, 46.426364231750945], [2.2138451955651943, 46.423141210473545], [2.1975702533853765, 46.42829596011364], [2.1677857181383846, 46.42406650081809], [2.154348029342259, 46.43408051549606], [2.1565419224007676, 46.46152623851912], [2.193160461276067, 46.47025540007179], [2.2043972607989812, 46.48439997524806], [2.1810826759773936, 46.52903506403956], [2.158700190947214, 46.557346281682186], [2.1732125948301104, 46.56618677203497], [2.1671454437331246, 46.588979151612705], [2.187486147291389, 46.61672498199302], [2.1894467123408132, 46.64214127258008], [2.138670574914567, 46.66743461292721], [2.1554479927780568, 46.69216020128774], [2.111303456191762, 46.71160114289773], [2.065751312591214, 46.742494802064904], [2.0929846391107216, 46.75496838536534], [2.116649522348319, 46.779717208437596], [2.1032165162358063, 46.79543413838327], [2.072503508712849, 46.808814332303335], [2.048810332345124, 46.82944826814363], [2.0782472483795438, 46.83892644966574], [2.106948767251103, 46.87213575040175], [2.1390397070573326, 46.888569836472456], [2.154834385411464, 46.91162948370054], [2.1460169903433157, 46.91750721360478], [2.109999619994995, 46.91338987501182], [2.0706986163554206, 46.93399643786306], [2.0702028641356307, 46.95442291025531], [2.1088559092730397, 46.99719111950124], [2.0933838995940373, 47.01573583572996], [2.0297138722809316, 47.04747052812152], [2.05567516887427, 47.07168995789588], [2.0483747223375235, 47.10602450452247], [2.024534600265164, 47.104448294258844], [1.9966600854821617, 47.12699833408193], [1.9664139793909294, 47.12541751372791], [1.9184124209566409, 47.10482799182933], [1.882721849834433, 47.1019495456428], [1.8488587784887625, 47.10936986097168], [1.8226530300255424, 47.122071863013495], [1.793670861418607, 47.12090886272082], [1.7776202085696244, 47.13240064713366], [1.8100544192382355, 47.15615809030652], [1.8234729723307537, 47.173942852701636], [1.8422371270362656, 47.17758044921177], [1.8390792420529518, 47.219308157716554], [1.8554824505856486, 47.22040769184943], [1.8730051860601082, 47.20531826355262], [1.9038108872203174, 47.21524765964095], [1.9165941784807092, 47.23598592691221], [1.8947687643612021, 47.25466020007403], [1.9214647164538976, 47.26271748785687], [1.940816059215001, 47.29013078285961], [1.998492852908483, 47.264047399335425], [2.03110991609486, 47.269807386211056], [2.0772893478221053, 47.285804260444245], [2.111689632581936, 47.279437465410155], [2.1389909561599825, 47.28548622024678], [2.1515587241969385, 47.310723959822234], [2.128211459230398, 47.331734733954534], [2.103653119991459, 47.39321656330969], [2.1170302440572, 47.41010870128665], [2.1428436560395734, 47.40889739927532], [2.1886360612239333, 47.43774542166242], [2.2052259819019713, 47.40525327924356], [2.24369191507804, 47.414818238040475], [2.2478944881999485, 47.44140228778668], [2.2369731533510286, 47.4712635208768], [2.247745015297621, 47.491732324776784], [2.2178746796449196, 47.495343490555165], [2.2152905780056495, 47.52210707630713], [2.1956362774138967, 47.54857375639977], [2.131269305993213, 47.550272515078134], [2.1195753203342678, 47.58295161292573], [2.1537378905390843, 47.60082068488091], [2.1979481169523365, 47.607172865315], [2.2392136309887465, 47.62097830786331]]]}, "properties": {"code": "18", "nom": "Cher"}}, {"type": "Feature", "geometry": {"type": "Polygon", "coordinates": [[[1.898730779182943, 45.69827755120411], [1.915517948219608, 45.71125548778204], [1.9417142236595262, 45.711351415159655], [1.9565786180296985, 45.7247553300422], [1.988528308650944, 45.72135422054224], [2.0015199455968986, 45.7487930104446], [2.0356658672821046, 45.75505181598863], [2.0839036779216125, 45.7460341651736], [2.1135454727593443, 45.72477506502512], [2.1338092129271105, 45.735432891151106], [2.1609119774740395, 45.73583595403904], [2.182986086625649, 45.72061691902859], [2.202325950043259, 45.71857614165799], [2.1939584682323856, 45.69904710388085], [2.271074402972525, 45.69164773075567], [2.2733519532781403, 45.664007418292094], [2.3059428488736584, 45.674659005456235], [2.3209438982497623, 45.668590909995366], [2.3401720745484034, 45.682564129551814], [2.351695193492091, 45.71006973438515], [2.410248662063398, 45.709634900959585], [2.4358558482207813, 45.69927506144423], [2.4921255582417543, 45.73767009540705], [2.5210064489111423, 45.70681016156742], [2.526510829142244, 45.68539249032416], [2.5125929116065997, 45.6697634761611], [2.5249409687054394, 45.65723626708714], [2.517544011548676, 45.639591069896426], [2.483386743242332, 45.639304413699904], [2.4784319627002147, 45.60790817567205], [2.4639202998517407, 45.594746716951256], [2.490928563504916, 45.5603922863538], [2.516332317304299, 45.55342661392312], [2.516808004227086, 45.52382961392976], [2.508408697113082, 45.47849879874483], [2.5067704454060635, 45.46406590539498], [2.487538059249189, 45.41816337489308], [2.525650073736618, 45.394585673379005], [2.5233092448704975, 45.384373430857245], [2.485765402150312, 45.37894867689509], [2.4463304633628185, 45.38326310881528], [2.422673701160617, 45.397227168836935], [2.3982932489236073, 45.40016956610219], [2.378246243484016, 45.414305790766434], [2.354551202894122, 45.40140299938709], [2.3693560338624287, 45.38650326050192], [2.3647879506791765, 45.35792327432974], [2.3513449070267884, 45.348607328275094], [2.350492100523935, 45.32756729305109], [2.3177410847351756, 45.32296013589262], [2.287418644336649, 45.28656307930596], [2.268987098125343, 45.2893886939803], [2.2585645529210967, 45.270221039449574], [2.2387798021685046, 45.260353986844294], [2.204634111796817, 45.22819449662118], [2.1901243496543654, 45.20505624696943], [2.207977370989871, 45.1587474845356], [2.207633764509611, 45.14349133970101], [2.18170890180253, 45.13265183027654], [2.1880924247036915, 45.117940072442366], [2.1717556853734434, 45.08149587397562], [2.140183835372406, 45.08652439641992], [2.09515947189117, 45.056029885039536], [2.116811790903016, 45.02111348728891], [2.140647790386873, 45.005857628345254], [2.1329789677394575, 44.98552052019744], [2.0938020877139607, 44.98529837433936], [2.0629142919730623, 44.9765064055156], [2.045437777493513, 44.98366934976922], [1.9816624813968071, 44.97286584256669], [1.9407191588474306, 44.95514088145865], [1.9390707704475676, 44.9732241453493], [1.9081561620078975, 44.97842677184467], [1.8862717368855733, 44.95606762209103], [1.8311741137699509, 44.945489022453565], [1.8239145263410468, 44.92768244845694], [1.787069584525844, 44.93223900793819], [1.7746083879446204, 44.92353891590074], [1.753916747572787, 44.94094903140229], [1.7506251087427585, 44.95495947953577], [1.711027619735059, 44.967294403504056], [1.7026624491356241, 44.98782737758246], [1.671411146688222, 45.00429795565169], [1.6509837683346409, 45.02501608647879], [1.6260183242774706, 45.03386004522471], [1.5763138744588663, 45.04070102069764], [1.5520395032539256, 45.028473972211486], [1.540647783113957, 45.04603881243799], [1.4837421057409195, 45.03086980932878], [1.4763205638048942, 45.01844899314434], [1.4482615439322117, 45.01931315867405], [1.3998064471929033, 45.06159332248495], [1.4063598793620342, 45.069297115006954], [1.3864424774272137, 45.102881378523996], [1.4094740420968277, 45.11264145564816], [1.4128982767653495, 45.12508229172991], [1.3852045692932187, 45.13561794853778], [1.3521193591746319, 45.13399031293482], [1.3173936647057205, 45.1421087376802], [1.2899337103990007, 45.14204241946589], [1.2547674981005628, 45.15931225123928], [1.2853426192045976, 45.17595247253618], [1.292124890237363, 45.18651272307218], [1.2741303261002948, 45.200069727068225], [1.2322937564526977, 45.197704072069364], [1.2336078544796087, 45.2221954421389], [1.2745146719905638, 45.23791148068256], [1.2744827002548649, 45.257076684850865], [1.2545821687088141, 45.254867349405984], [1.2271194403372112, 45.271979970998935], [1.2415605436420754, 45.30063281308439], [1.235803372736093, 45.3220410364473], [1.2726101443911217, 45.32822630817563], [1.2891042257150067, 45.35407630580714], [1.3157869427441322, 45.360911470391635], [1.32391737940144, 45.37898344779817], [1.2959441431554541, 45.39478234683706], [1.2797966098842408, 45.38451121421732], [1.2596039598397974, 45.39834890279047], [1.2886523745642784, 45.426113502905665], [1.2531518386328937, 45.44421907802482], [1.2645252348468465, 45.45409594836666], [1.27034342793137, 45.4776755159118], [1.3103931233740413, 45.483041180557144], [1.3511118587508797, 45.470001773336946], [1.37157178520687, 45.49211445485024], [1.3896000810911788, 45.4961572819304], [1.4120586564349766, 45.52809003445668], [1.450268846192153, 45.530397969675526], [1.4551417227717747, 45.55328740957993], [1.4806927011525084, 45.565857439236126], [1.506276371554196, 45.55097960357961], [1.5220914137932038, 45.56409475254406], [1.5571958047036878, 45.54936632471629], [1.584891438656278, 45.556076867663364], [1.5938310699115545, 45.5771464332939], [1.624885337381578, 45.57793581971724], [1.6581804847733144, 45.595323545490324], [1.660196676810575, 45.60797409516256], [1.7047914479153132, 45.63738765111646], [1.748060654562327, 45.64570341986574], [1.7763991218328075, 45.65846116946758], [1.7858344815104692, 45.68266308806586], [1.8264346802695488, 45.66513576315906], [1.8751322671973147, 45.664894260838736], [1.8799625935579851, 45.678180842698936], [1.904291004939969, 45.67774470255675], [1.898730779182943, 45.69827755120411]]]}, "properties": {"code": "19", "nom": "Corr\u00e8ze"}}, {"type": "Feature", "geometry": {"type": "MultiPolygon", "coordinates": [[[[4.1819015999311935, 47.15050500507014], [4.187112897689929, 47.133641259369064], [4.171903802407782, 47.11744504627446], [4.153771215900621, 47.11455697541982], [4.1159670699158095, 47.12333757652634], [4.115067396116834, 47.14616206884513], [4.137377150535575, 47.14271256994814], [4.1819015999311935, 47.15050500507014]]], [[[4.2934241069450065, 47.92567623483797], [4.3090036167800365, 47.96117328277752], [4.351286047683726, 47.95658154025503], [4.414346270874161, 47.968206710901], [4.448998378066956, 47.957154747571174], [4.4932784015747025, 47.96880579277352], [4.518171359735413, 47.96658777645795], [4.5599688756782095, 47.97142319625819], [4.535820168596839, 48.001210026464854], [4.582678644289108, 48.02946360186476], [4.6168068514656495, 48.031366971594], [4.67322963618766, 48.015051709502096], [4.704238250439468, 48.0202323762063], [4.719943437560306, 48.00889645519276], [4.749300809603172, 48.00425102648959], [4.789083695644797, 48.00782938255744], [4.794634345104126, 47.983197869158744], [4.785061370779013, 47.968869095555945], [4.811007449975246, 47.95932655708529], [4.845182055142008, 47.96125251907535], [4.866096820746109, 47.94050603305215], [4.828942462053263, 47.915128709594974], [4.857004574909452, 47.895855881593434], [4.87629817749016, 47.92022401352716], [4.901848449197037, 47.921289405231384], [4.928173323343671, 47.886876403893034], [4.9282302679425625, 47.871121167237085], [4.9540942495981195, 47.8667681480835], [4.9683502146365655, 47.83194135820226], [4.993918239441858, 47.81957144123197], [4.987227991995704, 47.8032996343454], [4.918299821120011, 47.7773135776728], [4.930742567556667, 47.76133580408352], [4.949610301299183, 47.765002530384045], [4.971770458339338, 47.73022100712152], [4.953807643894032, 47.70691553121908], [4.959844644041361, 47.69697375959394], [4.992275225837213, 47.688313503769756], [5.030001604156784, 47.70940841478221], [5.0435872776506425, 47.676515292793226], [5.084909015051583, 47.65725535909673], [5.1282137463189255, 47.64769555171287], [5.178340930532218, 47.680951862214265], [5.173597037303847, 47.65256871236608], [5.211414189836741, 47.64189107719557], [5.239232274239111, 47.61613009897604], [5.238668295142944, 47.597284983235], [5.252920215668424, 47.57694786282474], [5.299837418963084, 47.60492946802028], [5.340003771124325, 47.609065915523516], [5.354893869684326, 47.59131447740441], [5.374078595885573, 47.60454165278582], [5.39980448309253, 47.597153502136244], [5.425594945399527, 47.63207432012174], [5.477547427463133, 47.60872207289565], [5.497062180458679, 47.55418172115122], [5.486403857432212, 47.526968551040035], [5.471680911081918, 47.527461847421854], [5.447063511552309, 47.496253655345264], [5.399215772340755, 47.49901418953457], [5.376587470082713, 47.46467984209965], [5.406499562267299, 47.4618228232386], [5.432338107070534, 47.438347264883], [5.451397515008267, 47.38406251344994], [5.477377417366495, 47.39529212690571], [5.496952532848246, 47.390117858136], [5.487995511763959, 47.36201125941915], [5.4927946655161906, 47.33207816699496], [5.4722397259852755, 47.31697205065742], [5.518538729512594, 47.30418661945213], [5.504737607495882, 47.28566080102212], [5.488282961724511, 47.28934747031664], [5.485950818628809, 47.25097372798523], [5.474016456865987, 47.23108930134431], [5.48000850446928, 47.21736948822585], [5.447990684518002, 47.19618128392872], [5.459209017913762, 47.18344166980506], [5.439973300314684, 47.1443971913906], [5.408710637565267, 47.12607417258199], [5.410655482578915, 47.11409007735421], [5.386025055163915, 47.08197683820708], [5.322186205925132, 47.07298220144242], [5.2839203158010815, 47.04791289990898], [5.275326877554134, 47.02693403703708], [5.310049747453535, 47.018020896757406], [5.302902725063236, 47.002995600434], [5.278877381251384, 46.99902304373498], [5.255236339191406, 46.97988809464049], [5.222006075229213, 46.988855497295], [5.181859259011498, 46.97482345386571], [5.166234471151257, 46.963868398378764], [5.1243390082418205, 46.963720125840524], [5.100252102348397, 46.95598327083581], [5.0762583071667144, 46.95939003098176], [5.049303736126251, 46.98158693341567], [5.0034065361874065, 46.972143943970465], [4.994466553308194, 46.959149599506034], [4.927494382962588, 46.96753853170502], [4.896071329118784, 46.96624020620316], [4.893911988532932, 46.951172459049864], [4.7884658140953436, 46.931872716902944], [4.780547505930617, 46.91818028344327], [4.728129651701318, 46.91937462593793], [4.715721115401545, 46.90691597166802], [4.685479824630714, 46.90086027628975], [4.66452477880559, 46.914160146408875], [4.6790861065904545, 46.93024007090235], [4.650119701990474, 46.94126696425738], [4.623230215613321, 46.94082023678555], [4.589560484494725, 46.9557070191566], [4.573661325177989, 46.97338633863404], [4.554809047275526, 47.02005452316086], [4.5067016541013825, 47.01322725598124], [4.488156368101142, 47.032053991768684], [4.453754603542757, 47.04180317977088], [4.42831764695131, 47.03978832160757], [4.406283415170733, 47.049999892555], [4.401611638839053, 47.08266237195949], [4.344250468382807, 47.07243028540817], [4.349384584855175, 47.09695260404792], [4.2732057577392935, 47.10846860042988], [4.254511023751104, 47.117244891665926], [4.235126114423698, 47.14567232864916], [4.209834279044644, 47.15541168354448], [4.21254075976185, 47.18181888845327], [4.230668433773607, 47.19895113888856], [4.218051703421399, 47.22051351486304], [4.178052482394732, 47.25029686466267], [4.135479914723283, 47.23739632412277], [4.115801786333514, 47.27973253282323], [4.114111422721765, 47.30795616873572], [4.130399481098536, 47.32021421171321], [4.1249016818373665, 47.33586115686488], [4.106085850126875, 47.339255985490894], [4.076218510845687, 47.383480194423754], [4.088307134357006, 47.39652090232598], [4.066060118363545, 47.407251287195685], [4.119426533664949, 47.443553393311014], [4.129760578477719, 47.47483692093974], [4.112403898450227, 47.5034970330936], [4.138136112599596, 47.52153256449299], [4.156528733449272, 47.55161760512027], [4.17512808182493, 47.553259163212694], [4.197168115097694, 47.59802850906373], [4.214168417613283, 47.602912165808426], [4.212381292101606, 47.62796570432303], [4.249113979601859, 47.65949100902422], [4.225637843042874, 47.67116302241697], [4.258324006422516, 47.68389555308575], [4.267304312456938, 47.70164928916197], [4.2526277781965405, 47.716066198902226], [4.260502367415732, 47.74220354600016], [4.289656740825392, 47.73317231931354], [4.332471702607339, 47.756511310391986], [4.327231405103721, 47.78566401630385], [4.340296871154208, 47.79956664297927], [4.320330919498607, 47.81169317443553], [4.319285858378513, 47.83743970579336], [4.300805981058354, 47.84877161085865], [4.2610008241447535, 47.84385063866699], [4.262193864556681, 47.88395527973197], [4.277339137948259, 47.89945297805272], [4.311152699462278, 47.903922726683135], [4.2934241069450065, 47.92567623483797]]]]}, "properties": {"code": "21", "nom": "C\u00f4te-d'Or"}}, {"type": "Feature", "geometry": {"type": "Polygon", "coordinates": [[[-3.6591438196705743, 48.659209780669244], [-3.636485708364634, 48.67068553367222], [-3.5812485466634136, 48.67001788504223], [-3.5848109666117063, 48.71714328760577], [-3.5553712374292132, 48.727513465979534], [-3.550313063112974, 48.748161651547555], [-3.583914958484379, 48.770957492800314], [-3.57794290588313, 48.788317654113186], [-3.535033949747009, 48.80271604156535], [-3.5408959300937988, 48.823160071945985], [-3.5231064424378755, 48.82984632644791], [-3.467838623077333, 48.823298521249114], [-3.4301953417140556, 48.79725199605727], [-3.3975446062757473, 48.80074944363836], [-3.382428393678025, 48.81593302680193], [-3.3570114279950727, 48.81969907013649], [-3.323351109794353, 48.8372857508137], [-3.2620728843625333, 48.83540082059945], [-3.2457616227016315, 48.85707703727301], [-3.2197192609615692, 48.86646505727847], [-3.2028204869337964, 48.83450712281955], [-3.1679438416382495, 48.85314717376183], [-3.1247589566102234, 48.864723936263395], [-3.094421852953979, 48.86764668461141], [-3.0834891305254475, 48.827262011215225], [-3.0537161489037152, 48.8152457771198], [-3.013633951697306, 48.82213396052265], [-3.006141529447617, 48.8002958368664], [-3.0454089632329833, 48.78782195169868], [-3.0109390309556923, 48.76663541659801], [-2.950301280923285, 48.76363410458018], [-2.9289747965586783, 48.753783159339335], [-2.9451008416298974, 48.72080660138098], [-2.925263771726924, 48.707706235287056], [-2.8902558845725252, 48.69783483539522], [-2.8807700984538154, 48.67423957383046], [-2.8565017877713177, 48.67400220577111], [-2.82693502135218, 48.65056933154873], [-2.815798289739638, 48.60972420668523], [-2.819598830141578, 48.59352827457419], [-2.7797389357262325, 48.5851014526199], [-2.772680617047176, 48.57054449754173], [-2.7202164699056217, 48.55545942233219], [-2.720977837428319, 48.53284752618768], [-2.698438421518125, 48.50568354123005], [-2.6756732508454437, 48.510662191084755], [-2.681558937117988, 48.53113342751236], [-2.6302852526774863, 48.52609134516814], [-2.6312676669697814, 48.53812967265482], [-2.60556004275335, 48.55182776019479], [-2.559733538085472, 48.58639210176802], [-2.4952155554349047, 48.608924120470554], [-2.4728755698685654, 48.62308300588095], [-2.468004297270983, 48.64958127336475], [-2.4356309681917874, 48.65218264157844], [-2.4121662285976435, 48.64149535614902], [-2.3609466388725773, 48.65556175834698], [-2.3145391685823196, 48.67409586438523], [-2.294173242748991, 48.659975373377236], [-2.3134177483953855, 48.63324397584119], [-2.3374720527788573, 48.61972552862038], [-2.311900696016676, 48.61149441654407], [-2.299891144928281, 48.624056828499725], [-2.263502079970802, 48.64364865321494], [-2.205399315491741, 48.57889213970631], [-2.1755905479570017, 48.576407987143455], [-2.1572330600099674, 48.58835712746883], [-2.165799240930372, 48.60423827586908], [-2.1237080247752895, 48.6044100285603], [-2.1233140883470694, 48.58901274793282], [-2.0924894843076234, 48.572462492473], [-2.044804968300762, 48.56420276394202], [-2.0462129661682633, 48.54401486364402], [-2.006894935706843, 48.56611290198358], [-1.972343842323779, 48.534637865266006], [-1.9480369010443914, 48.53880790488251], [-1.9251126755890333, 48.54530394613221], [-1.9110132247187712, 48.51741534739239], [-1.9268720731463556, 48.47686450947533], [-1.923895933613775, 48.460907740617046], [-1.9486347678108729, 48.446456041738884], [-1.9519092329646253, 48.42918354147581], [-1.9367895889503266, 48.420070240063225], [-1.9384653904593245, 48.391389339464936], [-1.947720243456438, 48.36894464609711], [-1.9290791323813683, 48.34704210576775], [-1.9668973217216907, 48.3428189820063], [-1.9548327221541828, 48.317109845291775], [-1.998266241844134, 48.296980554393514], [-2.014100529199395, 48.27953190980406], [-2.0532925486538485, 48.29832786130155], [-2.0762583662242795, 48.28371148397488], [-2.110118931164646, 48.2529034820783], [-2.126853803195948, 48.25976994927449], [-2.162901712976404, 48.25626974900393], [-2.1869612472272957, 48.24637857003084], [-2.1843775145100226, 48.213137604790425], [-2.219796763889133, 48.20213436033515], [-2.2247373292770836, 48.17059701877417], [-2.248230377893739, 48.15279776234215], [-2.2832479885362944, 48.14529870453187], [-2.287278430400511, 48.133745563458476], [-2.307724031505891, 48.136767145944454], [-2.321067331808052, 48.123313308346624], [-2.371983930719517, 48.12276022571531], [-2.375704866327887, 48.141440597184854], [-2.399892263143436, 48.154593831126384], [-2.4070872062503708, 48.167846923022466], [-2.4492428069717214, 48.17301268121088], [-2.457460857137994, 48.163558679343076], [-2.488996903351025, 48.15527484508064], [-2.5336627078715, 48.156856696914886], [-2.516390296656647, 48.12795387925489], [-2.5493015028073205, 48.09906568300373], [-2.5484346321898643, 48.07671678652329], [-2.5808040837522404, 48.06711154950066], [-2.628212989216798, 48.03379948794944], [-2.6708865594355458, 48.0502796096436], [-2.6733315926174024, 48.06327971694363], [-2.6561723624005746, 48.08428809143894], [-2.6531526316222527, 48.118092931008704], [-2.6683740921478765, 48.1327428357553], [-2.702496597157526, 48.11801355272737], [-2.7579911570321793, 48.11080992160437], [-2.781951132488677, 48.12057973083874], [-2.809828548228586, 48.146257335704156], [-2.850803362250115, 48.14117007726401], [-2.902695082695001, 48.162745095709155], [-2.939688841727517, 48.17157869268649], [-2.987721150165838, 48.15963608311985], [-3.011766723688266, 48.172146259772674], [-3.0139527993300925, 48.18705096969819], [-3.0406075793447904, 48.20331232171781], [-3.1303749671924512, 48.19836233856125], [-3.13949669814907, 48.16369070727257], [-3.1552540693335707, 48.15849094352833], [-3.197060119674698, 48.16274313777778], [-3.2153961448986896, 48.148219713915], [-3.252339548077637, 48.14912522090896], [-3.272244339627829, 48.14001476484374], [-3.299596147833247, 48.15481185209133], [-3.3161758750965893, 48.1545827022414], [-3.344702681056185, 48.16988498065198], [-3.375090054291556, 48.16304435591315], [-3.412343177084257, 48.14703755651635], [-3.4365241396101114, 48.15548652160798], [-3.421483221253355, 48.171908070532616], [-3.479531508235686, 48.18604551951424], [-3.5226593775760193, 48.17866367131642], [-3.564838973733329, 48.18574694305737], [-3.538217936786089, 48.20645883664802], [-3.5577832202588646, 48.22853101061742], [-3.553237531594755, 48.241947687032244], [-3.5259985674913756, 48.26077449475174], [-3.518062717927428, 48.281842614354964], [-3.540871846305997, 48.29905273798831], [-3.556786825742612, 48.335519987867116], [-3.5545842830629764, 48.37776678483146], [-3.605518820600736, 48.38654294008208], [-3.6005386081976343, 48.42162432587916], [-3.563244712868301, 48.43986658912548], [-3.5813817787905893, 48.46480510230907], [-3.5989459676290556, 48.47050839949987], [-3.6045363791794003, 48.49579010573053], [-3.5820087289476406, 48.50685582272], [-3.55387113158307, 48.53037692213068], [-3.5699848146891386, 48.55609659253676], [-3.5933075055755452, 48.55460449049691], [-3.5900947382947392, 48.58273907967781], [-3.6411048139943123, 48.596795685658186], [-3.6542763238260356, 48.61697438924653], [-3.6591438196705743, 48.659209780669244]]]}, "properties": {"code": "22", "nom": "C\u00f4tes-d'Armor"}}, {"type": "Feature", "geometry": {"type": "Polygon", "coordinates": [[[2.1677857181383846, 46.42406650081809], [2.1975702533853765, 46.42829596011364], [2.2138451955651943, 46.423141210473545], [2.2498713444180876, 46.426364231750945], [2.2810476101300576, 46.42040537318101], [2.2847885229424363, 46.38630891270082], [2.3233435644763096, 46.36652595580878], [2.302749949603141, 46.35441622497473], [2.3230243720211274, 46.32927925675375], [2.3549021067976903, 46.32568201768989], [2.3704814292505856, 46.312630811170784], [2.3918607677139923, 46.329982476677515], [2.4204617595913738, 46.310131437621955], [2.421342247531783, 46.28462476459887], [2.443031552582666, 46.294998578986906], [2.4807602356876792, 46.28101200577568], [2.47709210519503, 46.26936080025225], [2.4917957849327936, 46.24786046438832], [2.5158528050357227, 46.23696126598014], [2.5280462333006355, 46.186332427553644], [2.55979833292496, 46.1733665543973], [2.5653790586982073, 46.143032182829025], [2.5505225579409916, 46.11895797457819], [2.5521924042632187, 46.08251218540567], [2.57170126140345, 46.04837735959016], [2.6025111446423104, 46.033460147639815], [2.5944189201416936, 45.98944187163358], [2.61078659720824, 45.971228075938264], [2.5696347302085196, 45.95881426721691], [2.55163679096888, 45.94126557576326], [2.5279244706403525, 45.8992324603817], [2.4922254101808226, 45.86402992467918], [2.4706202631864147, 45.87233257398153], [2.4265480371985815, 45.83477320365116], [2.4013447212803922, 45.83757813269279], [2.3880204308712214, 45.82737590512424], [2.427406116463833, 45.79428142437904], [2.435460687234864, 45.76697343160803], [2.454731087219177, 45.76088170513876], [2.4921255582417543, 45.73767009540705], [2.4358558482207813, 45.69927506144423], [2.410248662063398, 45.709634900959585], [2.351695193492091, 45.71006973438515], [2.3401720745484034, 45.682564129551814], [2.3209438982497623, 45.668590909995366], [2.3059428488736584, 45.674659005456235], [2.2733519532781403, 45.664007418292094], [2.271074402972525, 45.69164773075567], [2.1939584682323856, 45.69904710388085], [2.202325950043259, 45.71857614165799], [2.182986086625649, 45.72061691902859], [2.1609119774740395, 45.73583595403904], [2.1338092129271105, 45.735432891151106], [2.1135454727593443, 45.72477506502512], [2.0839036779216125, 45.7460341651736], [2.0356658672821046, 45.75505181598863], [2.0015199455968986, 45.7487930104446], [1.988528308650944, 45.72135422054224], [1.9565786180296985, 45.7247553300422], [1.9417142236595262, 45.711351415159655], [1.915517948219608, 45.71125548778204], [1.898730779182943, 45.69827755120411], [1.880957399347195, 45.71285387339609], [1.875140102478583, 45.7327797889896], [1.8941319437754782, 45.7592554835555], [1.8808988285366512, 45.797714818456456], [1.8464472547509174, 45.809940191138686], [1.8284337256367398, 45.80980874385992], [1.7891620911385413, 45.83007210551306], [1.7558371847814345, 45.855656306428116], [1.7148786249110421, 45.8400586312482], [1.69036360011077, 45.84361369992126], [1.6766374034760068, 45.83511402023573], [1.6023984681707661, 45.85746515857901], [1.6023488376186423, 45.89096810343807], [1.635996388309483, 45.88844297865446], [1.6397206723679907, 45.89953853071148], [1.6150681481078124, 45.93195022666644], [1.5791744495987925, 45.93040642363652], [1.5782614117742197, 45.91727264832772], [1.5472651107258997, 45.91683379316217], [1.5299613213195493, 45.93182220228596], [1.5325001755915217, 45.95280423814569], [1.5661484901291225, 45.96325060326457], [1.5764733332307777, 45.98099739362502], [1.5648266887508957, 45.99711597960844], [1.5385468041090549, 45.99742846047048], [1.5363833974668037, 46.02629327721946], [1.5491757848158925, 46.03541014153877], [1.5317830893571065, 46.05816171452662], [1.5429508225169888, 46.0765888129599], [1.5048991958425688, 46.08815343941205], [1.4919762107249506, 46.11473183426131], [1.5052016882428472, 46.127461799559406], [1.467878491573528, 46.151750416293105], [1.4552353294299893, 46.18103071472153], [1.415268536568449, 46.177157045823584], [1.3749003074212893, 46.2154511009523], [1.394145356288105, 46.238349230413554], [1.4168521672178434, 46.24087405708507], [1.4036544413446612, 46.25990982797783], [1.4265688116168553, 46.298921049134], [1.4437697350516507, 46.30589420737529], [1.4151905101137505, 46.34721849587296], [1.4353808001913293, 46.363844088424806], [1.462936752493747, 46.375350693466984], [1.5223068332769556, 46.42652499450049], [1.543962708576285, 46.416887448744504], [1.5462010463391824, 46.39346394164149], [1.5696928311710425, 46.4054957864533], [1.6143011395442397, 46.405298584782024], [1.6448464161558112, 46.38681584908517], [1.6836025202595086, 46.41817777856285], [1.710900805328006, 46.39205717074327], [1.7277004157566196, 46.38940888777561], [1.7601258090399783, 46.42758992898391], [1.747590198721343, 46.45002145600438], [1.7983765894227512, 46.45481762095847], [1.8195004176655625, 46.430038338950894], [1.883436954441824, 46.43255455176469], [1.909176472236739, 46.44350179050311], [1.9243082864873586, 46.431902226728816], [1.978108199916569, 46.439771706882276], [1.9930823669027022, 46.43091738935582], [2.044395406151348, 46.42134446075375], [2.074201476301987, 46.41984302086565], [2.088941803334241, 46.40890318674806], [2.129684686571857, 46.41986520092511], [2.1677857181383846, 46.42406650081809]]]}, "properties": {"code": "23", "nom": "Creuse"}}, {"type": "Feature", "geometry": {"type": "Polygon", "coordinates": [[[0.6297424639524398, 45.71456998977268], [0.6542322548355602, 45.68870460553755], [0.7021017463764117, 45.68712391220238], [0.7164967555921232, 45.69492986065276], [0.742191639150923, 45.690583187900515], [0.7636991223155143, 45.66825689490875], [0.7758431349260253, 45.6675695723418], [0.7630383629892018, 45.62833642730259], [0.751529712610917, 45.618323854020026], [0.7803710896124326, 45.591186976030635], [0.8035615373389846, 45.59623658602799], [0.8115003322647284, 45.575870643461926], [0.8425878139261963, 45.58227280988904], [0.8593270163801664, 45.61255366991051], [0.8748028110501537, 45.62135072197518], [0.8981892208012014, 45.59978358036884], [0.9470174998837003, 45.61359375507784], [0.9863932565151387, 45.604487080117515], [1.0232467983202298, 45.60995990299867], [1.0358490435954522, 45.600209290253126], [1.0354291459916498, 45.573323428579684], [1.0475013530672403, 45.55793278314188], [1.0746444865790412, 45.54577271138723], [1.080359033146871, 45.533998770505264], [1.1103236008119233, 45.54491026026193], [1.137684533027224, 45.53977362177215], [1.1672867970396268, 45.52482220464761], [1.1359472599446487, 45.50640914164488], [1.1197844789851377, 45.48778292627877], [1.1358342826377092, 45.47086498923646], [1.1641763230169675, 45.47552956976588], [1.1865884187192175, 45.45529497029879], [1.209501347214524, 45.463084747625864], [1.2531518386328937, 45.44421907802482], [1.2886523745642784, 45.426113502905665], [1.2596039598397974, 45.39834890279047], [1.2797966098842408, 45.38451121421732], [1.2959441431554541, 45.39478234683706], [1.32391737940144, 45.37898344779817], [1.3157869427441322, 45.360911470391635], [1.2891042257150067, 45.35407630580714], [1.2726101443911217, 45.32822630817563], [1.235803372736093, 45.3220410364473], [1.2415605436420754, 45.30063281308439], [1.2271194403372112, 45.271979970998935], [1.2545821687088141, 45.254867349405984], [1.2744827002548649, 45.257076684850865], [1.2745146719905638, 45.23791148068256], [1.2336078544796087, 45.2221954421389], [1.2322937564526977, 45.197704072069364], [1.2741303261002948, 45.200069727068225], [1.292124890237363, 45.18651272307218], [1.2853426192045976, 45.17595247253618], [1.2547674981005628, 45.15931225123928], [1.2899337103990007, 45.14204241946589], [1.3173936647057205, 45.1421087376802], [1.3521193591746319, 45.13399031293482], [1.3852045692932187, 45.13561794853778], [1.4128982767653495, 45.12508229172991], [1.4094740420968277, 45.11264145564816], [1.3864424774272137, 45.102881378523996], [1.4063598793620342, 45.069297115006954], [1.3998064471929033, 45.06159332248495], [1.4482615439322117, 45.01931315867405], [1.40926521871603, 45.00600178685703], [1.4335895146429747, 44.93830164881089], [1.4106099419064448, 44.90896015297044], [1.4398566373102875, 44.8889508179699], [1.4397519128973866, 44.87494627874561], [1.4048386704545461, 44.86234716877302], [1.4019390596723829, 44.849446039670674], [1.3614038259537624, 44.84079526684299], [1.3641029713426986, 44.81156818641523], [1.3281098679785208, 44.80652884504556], [1.2996352435270742, 44.79691953728407], [1.296243021698294, 44.7778123630601], [1.322817940494351, 44.76513318662047], [1.3160508396721997, 44.74037462834149], [1.2794274292251306, 44.715831247801496], [1.248270791913345, 44.70770636912258], [1.22455005545425, 44.6842663489296], [1.1688078503397572, 44.680017048529535], [1.1466718447537778, 44.67034606645626], [1.1537498404734852, 44.63882020403], [1.0957075874791038, 44.59024337388754], [1.0751408247250982, 44.577324783565565], [1.0733204955931674, 44.595582525404495], [1.014756458102413, 44.614096475712024], [0.9908384393481793, 44.63713268673032], [0.938715915523624, 44.63970350097892], [0.8907495915923311, 44.61499646988759], [0.8699961633461998, 44.597307270914904], [0.8386686479648295, 44.60073353333194], [0.8373861616885234, 44.61609958290861], [0.8170042739845023, 44.62700147643911], [0.8363594164481827, 44.6385854946771], [0.843404038496723, 44.66348079792942], [0.8260869083147476, 44.675993641671084], [0.8270009642517767, 44.69188957907683], [0.7977266310515655, 44.701767285601186], [0.7798374176059383, 44.68338808872983], [0.7290670391461425, 44.67608019640507], [0.6609287903127476, 44.676687086290784], [0.6539964422514456, 44.696742561948255], [0.6300837174762535, 44.70504186396566], [0.6097310220706117, 44.69537205404958], [0.5771464644207092, 44.694023979180336], [0.5704204904951242, 44.67489859623235], [0.5461757009438561, 44.664653811569345], [0.5156727555160711, 44.678339438211495], [0.4875231075582992, 44.666678761175476], [0.47053010943012324, 44.66957916232141], [0.44565684789610666, 44.65274912995912], [0.41754944795275234, 44.64625042497145], [0.36900627419453386, 44.661175745652166], [0.3496189213624863, 44.66012732964435], [0.35961911790454776, 44.69100214687724], [0.340537569558902, 44.70304824522456], [0.346186543626901, 44.7225420355276], [0.3232866327071292, 44.74761897166385], [0.2973255098237856, 44.76228467395237], [0.2742254006482923, 44.78339312502083], [0.2637263179027021, 44.82627665355831], [0.2840562599933618, 44.823659365748206], [0.31506665558289004, 44.84541323207388], [0.27905937516440416, 44.86697670764365], [0.2376501157602628, 44.86924207555338], [0.24120144851108916, 44.85652879127665], [0.2062908527795184, 44.838781587007574], [0.19284351960714802, 44.820802554808736], [0.10655870123187683, 44.832720431213495], [0.046921251109006, 44.82458068187802], [0.018664421295006353, 44.849628493830664], [-0.021935541227067503, 44.850692462395095], [0.03436214413600705, 44.91546925454322], [0.0032479456177751075, 44.947439781487724], [0.019184278571431145, 44.98034965777573], [0.04010873279330704, 44.99350460562092], [0.035847937705388945, 45.01115004721698], [0.07329671773303688, 45.07012096510982], [0.06352711067229469, 45.09563292386136], [0.04083219110465748, 45.115350817593736], [-0.003552786965686552, 45.11956999344142], [-0.04020033978963981, 45.102384335963414], [-0.029231978204044492, 45.129832110551455], [-0.03705116480547907, 45.139026589692236], [0.004720897151709058, 45.153735338120526], [-0.017366400658601018, 45.16986388363175], [0.004330746876933936, 45.191632555616], [0.007749483713343667, 45.20202343974376], [0.034845860697314227, 45.20874744152009], [0.05343044144838288, 45.226854975561835], [0.07573321487779969, 45.2202598278516], [0.09619541225687946, 45.2278578556264], [0.13030604926862757, 45.20798900287554], [0.17055210372198007, 45.23701026486455], [0.17763742117729522, 45.253740934302506], [0.20441616387648323, 45.26359520741223], [0.22141736394530237, 45.290328116659495], [0.24739630895607334, 45.289484009049765], [0.26971965078434545, 45.30539294080847], [0.26498472290743125, 45.334216796479616], [0.25007284811879654, 45.371801187374246], [0.2781514641521634, 45.427303344509845], [0.2943995470605675, 45.434183799907565], [0.3078489404274546, 45.46087036559335], [0.356537146854989, 45.465479098992546], [0.4327895064931416, 45.5024678675343], [0.46573672024377105, 45.539623254776004], [0.4962604525540854, 45.5444880543905], [0.506492513438957, 45.55388701893163], [0.5007291724346205, 45.57307480085136], [0.5155919010618789, 45.600377918791985], [0.49986594015823305, 45.616678558714106], [0.5355449863742777, 45.63336713201865], [0.5612176923905663, 45.63273730287464], [0.5678112654431465, 45.6510243172179], [0.5988182940413804, 45.67062696828461], [0.6297424639524398, 45.71456998977268]]]}, "properties": {"code": "24", "nom": "Dordogne"}}, {"type": "Feature", "geometry": {"type": "Polygon", "coordinates": [[[6.80700533167707, 47.562801384972], [6.816660001724921, 47.54792247821983], [6.860809068981891, 47.54751358468233], [6.883473648745609, 47.55533115808764], [6.905669627634239, 47.547361521011815], [6.909674152385642, 47.525507149094636], [6.946162450184676, 47.51131633258056], [6.930856287246399, 47.49817970710937], [6.907596719688256, 47.49436626816266], [6.917231799861733, 47.46886980086098], [6.932315529660057, 47.45581501043693], [6.940536510867674, 47.43337372140521], [6.9383780521299885, 47.40601986473863], [6.917565696040302, 47.40554258429283], [6.911280984371045, 47.3856550932385], [6.8853970779398175, 47.37459946804773], [6.87936818281023, 47.35839729641757], [6.919496443267278, 47.35536414476774], [6.994215518452339, 47.363057159308], [7.012120561775966, 47.37292288887178], [7.049718402997699, 47.360719992295074], [7.062207100094967, 47.34415745980239], [7.046203037401215, 47.326976713950984], [7.016140643996923, 47.31359873592356], [6.993126569921015, 47.29554511879603], [6.942895673773597, 47.287754384904254], [6.955208843014741, 47.244149772352195], [6.940725555973242, 47.231843645454894], [6.882433031143578, 47.201615584703326], [6.858349567867174, 47.164383477038406], [6.800236684357302, 47.128793351463806], [6.763777402656871, 47.11979205072034], [6.739920812240863, 47.1080561130741], [6.74109066784422, 47.091064413033465], [6.717835845806807, 47.08893991246636], [6.691621066187363, 47.06668923642061], [6.7140493259380465, 47.04912442357012], [6.699656601550015, 47.039041188281], [6.661624427517901, 47.02822165295931], [6.633742279087916, 46.99841408318843], [6.59318642597294, 46.991771506770114], [6.566568468914689, 46.98063803499442], [6.5188133537312165, 46.970857851315834], [6.49668554758685, 46.97418077120232], [6.446572766755816, 46.9341439731704], [6.432669440426171, 46.92860208537252], [6.4645840104267736, 46.89020943846434], [6.460055924791717, 46.85168246859297], [6.44262902075631, 46.83235109259498], [6.434826378361494, 46.801464616461466], [6.458567776224122, 46.788495437539005], [6.425917841439646, 46.75480272370325], [6.39507223431701, 46.74824769305675], [6.391779221321134, 46.73835933517175], [6.344803166577885, 46.711872179216], [6.285329368806656, 46.691241021954745], [6.227994158729884, 46.64830608201645], [6.175538722376977, 46.61413990223054], [6.127338291895881, 46.59030639234697], [6.110748015678899, 46.576313203446446], [6.1381085470292716, 46.55766039903405], [6.131429786217584, 46.55374316497247], [6.048566902902156, 46.60772285612786], [6.059172114439157, 46.62611096798534], [6.105519201667375, 46.65048282928723], [6.069828479910839, 46.689524885344895], [6.11296041814117, 46.707745262586364], [6.139950483346064, 46.7252665040831], [6.180271003478625, 46.741575238392656], [6.185275300570877, 46.75514278256941], [6.206667229738774, 46.766127080274636], [6.175722465411307, 46.80024737987558], [6.134201093056517, 46.82606829489227], [6.091004700025405, 46.84186203649593], [6.065722840490433, 46.85966779654168], [6.034013122897841, 46.84959669047568], [6.026247153653252, 46.86409173600443], [6.005778412779799, 46.8730528372109], [6.011720201418477, 46.88892677308902], [5.9826340237056, 46.90845204586353], [5.996550634911118, 46.93349025460158], [5.9640723607092, 46.94807945340021], [5.979788604869103, 46.963477609202336], [5.968560305501438, 46.98044449059873], [5.945444530036826, 46.98892069091779], [5.928902914958152, 46.981557598992175], [5.9110704645310355, 46.99949662045942], [5.838703245735162, 47.00893073323631], [5.818320069354114, 47.01634936206399], [5.810142553295952, 47.04676497151418], [5.787650426326096, 47.02060775116385], [5.749513452394782, 47.01724338346852], [5.740853599399733, 47.031142664947374], [5.784717290338706, 47.054912309682756], [5.768548742190094, 47.08943503996254], [5.8045619988542985, 47.1133407822186], [5.820691451026131, 47.144415939401], [5.811467446057154, 47.16905381606456], [5.785253964111757, 47.1730387486781], [5.786363077074669, 47.1880831609518], [5.7615922644946265, 47.193351935732494], [5.754029730428721, 47.20619762753816], [5.720409103677726, 47.2199367429909], [5.719658737830903, 47.24039349857038], [5.698725742766405, 47.264996774959506], [5.732304584331136, 47.2635708244963], [5.772794289154126, 47.27839174115347], [5.783911882300601, 47.29062859459643], [5.84401524176912, 47.30002560772319], [5.860063369485741, 47.31441371512956], [5.908850384555448, 47.33130809335063], [5.926973317778065, 47.344842696907314], [5.965726777821383, 47.33714799401978], [5.979565477765114, 47.32599225383308], [6.031152213443059, 47.337818639776025], [6.038905360008941, 47.345543807863976], [6.080045800270596, 47.35403647497674], [6.118643218077476, 47.39516918586829], [6.159315835079816, 47.38763809750605], [6.20045182507361, 47.4291448308537], [6.227146778558152, 47.421361759224745], [6.256322884311814, 47.42460267369418], [6.2635413933118995, 47.446113357872484], [6.280184223466656, 47.44396949481327], [6.3343537374171, 47.50596607053227], [6.4176533951113335, 47.52107576002842], [6.463493609157821, 47.51211727914121], [6.475912751751343, 47.49653791477729], [6.495895471628419, 47.50568894568784], [6.5183760537344355, 47.49650598459375], [6.534536369742796, 47.50605436714645], [6.55356252302069, 47.49279726215029], [6.573512260277363, 47.495493621813196], [6.583644236898135, 47.50998705821796], [6.568287888950471, 47.53296730090853], [6.581373134078281, 47.5439823802077], [6.6108754443878, 47.530375696762064], [6.646719240296149, 47.53526063805599], [6.670176179849052, 47.55789898345777], [6.715410264318535, 47.55291548061491], [6.738845896180387, 47.55702322452207], [6.767404952407747, 47.538017268556935], [6.797499350037713, 47.5495126825397], [6.80700533167707, 47.562801384972]]]}, "properties": {"code": "25", "nom": "Doubs"}}, {"type": "Feature", "geometry": {"type": "Polygon", "coordinates": [[[4.800493926884063, 45.298360661142944], [4.858798773300606, 45.30895383074844], [4.879709663152382, 45.2969314761542], [4.927837287858217, 45.322467078582974], [4.960882968689533, 45.329431946438525], [4.989191483458711, 45.34404664083611], [5.00965209426827, 45.34223102677266], [5.019860000114205, 45.32012334781686], [5.054318727576239, 45.319054679747346], [5.075414977696186, 45.28182474686916], [5.138525456127068, 45.29621886821675], [5.121425532367965, 45.24833591809063], [5.176540876984406, 45.2484020449113], [5.184576231954122, 45.231193647083316], [5.165271150444932, 45.1998716765054], [5.188573507748233, 45.171268538792575], [5.187438130822191, 45.12083055585071], [5.162894297608516, 45.0984305870661], [5.148624024939402, 45.07523359417633], [5.171188406008603, 45.06901345142979], [5.1833365351237415, 45.08488121016097], [5.226123302713108, 45.07917959620953], [5.248350471901153, 45.06093433768146], [5.300641951274725, 45.06258684321087], [5.317097625615876, 45.05144543143657], [5.3438842908647155, 45.04990301119417], [5.388382939418146, 45.03613916354605], [5.449788835244156, 45.070783659173316], [5.4594242070232415, 45.084354048653296], [5.482962641076428, 45.083813985829416], [5.466222808609953, 45.05369264423919], [5.480457675487145, 45.013866206651436], [5.493108370230375, 44.99650387405212], [5.477674326344703, 44.96675249985711], [5.483647138020397, 44.92229059824822], [5.475071217930305, 44.86759688581832], [5.463794835880649, 44.82597088831498], [5.484766003910795, 44.82306199061912], [5.4641587549688655, 44.79242749679306], [5.538609682625281, 44.77435333052135], [5.582046117791262, 44.777862736908396], [5.583886354820008, 44.76534387074039], [5.627084872571889, 44.75246442874924], [5.647101681531142, 44.724098953876464], [5.708698705355806, 44.720924547440156], [5.7387858126735685, 44.712419126045255], [5.757110126926433, 44.6960374105235], [5.801469996094522, 44.706778512869995], [5.82711625324567, 44.70028877822114], [5.825802514085463, 44.68569233800322], [5.799407769469486, 44.67394966436931], [5.790619766631355, 44.65329030204328], [5.753939211901072, 44.662713661324155], [5.726039426074854, 44.63939834273572], [5.641715054881292, 44.65107468886509], [5.643926214041127, 44.60972161106435], [5.617737322579476, 44.583133580603594], [5.5972487980667855, 44.543273727979226], [5.627373773874302, 44.53458025973445], [5.664504139914002, 44.501894032401594], [5.629785093116038, 44.5011871029685], [5.6163088106464185, 44.47271206540212], [5.603651238319425, 44.465544996850255], [5.562404689872195, 44.47485185176209], [5.516510011697751, 44.49138247772147], [5.4798758917737445, 44.49123966897652], [5.458727518186473, 44.46614393059478], [5.464433745418449, 44.44788666870274], [5.498303440849121, 44.43732497621575], [5.4764897049095795, 44.41972379409436], [5.447194165800079, 44.431852481873705], [5.418530667075709, 44.424947370319], [5.443026623183156, 44.391237330733084], [5.434953500862137, 44.36911743294876], [5.46065693964672, 44.36832054562284], [5.46941457400079, 44.35149029453098], [5.4930715607447445, 44.33717752081172], [5.521782790630088, 44.34931163553876], [5.5373670436986435, 44.333525718131106], [5.617135908418277, 44.332475894185805], [5.608077262744189, 44.30850908328983], [5.637756422122977, 44.29968616697366], [5.631970064900461, 44.284721309902835], [5.647509019416229, 44.27247769824454], [5.676206589256276, 44.27551099308782], [5.672996044869041, 44.23984311301397], [5.681311859737585, 44.23289466958045], [5.676037325543462, 44.19143313185896], [5.651592585237082, 44.18957707724826], [5.646965152793732, 44.166291647187435], [5.68271535182101, 44.16321640945639], [5.67860502821166, 44.14608869344783], [5.6316731817286305, 44.15136802990124], [5.63959354437225, 44.16758605191366], [5.609572963808623, 44.18817112634557], [5.576187167563138, 44.18804165094906], [5.564374392120529, 44.17090170649433], [5.582976621063447, 44.15762325973775], [5.551327343869811, 44.14979115926589], [5.540435810430644, 44.13221365213216], [5.498787806458752, 44.11571934778835], [5.45471645974309, 44.119227904662864], [5.43571830913588, 44.1516641531859], [5.383240887752097, 44.15528473021913], [5.384523055943825, 44.201046720663136], [5.354042708088259, 44.21342924717531], [5.3368331508273, 44.20353145731521], [5.292247629624085, 44.214467072564894], [5.2565087145716225, 44.23005632855739], [5.23814970804007, 44.213233332998946], [5.174965607033191, 44.22080662233339], [5.154903556803357, 44.230944996200954], [5.161547590528067, 44.24559067110522], [5.1497271329806695, 44.28208386834487], [5.167205149288734, 44.29205090874127], [5.172696360911815, 44.309393695074476], [5.1045087340965685, 44.27953745155323], [5.076512049103177, 44.2840860159789], [5.060564583015947, 44.30813976056077], [5.005535817021755, 44.286754820483196], [4.981451791724815, 44.2848325971684], [4.932910424012261, 44.2621518073366], [4.879050668886603, 44.26148357791232], [4.826652705578103, 44.22832506640777], [4.814096088903183, 44.23231467832123], [4.812665863343398, 44.257719064767414], [4.8031008029072115, 44.27998919217419], [4.804563291806201, 44.303896893827336], [4.762251228111598, 44.32538168266028], [4.720123840256769, 44.326714895236336], [4.679025302617316, 44.32048933622703], [4.6506150134375535, 44.329805791511276], [4.648946169255066, 44.372462486293166], [4.664373400022996, 44.398944273043945], [4.667379937465383, 44.43066429434984], [4.69865229412497, 44.45230946012676], [4.6989568502390995, 44.481694190593686], [4.689973321952771, 44.49125058500801], [4.692050189601407, 44.5152420465306], [4.707018905489797, 44.53084113511007], [4.692361920905272, 44.55589194997334], [4.710266499941698, 44.58154911470836], [4.741168931840421, 44.58877434873562], [4.74040453633284, 44.60239249321297], [4.77408913696615, 44.644269843250804], [4.7811100231594805, 44.682833634690404], [4.762850574483207, 44.72009203958483], [4.760941584679994, 44.771713549802], [4.795665859771827, 44.793769117314746], [4.821656483202532, 44.83867049616437], [4.841340887618573, 44.842596306238924], [4.85945820884153, 44.87175235284045], [4.8579011507481304, 44.903155110736876], [4.8855710639544006, 44.93465153198947], [4.875684162327823, 44.95520873214619], [4.860170175358192, 44.96586245571145], [4.851264766161909, 44.99467770210391], [4.837672652853049, 45.00479181394786], [4.840341325313034, 45.03578322392562], [4.860746068970967, 45.055429204446796], [4.831651038103518, 45.07026753675957], [4.827354281438577, 45.10214857279052], [4.804492252463412, 45.12194771680664], [4.804461066670614, 45.133197210828584], [4.829100372157167, 45.15669010756043], [4.813699779096304, 45.16341716248438], [4.804809814114698, 45.194030298693185], [4.812569706062625, 45.204307182925724], [4.802585860487608, 45.22693117215798], [4.809597016988471, 45.26036757990201], [4.80945700146176, 45.28984878023442], [4.800493926884063, 45.298360661142944]], [[4.892909784975503, 44.36481842003465], [4.871546699824252, 44.349624687939915], [4.89532799567956, 44.33806148358807], [4.881629025271996, 44.32487165610533], [4.8894629809408325, 44.30401919301177], [4.922149021948395, 44.30878294851454], [4.978583367650993, 44.297463038388315], [5.023291388686099, 44.34594820774989], [5.0270075535733945, 44.362835342005326], [5.052014293962954, 44.364659059368094], [5.048760348502809, 44.381234267021824], [5.015759498726315, 44.39276614596861], [5.013305911983339, 44.405345557740354], [4.988609946346962, 44.42320030980228], [4.963297700567191, 44.42193444899826], [4.918515009368784, 44.40778504385655], [4.906627552610216, 44.37409911682911], [4.892909784975503, 44.36481842003465]]]}, "properties": {"code": "26", "nom": "Dr\u00f4me"}}, {"type": "Feature", "geometry": {"type": "Polygon", "coordinates": [[[0.2972244202906153, 49.42986163728299], [0.33898282435946164, 49.440931306061266], [0.36879599400345847, 49.44396615809678], [0.4315314440644818, 49.45895529203515], [0.49007688558798895, 49.48360764057147], [0.5249403531988139, 49.47786858986832], [0.5790634674462867, 49.43507202120442], [0.606260846591224, 49.428697933243775], [0.6341203993784739, 49.43446117824468], [0.6597835439594861, 49.41617560182564], [0.6652914150341133, 49.40200234791148], [0.7736557882409092, 49.41808160502643], [0.8035289901620026, 49.41664937662084], [0.8265612311602684, 49.395044519606806], [0.860851622884771, 49.39535013278994], [0.8853214512018548, 49.38352473329317], [0.9181193706199334, 49.385460584535736], [0.9214023473164947, 49.33855254623689], [0.8875928951071438, 49.34591517415329], [0.8662303093667536, 49.34231160512299], [0.8622783261742117, 49.32742242737676], [0.8915316720257209, 49.31656133415404], [0.8924955592567678, 49.303062511451586], [0.9366215857125476, 49.321701430518324], [0.959487909604523, 49.28612972876709], [1.0133166256832071, 49.252262976528414], [1.0540696575756032, 49.26810664758745], [1.0644211959188252, 49.28193243229649], [1.0482359283696867, 49.2966707056018], [1.092924014464112, 49.30997367751731], [1.133993537971445, 49.30984205819146], [1.1359587366778499, 49.32511330683783], [1.1602558424773857, 49.3419941567295], [1.1990286032008088, 49.35080528187691], [1.2721366387570638, 49.346289233389804], [1.2860248038650488, 49.36318319072627], [1.2931900574437356, 49.394994727671126], [1.3080682780467234, 49.39535659061039], [1.3096318834456244, 49.42873257275235], [1.3353971000652705, 49.43371952908696], [1.345233363898118, 49.44805852414145], [1.378499108777362, 49.45742638657252], [1.4771860122081044, 49.45132697219684], [1.503549409663381, 49.43807237615207], [1.5283196177789204, 49.44198980558868], [1.576136831058076, 49.43973886640559], [1.6069566095899943, 49.410854416858434], [1.6210669431541742, 49.414378158641135], [1.6593030583878112, 49.39898608539559], [1.7139375433100608, 49.409224988863485], [1.7203156024953805, 49.39482842844473], [1.759340781875861, 49.368238985112555], [1.7741379719748898, 49.33469565160132], [1.7679448109268296, 49.31982583692622], [1.7757705439300602, 49.29951534986682], [1.8026808722972285, 49.271950623613535], [1.7895325987859003, 49.247868037421206], [1.7643521273092135, 49.2630859414422], [1.7345063044967537, 49.26899820204799], [1.7104793339744566, 49.26446416218004], [1.7043642065965865, 49.232201775163404], [1.674090204376027, 49.210248479159524], [1.6643738026115165, 49.15336752369717], [1.655777439712795, 49.13016217033744], [1.6350518648476458, 49.11430020855939], [1.6087960706299218, 49.07789415353795], [1.6017185942276444, 49.08450261108525], [1.5570756944651978, 49.06962240086733], [1.5380423840651944, 49.072342033316], [1.4848834480593345, 49.05154791492779], [1.4607983669865394, 49.0627440580796], [1.4474328265726297, 49.04518805211747], [1.4577625828067995, 49.026291046220386], [1.4770779834042216, 49.01679764336922], [1.477085024550759, 48.978790316157344], [1.4974212515808907, 48.97955944476306], [1.5015238197988665, 48.94105360615515], [1.4613084344852056, 48.93755797274698], [1.4483097630235757, 48.92433060014346], [1.471281965082692, 48.897831449765356], [1.4549910456481823, 48.87032343188624], [1.4093616066102121, 48.86115348650526], [1.3621810029001884, 48.834179003372945], [1.3583524111815377, 48.8164325477948], [1.3769640090609683, 48.791769052281], [1.3195484140595357, 48.76096509555226], [1.300298160774345, 48.76753862976326], [1.270215830640388, 48.75748087478701], [1.2460222122058793, 48.7696776023494], [1.184730602501536, 48.77263016325766], [1.159490184478893, 48.769724918274406], [1.1521108654240828, 48.78556141919787], [1.121402821755998, 48.789193818459175], [1.1186480947364004, 48.75458615785833], [1.0957317749783022, 48.74871690601713], [1.0590671926768536, 48.756763319856546], [1.0140709189239645, 48.7280968183202], [0.9614508974400996, 48.7257249507322], [0.9552461079026382, 48.71678344138858], [0.9023959771326227, 48.7106473551684], [0.876707237647973, 48.71549244581689], [0.8619896827437209, 48.68705769224572], [0.8276671061162353, 48.68072356503085], [0.8148191028635925, 48.67016796018795], [0.7822053215915061, 48.66652415160697], [0.7640759546715993, 48.67527365639454], [0.7660502318369231, 48.69679825478523], [0.7433928921084365, 48.71690523836887], [0.774959043114129, 48.73752726458568], [0.7508055582409985, 48.75949683157833], [0.7584300486684715, 48.767971967774606], [0.7319447587721393, 48.78545800743581], [0.6889623683560373, 48.79460354988005], [0.6687110370739024, 48.80802140346215], [0.6078685100835315, 48.832489316673694], [0.6109659813863897, 48.853218358881485], [0.5780409793892106, 48.89364694598877], [0.5525030083730612, 48.87553783157171], [0.5021397353658976, 48.878150204150515], [0.4761125006440536, 48.88686266076319], [0.45358528537402837, 48.88019513771439], [0.4200659412941513, 48.88818710783798], [0.42156714219561403, 48.89864779537123], [0.38618934896504153, 48.91041450585282], [0.3907837746929919, 48.9271332888758], [0.412814532889088, 48.950626367694355], [0.42880993562155445, 48.96612177413988], [0.43394360004573646, 49.00495438261333], [0.4462781902001329, 49.014969905257644], [0.42590416560578637, 49.031961024526844], [0.39019525565888735, 49.03437482486719], [0.37767980975475124, 49.04945033019971], [0.37935511955028134, 49.06776772669734], [0.40780490572913114, 49.07739021420981], [0.3997150635817522, 49.10053337795652], [0.4267310809928099, 49.146911914644164], [0.3858907764132056, 49.15405567420366], [0.3947289759189785, 49.20844416130579], [0.36654884147794087, 49.21588212665217], [0.33741825014085014, 49.23147819071951], [0.32113000687689647, 49.24813594819387], [0.382786744119418, 49.26401647481274], [0.3808108509605511, 49.28238539554381], [0.3648958938390429, 49.29519774636941], [0.32302317286212995, 49.29699256482139], [0.31206679218437866, 49.32225733229892], [0.32342800534930133, 49.34064201714996], [0.30171362422988823, 49.37130535987279], [0.30882332255488343, 49.38786856245116], [0.2972244202906153, 49.42986163728299]]]}, "properties": {"code": "27", "nom": "Eure"}}, {"type": "Feature", "geometry": {"type": "Polygon", "coordinates": [[[0.8148191028635925, 48.67016796018795], [0.8276671061162353, 48.68072356503085], [0.8619896827437209, 48.68705769224572], [0.876707237647973, 48.71549244581689], [0.9023959771326227, 48.7106473551684], [0.9552461079026382, 48.71678344138858], [0.9614508974400996, 48.7257249507322], [1.0140709189239645, 48.7280968183202], [1.0590671926768536, 48.756763319856546], [1.0957317749783022, 48.74871690601713], [1.1186480947364004, 48.75458615785833], [1.121402821755998, 48.789193818459175], [1.1521108654240828, 48.78556141919787], [1.159490184478893, 48.769724918274406], [1.184730602501536, 48.77263016325766], [1.2460222122058793, 48.7696776023494], [1.270215830640388, 48.75748087478701], [1.300298160774345, 48.76753862976326], [1.3195484140595357, 48.76096509555226], [1.3769640090609683, 48.791769052281], [1.3583524111815377, 48.8164325477948], [1.3621810029001884, 48.834179003372945], [1.4093616066102121, 48.86115348650526], [1.4549910456481823, 48.87032343188624], [1.471281965082692, 48.897831449765356], [1.4483097630235757, 48.92433060014346], [1.4613084344852056, 48.93755797274698], [1.5015238197988665, 48.94105360615515], [1.5073440226070087, 48.927598989147334], [1.5386150005667363, 48.92179645733065], [1.5385208308731109, 48.90668492167043], [1.5595052783343866, 48.88205164409549], [1.5462315883376268, 48.87242890235984], [1.581598875031263, 48.85499897015231], [1.5772685877162862, 48.84436076548629], [1.5912030850964909, 48.814869639400584], [1.5756742260519878, 48.7905067944881], [1.5875947031508344, 48.773602302755286], [1.6263993499269267, 48.748094297484094], [1.579545829918285, 48.70181187348942], [1.6117708691618606, 48.68947111646258], [1.603118482168126, 48.66241796207503], [1.651574528306872, 48.63812870428749], [1.6662188615195896, 48.613706715891], [1.714895681919355, 48.61439494545783], [1.7019890546581085, 48.58499862181419], [1.7092527874670105, 48.57802434626235], [1.7653297161980415, 48.56937104099974], [1.7872450519775867, 48.55374456486673], [1.775751488475668, 48.52770729661422], [1.7768442507697113, 48.50931096191216], [1.8032057888939028, 48.472565678495286], [1.8321369890615689, 48.467581442678565], [1.84486306037181, 48.4493607065379], [1.8716851573650342, 48.43978475842447], [1.9064022701801788, 48.44014576962788], [1.9221489648373706, 48.457600286064135], [1.940657409608177, 48.42520626181189], [1.9258935288275238, 48.412738189076535], [1.9765777946992387, 48.39938447447991], [1.9734600276085819, 48.38883055198841], [1.9868210109251592, 48.36214189229105], [1.9699915637784469, 48.33969146951863], [1.9799848326906437, 48.31848007972407], [1.9592272366957604, 48.308689574530625], [1.9752916566344318, 48.28719843612737], [1.9940847180593788, 48.286585877943075], [1.9878756044776544, 48.268707563969706], [1.9654790051841269, 48.255466245296866], [1.9625953467362638, 48.22259665048149], [1.9514550396684471, 48.18958117854365], [1.9250485316689847, 48.17448662149941], [1.9033398897931277, 48.152806309750886], [1.920402814020387, 48.14638533996389], [1.9010631123528121, 48.129720309688054], [1.8843851938361136, 48.097661066466635], [1.8656712589157682, 48.08385719871519], [1.797975547328593, 48.07686831186792], [1.7448338583126362, 48.0661443495906], [1.6789955266507441, 48.065829398062704], [1.6556783876479508, 48.076176598146596], [1.6245928719693987, 48.067222742913955], [1.6138290938946773, 48.04498314926178], [1.5941156652809598, 48.03069992074373], [1.545306911308587, 48.0445885217016], [1.512975755811939, 48.02872178084264], [1.5266687471482352, 48.00726560320355], [1.5201238283340488, 47.982278476987], [1.4396560496498594, 48.01194932329023], [1.4372409526093535, 47.9764987201296], [1.4068828320031919, 47.97009659263769], [1.3869462890722553, 47.9812831788851], [1.3700158222874876, 47.95374905485532], [1.343701298620938, 47.957530775683054], [1.3086281518302283, 47.953853799768815], [1.2995800659732568, 47.96816150698365], [1.262653160836444, 47.96284180147032], [1.2456512469484482, 47.979278052584], [1.2096430686639739, 47.96850051668402], [1.1695601007353318, 48.00668912927458], [1.1666303937374705, 48.02739182079259], [1.122713770015408, 48.035980030467925], [1.1031936171142485, 48.08108800423722], [1.0260026950898764, 48.088407307781466], [1.0085477409246668, 48.0831267789959], [0.9915488801693668, 48.09741164653938], [1.0456264025684945, 48.11762847776995], [1.0387342870949972, 48.13165484141439], [1.012548026499917, 48.132548614185936], [0.9813105576003316, 48.119560230186515], [0.9502768856001645, 48.09927549241419], [0.9440295929845693, 48.11237193590575], [0.8909295923841402, 48.10206310395515], [0.8758906410789156, 48.10943550861685], [0.8412172317044129, 48.10306240932052], [0.8525696983122546, 48.133605674559426], [0.913802022562964, 48.13512781830264], [0.9116186783263119, 48.14886135015183], [0.8619836907733601, 48.16682130452495], [0.8367739335625146, 48.166991974853865], [0.797655838494225, 48.19445221754921], [0.8302416950484665, 48.21430027818372], [0.7875964742272762, 48.26131463776064], [0.7958184564245077, 48.28648186022423], [0.7688672771787132, 48.32194393371593], [0.7854319060188925, 48.34042724028456], [0.8187477629538905, 48.3492990187552], [0.8837069426865347, 48.35671469741493], [0.9090291135378351, 48.37025942165492], [0.9486303005350746, 48.40254075139077], [0.9439900556805834, 48.41543779690512], [0.9584142860496184, 48.442595257597894], [0.9357072927920254, 48.475553713886015], [0.956288496333069, 48.48228110680156], [0.9539997024327551, 48.50383926047164], [0.9667159729358187, 48.52408891339411], [0.9226089134985012, 48.5377152127879], [0.9387576535104647, 48.55055845317247], [0.8912620563004201, 48.57217735609871], [0.8676826582446395, 48.57348477486485], [0.8495690718886973, 48.584317085863454], [0.8465847869380818, 48.60477987546661], [0.8177592533729132, 48.616321964340834], [0.8268154990669214, 48.63060614219509], [0.8148191028635925, 48.67016796018795]]]}, "properties": {"code": "28", "nom": "Eure-et-Loir"}}, {"type": "Feature", "properties": {"code": "29", "nom": "Finist\u00e8re"}, "geometry": {"type": "MultiPolygon", "coordinates": [[[[-4.0004, 47.72283], [-4.00391, 47.72264], [-4.0036, 47.72392], [-4.00166, 47.7256], [-3.9976, 47.72519], [-3.99752, 47.72393], [-4.0004, 47.72283]]], [[[-3.99181, 48.7364], [-3.99391, 48.73682], [-3.99318, 48.73795], [-3.99406, 48.73903], [-3.99371, 48.74058], [-3.99758, 48.74081], [-3.99871, 48.74021], [-4.00267, 48.7412], [-4.00531, 48.74003], [-4.00716, 48.74118], [-4.00941, 48.74336], [-4.01163, 48.74409], [-4.01414, 48.74396], [-4.01527, 48.74271], [-4.01744, 48.7426], [-4.0165, 48.74102], [-4.01794, 48.73958], [-4.01915, 48.74006], [-4.02252, 48.73856], [-4.02516, 48.73942], [-4.02706, 48.742], [-4.02995, 48.74163], [-4.03232, 48.7427], [-4.03559, 48.74207], [-4.03822, 48.74455], [-4.04002, 48.74476], [-4.04017, 48.74637], [-4.03594, 48.74797], [-4.03388, 48.74682], [-4.03183, 48.74738], [-4.0304, 48.74845], [-4.02711, 48.74986], [-4.0256, 48.74935], [-4.02204, 48.75299], [-4.01961, 48.75366], [-4.01851, 48.75201], [-4.01505, 48.75216], [-4.01251, 48.7532], [-4.0112, 48.75246], [-4.00916, 48.75303], [-4.00593, 48.75285], [-4.00647, 48.75119], [-4.00355, 48.74929], [-4.00353, 48.74793], [-4.00044, 48.74733], [-3.9987, 48.7459], [-3.99442, 48.74505], [-3.99361, 48.74563], [-3.98961, 48.74532], [-3.99126, 48.74382], [-3.99111, 48.74257], [-3.98909, 48.74079], [-3.98895, 48.73859], [-3.99181, 48.7364]]], [[[-3.957, 47.71206], [-3.95828, 47.71339], [-3.95815, 47.71457], [-3.95924, 47.71632], [-3.95799, 47.7176], [-3.95809, 47.71958], [-3.95573, 47.72061], [-3.95464, 47.72211], [-3.95137, 47.72157], [-3.95084, 47.72051], [-3.95244, 47.71876], [-3.95418, 47.71767], [-3.95431, 47.71654], [-3.95578, 47.71533], [-3.95542, 47.71291], [-3.957, 47.71206]]], [[[-4.01058, 47.71578], [-4.0124, 47.71644], [-4.01192, 47.71909], [-4.00911, 47.71861], [-4.00718, 47.71696], [-4.00841, 47.71603], [-4.01058, 47.71578]]], [[[-4.02902, 47.77405], [-4.03075, 47.77509], [-4.03027, 47.7761], [-4.02832, 47.77662], [-4.02715, 47.77799], [-4.02533, 47.77682], [-4.02052, 47.77678], [-4.02164, 47.77504], [-4.02528, 47.77521], [-4.02619, 47.7761], [-4.02801, 47.77564], [-4.02902, 47.77405]]], [[[-4.846, 48.03154], [-4.84879, 48.03178], [-4.85466, 48.0363], [-4.85613, 48.03864], [-4.85783, 48.03931], [-4.86032, 48.03929], [-4.86257, 48.04042], [-4.86798, 48.03963], [-4.87085, 48.04041], [-4.86885, 48.04201], [-4.86754, 48.04386], [-4.86507, 48.04347], [-4.86408, 48.04158], [-4.86148, 48.04084], [-4.85912, 48.04135], [-4.85667, 48.04114], [-4.85677, 48.03987], [-4.85527, 48.03879], [-4.85349, 48.03908], [-4.85216, 48.04065], [-4.85061, 48.04016], [-4.84963, 48.03836], [-4.84959, 48.03611], [-4.85101, 48.03472], [-4.84994, 48.0332], [-4.846, 48.03154]]], [[[-3.99706, 47.70114], [-4.00059, 47.70212], [-3.99942, 47.70353], [-3.99976, 47.70527], [-3.99825, 47.70599], [-3.99995, 47.70742], [-4.00214, 47.70776], [-3.99873, 47.71006], [-3.99644, 47.7082], [-3.99277, 47.70827], [-3.99183, 47.70494], [-3.99078, 47.70283], [-3.99233, 47.70184], [-3.99343, 47.70313], [-3.99706, 47.70114]]], [[[-3.79886, 47.78308], [-3.80053, 47.78304], [-3.803, 47.78417], [-3.7995, 47.78458], [-3.79886, 47.78308]]], [[[-5.01189, 48.42399], [-5.01406, 48.42578], [-5.01271, 48.42863], [-5.01331, 48.4295], [-5.01161, 48.43082], [-5.01043, 48.43027], [-5.01174, 48.4277], [-5.01018, 48.42662], [-5.01189, 48.42399]]], [[[-4.63347, 48.59991], [-4.63573, 48.59953], [-4.63738, 48.60015], [-4.63672, 48.60227], [-4.63491, 48.60147], [-4.63347, 48.59991]]], [[[-4.05985, 48.70267], [-4.06213, 48.70277], [-4.06462, 48.70426], [-4.06797, 48.7047], [-4.06938, 48.70561], [-4.07164, 48.70471], [-4.07279, 48.70574], [-4.07061, 48.70675], [-4.06702, 48.70642], [-4.06418, 48.70662], [-4.06207, 48.70556], [-4.06024, 48.70567], [-4.05985, 48.70267]]], [[[-4.17813, 47.85103], [-4.17993, 47.85206], [-4.17998, 47.85296], [-4.18275, 47.85479], [-4.18392, 47.85667], [-4.18548, 47.85681], [-4.18815, 47.85886], [-4.18873, 47.86086], [-4.1912, 47.86185], [-4.19164, 47.86331], [-4.1935, 47.8642], [-4.19044, 47.86604], [-4.18603, 47.8662], [-4.186, 47.86756], [-4.18202, 47.86733], [-4.18147, 47.8661], [-4.18249, 47.86356], [-4.17982, 47.86042], [-4.1807, 47.85887], [-4.17803, 47.8579], [-4.17768, 47.85548], [-4.17638, 47.85482], [-4.17693, 47.85213], [-4.17813, 47.85103]]], [[[-4.17666, 47.84074], [-4.17963, 47.84148], [-4.18167, 47.84379], [-4.18385, 47.84462], [-4.18414, 47.846], [-4.18327, 47.84709], [-4.1815, 47.84742], [-4.18018, 47.84541], [-4.17666, 47.84398], [-4.17666, 47.84074]]], [[[-4.18354, 47.84875], [-4.18532, 47.84905], [-4.18667, 47.85019], [-4.18571, 47.85102], [-4.18371, 47.85067], [-4.18354, 47.84875]]], [[[-4.33721, 48.10015], [-4.3385, 48.1007], [-4.3392, 48.10301], [-4.33754, 48.10324], [-4.33544, 48.10164], [-4.33721, 48.10015]]], [[[-4.53754, 48.30184], [-4.53894, 48.30262], [-4.53814, 48.30375], [-4.53617, 48.30419], [-4.53505, 48.30291], [-4.53754, 48.30184]]], [[[-4.5308, 48.30352], [-4.53194, 48.30445], [-4.52972, 48.30644], [-4.52867, 48.30524], [-4.5308, 48.30352]]], [[[-4.9592, 48.38941], [-4.96023, 48.39048], [-4.96288, 48.39098], [-4.9649, 48.39229], [-4.96488, 48.39632], [-4.96734, 48.39788], [-4.96613, 48.39927], [-4.96345, 48.39998], [-4.96281, 48.40169], [-4.95901, 48.40122], [-4.95941, 48.4002], [-4.95756, 48.39919], [-4.95547, 48.39643], [-4.95344, 48.39607], [-4.95372, 48.39288], [-4.95726, 48.39153], [-4.9592, 48.38941]]], [[[-4.98237, 48.41991], [-4.9804, 48.41899], [-4.98127, 48.41703], [-4.98382, 48.41636], [-4.98546, 48.41689], [-4.98397, 48.41926], [-4.98237, 48.41991]]], [[[-4.78746, 48.43734], [-4.79013, 48.43798], [-4.7887, 48.43889], [-4.78746, 48.43734]]], [[[-4.61628, 48.58497], [-4.61951, 48.58531], [-4.61924, 48.58622], [-4.61625, 48.58677], [-4.61504, 48.58589], [-4.61628, 48.58497]]], [[[-4.86234, 48.3413], [-4.86448, 48.34248], [-4.86356, 48.34421], [-4.85986, 48.34525], [-4.85884, 48.34623], [-4.85903, 48.34793], [-4.85773, 48.35072], [-4.85024, 48.35327], [-4.84835, 48.35479], [-4.84797, 48.3564], [-4.84159, 48.35491], [-4.8466, 48.35206], [-4.84863, 48.35148], [-4.85411, 48.3487], [-4.85705, 48.34647], [-4.85828, 48.34509], [-4.85748, 48.34283], [-4.86063, 48.34222], [-4.86234, 48.3413]]], [[[-4.89439, 48.37236], [-4.90203, 48.37305], [-4.90577, 48.3723], [-4.90978, 48.37322], [-4.91118, 48.3744], [-4.91001, 48.37528], [-4.90786, 48.37398], [-4.90477, 48.37476], [-4.90374, 48.37369], [-4.90173, 48.37383], [-4.89796, 48.37588], [-4.89566, 48.37544], [-4.8931, 48.37411], [-4.89269, 48.37323], [-4.89439, 48.37236]]], [[[-4.94482, 48.36993], [-4.94386, 48.37161], [-4.93938, 48.37262], [-4.93523, 48.37534], [-4.93326, 48.37478], [-4.93368, 48.37299], [-4.93575, 48.37277], [-4.93704, 48.37142], [-4.94247, 48.37107], [-4.94482, 48.36993]]], [[[-4.94984, 48.39787], [-4.95206, 48.39913], [-4.95258, 48.40083], [-4.95088, 48.40084], [-4.95037, 48.40204], [-4.94747, 48.40259], [-4.94689, 48.40136], [-4.94939, 48.39998], [-4.94984, 48.39787]]], [[[-4.89782, 48.37814], [-4.89982, 48.38023], [-4.90021, 48.38301], [-4.89881, 48.38264], [-4.89895, 48.38137], [-4.89731, 48.3803], [-4.89782, 48.37814]]], [[[-3.92245, 48.6796], [-3.9238, 48.68011], [-3.92625, 48.67993], [-3.92683, 48.6808], [-3.92418, 48.6814], [-3.92304, 48.68267], [-3.92316, 48.68407], [-3.92448, 48.6854], [-3.92643, 48.68574], [-3.92642, 48.68728], [-3.92539, 48.68936], [-3.92897, 48.69192], [-3.92901, 48.69322], [-3.92673, 48.69521], [-3.92604, 48.69673], [-3.92696, 48.69753], [-3.92601, 48.69917], [-3.92276, 48.69772], [-3.92243, 48.69666], [-3.92481, 48.69611], [-3.92452, 48.69438], [-3.92232, 48.69268], [-3.92272, 48.69149], [-3.92542, 48.69026], [-3.92446, 48.68905], [-3.92236, 48.68903], [-3.92232, 48.6861], [-3.92047, 48.68552], [-3.91929, 48.68424], [-3.91977, 48.68267], [-3.92238, 48.68285], [-3.92245, 48.6796]]], [[[-4.57115, 48.6051], [-4.57288, 48.60622], [-4.5742, 48.60799], [-4.57169, 48.6085], [-4.56926, 48.60762], [-4.56988, 48.60582], [-4.57115, 48.6051]]], [[[-4.55386, 48.6273], [-4.5553, 48.62734], [-4.55655, 48.62902], [-4.55826, 48.6291], [-4.55776, 48.63081], [-4.55626, 48.63035], [-4.55503, 48.62893], [-4.55168, 48.62927], [-4.55386, 48.6273]]], [[[-4.5682, 48.63739], [-4.57067, 48.63797], [-4.56969, 48.64019], [-4.56665, 48.63844], [-4.5682, 48.63739]]], [[[-4.593, 48.62228], [-4.59464, 48.62327], [-4.59474, 48.62543], [-4.59299, 48.6255], [-4.59343, 48.62383], [-4.593, 48.62228]]], [[[-4.4044, 48.63862], [-4.40598, 48.6393], [-4.40351, 48.64049], [-4.403, 48.63934], [-4.4044, 48.63862]]], [[[-4.27801, 48.28186], [-4.28104, 48.28232], [-4.28201, 48.28357], [-4.28011, 48.28495], [-4.2784, 48.28482], [-4.27731, 48.28385], [-4.27801, 48.28186]]], [[[-3.65914, 48.65921], [-3.65952, 48.65604], [-3.66455, 48.65324], [-3.66543, 48.6532], [-3.66562, 48.6508], [-3.664, 48.64979], [-3.66384, 48.6484], [-3.66208, 48.64796], [-3.6617, 48.64473], [-3.6609, 48.64329], [-3.66129, 48.64196], [-3.65923, 48.63792], [-3.65998, 48.63449], [-3.65811, 48.63256], [-3.6583, 48.63174], [-3.65631, 48.6278], [-3.6557, 48.62581], [-3.65444, 48.6246], [-3.65448, 48.62335], [-3.65573, 48.61993], [-3.65441, 48.61864], [-3.65428, 48.61697], [-3.65218, 48.61705], [-3.65122, 48.61597], [-3.65173, 48.61337], [-3.65021, 48.61197], [-3.64938, 48.61015], [-3.64723, 48.60986], [-3.64395, 48.61026], [-3.64329, 48.61097], [-3.63988, 48.61215], [-3.63843, 48.61023], [-3.63898, 48.60859], [-3.63844, 48.60752], [-3.63968, 48.60593], [-3.63933, 48.60352], [-3.64137, 48.60178], [-3.64076, 48.60073], [-3.64211, 48.59945], [-3.64154, 48.59704], [-3.6406, 48.59605], [-3.63706, 48.59417], [-3.6366, 48.59328], [-3.63176, 48.59029], [-3.63045, 48.58846], [-3.62917, 48.58786], [-3.62456, 48.58801], [-3.62183, 48.58968], [-3.61761, 48.59018], [-3.61538, 48.58913], [-3.61307, 48.58866], [-3.61084, 48.58883], [-3.60996, 48.58757], [-3.60771, 48.58754], [-3.60646, 48.58625], [-3.60371, 48.58615], [-3.60242, 48.5848], [-3.5998, 48.58345], [-3.59788, 48.58381], [-3.59803, 48.58502], [-3.59675, 48.58568], [-3.59488, 48.58496], [-3.59161, 48.58256], [-3.58864, 48.58272], [-3.5879, 48.58096], [-3.58781, 48.57852], [-3.58424, 48.57429], [-3.58761, 48.56947], [-3.58877, 48.56837], [-3.58898, 48.56615], [-3.59051, 48.5653], [-3.5909, 48.56349], [-3.59509, 48.5638], [-3.59697, 48.56136], [-3.59923, 48.56024], [-3.59943, 48.55862], [-3.59873, 48.5572], [-3.5961, 48.55572], [-3.59603, 48.55509], [-3.59283, 48.55445], [-3.58922, 48.55508], [-3.58491, 48.55531], [-3.58348, 48.55472], [-3.58171, 48.55296], [-3.57806, 48.55319], [-3.57455, 48.5568], [-3.57147, 48.55832], [-3.56998, 48.5561], [-3.56988, 48.55461], [-3.56828, 48.55365], [-3.5663, 48.55358], [-3.56455, 48.552], [-3.56534, 48.55129], [-3.56344, 48.55012], [-3.5605, 48.54942], [-3.55772, 48.54771], [-3.55746, 48.54502], [-3.5524, 48.54055], [-3.54795, 48.54028], [-3.54662, 48.53945], [-3.54271, 48.53902], [-3.54106, 48.53712], [-3.54425, 48.53669], [-3.54483, 48.53568], [-3.54844, 48.5325], [-3.55147, 48.53157], [-3.55369, 48.5302], [-3.55808, 48.5288], [-3.55938, 48.52729], [-3.5596, 48.5257], [-3.56243, 48.5237], [-3.56347, 48.5222], [-3.57049, 48.51791], [-3.57352, 48.51582], [-3.57496, 48.5138], [-3.57952, 48.50923], [-3.58083, 48.50885], [-3.58126, 48.50742], [-3.58418, 48.50447], [-3.58825, 48.50331], [-3.5915, 48.50034], [-3.59382, 48.49992], [-3.59889, 48.49807], [-3.60079, 48.49688], [-3.60224, 48.49704], [-3.60454, 48.49579], [-3.60453, 48.49227], [-3.60271, 48.48957], [-3.6021, 48.48788], [-3.60305, 48.4863], [-3.60133, 48.4849], [-3.60293, 48.4823], [-3.60519, 48.48033], [-3.6046, 48.47932], [-3.60762, 48.47839], [-3.60755, 48.47727], [-3.60506, 48.47687], [-3.60002, 48.47853], [-3.59922, 48.47451], [-3.59747, 48.47288], [-3.59842, 48.47239], [-3.59768, 48.47066], [-3.59443, 48.47025], [-3.59315, 48.46392], [-3.58948, 48.46446], [-3.58226, 48.4648], [-3.58138, 48.46309], [-3.57862, 48.46323], [-3.57934, 48.45958], [-3.57513, 48.4585], [-3.57377, 48.45717], [-3.57374, 48.45581], [-3.56765, 48.45239], [-3.56187, 48.45351], [-3.55811, 48.45312], [-3.55357, 48.45376], [-3.55238, 48.4517], [-3.55256, 48.44926], [-3.5505, 48.44783], [-3.55111, 48.4468], [-3.55402, 48.44552], [-3.55641, 48.44338], [-3.56001, 48.44165], [-3.56231, 48.44108], [-3.56419, 48.43917], [-3.56757, 48.43918], [-3.56919, 48.43846], [-3.56914, 48.43743], [-3.57086, 48.43667], [-3.57506, 48.43658], [-3.5753, 48.43571], [-3.57748, 48.43407], [-3.58251, 48.43358], [-3.58562, 48.43301], [-3.5878, 48.43077], [-3.59099, 48.42863], [-3.5928, 48.42785], [-3.593, 48.42662], [-3.59439, 48.42524], [-3.59889, 48.4232], [-3.60054, 48.42162], [-3.60097, 48.41904], [-3.6018, 48.41741], [-3.60043, 48.41627], [-3.60063, 48.41395], [-3.59994, 48.41204], [-3.60084, 48.41056], [-3.59998, 48.40844], [-3.60009, 48.40694], [-3.59899, 48.4052], [-3.60018, 48.40398], [-3.5996, 48.40319], [-3.60067, 48.40112], [-3.60291, 48.40029], [-3.60285, 48.39843], [-3.60431, 48.39577], [-3.60179, 48.39504], [-3.60114, 48.39363], [-3.60768, 48.38832], [-3.60552, 48.38654], [-3.59412, 48.38643], [-3.59014, 48.38302], [-3.58653, 48.38114], [-3.58406, 48.38208], [-3.57866, 48.38164], [-3.57665, 48.38111], [-3.57328, 48.38088], [-3.56977, 48.37967], [-3.57024, 48.37798], [-3.56766, 48.37667], [-3.56754, 48.37907], [-3.56576, 48.37957], [-3.55741, 48.37942], [-3.5543, 48.37886], [-3.55556, 48.37689], [-3.55326, 48.37521], [-3.5545, 48.37365], [-3.55423, 48.37241], [-3.55171, 48.37124], [-3.55294, 48.3696], [-3.55492, 48.36904], [-3.55915, 48.36598], [-3.55576, 48.36349], [-3.55857, 48.35992], [-3.55875, 48.35915], [-3.55576, 48.35776], [-3.55583, 48.35588], [-3.55872, 48.35585], [-3.55957, 48.35454], [-3.55858, 48.35252], [-3.56146, 48.35157], [-3.56162, 48.34957], [-3.56324, 48.34786], [-3.56095, 48.3474], [-3.55834, 48.34586], [-3.55539, 48.34498], [-3.55535, 48.34394], [-3.5571, 48.33997], [-3.55662, 48.33752], [-3.55679, 48.33552], [-3.55327, 48.33206], [-3.55332, 48.33021], [-3.55234, 48.3298], [-3.55203, 48.32617], [-3.55253, 48.32578], [-3.55174, 48.32307], [-3.5486, 48.3211], [-3.55011, 48.31887], [-3.55204, 48.317], [-3.55094, 48.31513], [-3.54804, 48.31338], [-3.54494, 48.31238], [-3.54145, 48.31373], [-3.54095, 48.31172], [-3.53813, 48.31476], [-3.52964, 48.31975], [-3.52825, 48.32176], [-3.52539, 48.32335], [-3.52253, 48.32006], [-3.51853, 48.31886], [-3.51861, 48.31793], [-3.52505, 48.31693], [-3.52834, 48.31667], [-3.52952, 48.31571], [-3.53011, 48.31274], [-3.53291, 48.30944], [-3.53306, 48.30849], [-3.53675, 48.30586], [-3.5382, 48.30389], [-3.54087, 48.29905], [-3.54641, 48.29845], [-3.55248, 48.29936], [-3.555, 48.29372], [-3.55303, 48.2926], [-3.54519, 48.29198], [-3.54368, 48.28957], [-3.5397, 48.28725], [-3.53816, 48.28679], [-3.53074, 48.28691], [-3.52606, 48.28557], [-3.52496, 48.28125], [-3.51944, 48.28218], [-3.51868, 48.28091], [-3.51899, 48.27887], [-3.52046, 48.27698], [-3.52042, 48.27433], [-3.52421, 48.27435], [-3.52587, 48.27481], [-3.5268, 48.27238], [-3.52537, 48.27096], [-3.52573, 48.26765], [-3.52443, 48.2664], [-3.52542, 48.26451], [-3.52488, 48.26278], [-3.52721, 48.26184], [-3.52438, 48.25964], [-3.52422, 48.25708], [-3.52688, 48.25325], [-3.52874, 48.25205], [-3.53041, 48.25262], [-3.53014, 48.2537], [-3.53194, 48.25614], [-3.53583, 48.25585], [-3.53967, 48.25348], [-3.54066, 48.2533], [-3.53988, 48.24906], [-3.54193, 48.24783], [-3.54182, 48.24534], [-3.54235, 48.24351], [-3.54889, 48.24402], [-3.5491, 48.2418], [-3.55607, 48.24202], [-3.55399, 48.23855], [-3.55296, 48.23427], [-3.55482, 48.23404], [-3.55748, 48.23062], [-3.55778, 48.22853], [-3.55465, 48.22769], [-3.55575, 48.22597], [-3.55308, 48.22574], [-3.55349, 48.22099], [-3.55155, 48.21996], [-3.54691, 48.21519], [-3.54375, 48.21346], [-3.5436, 48.21152], [-3.54003, 48.208], [-3.53966, 48.20653], [-3.53562, 48.20656], [-3.53451, 48.20562], [-3.53108, 48.20574], [-3.5294, 48.2052], [-3.52551, 48.20481], [-3.52118, 48.20223], [-3.52135, 48.19708], [-3.52047, 48.19226], [-3.51942, 48.18947], [-3.52235, 48.1886], [-3.52419, 48.18995], [-3.5296, 48.19063], [-3.53263, 48.19246], [-3.53755, 48.19248], [-3.54229, 48.19387], [-3.54437, 48.19381], [-3.5462, 48.19268], [-3.54827, 48.19248], [-3.55055, 48.19301], [-3.5538, 48.19239], [-3.55625, 48.19145], [-3.55762, 48.19166], [-3.56197, 48.18964], [-3.56667, 48.19003], [-3.56577, 48.18804], [-3.56598, 48.18687], [-3.56484, 48.18575], [-3.56853, 48.1856], [-3.58065, 48.18243], [-3.58528, 48.17922], [-3.58879, 48.17756], [-3.59546, 48.17623], [-3.59852, 48.17535], [-3.6031, 48.17525], [-3.61082, 48.17387], [-3.61398, 48.17312], [-3.62261, 48.17021], [-3.62611, 48.16953], [-3.63123, 48.16773], [-3.63576, 48.16489], [-3.64431, 48.16067], [-3.65186, 48.15658], [-3.6585, 48.15512], [-3.66057, 48.15443], [-3.66501, 48.15365], [-3.66721, 48.1523], [-3.67066, 48.15233], [-3.67186, 48.15163], [-3.67364, 48.15205], [-3.683, 48.15133], [-3.68805, 48.15189], [-3.68837, 48.15241], [-3.6933, 48.1518], [-3.69468, 48.15091], [-3.69769, 48.14544], [-3.70711, 48.14482], [-3.71146, 48.14392], [-3.71551, 48.14222], [-3.71559, 48.14059], [-3.71291, 48.13726], [-3.71142, 48.13774], [-3.7085, 48.13578], [-3.71037, 48.13387], [-3.71395, 48.13337], [-3.71742, 48.13252], [-3.7219, 48.12927], [-3.72138, 48.12718], [-3.72214, 48.12555], [-3.72394, 48.12445], [-3.72101, 48.12336], [-3.7173, 48.12152], [-3.71819, 48.11994], [-3.72113, 48.1179], [-3.72349, 48.118], [-3.72586, 48.11747], [-3.73033, 48.11539], [-3.73234, 48.11357], [-3.73445, 48.11261], [-3.73483, 48.11123], [-3.73182, 48.10964], [-3.73102, 48.10684], [-3.72987, 48.10617], [-3.72913, 48.10441], [-3.72963, 48.10181], [-3.73324, 48.09826], [-3.73319, 48.0965], [-3.728, 48.09576], [-3.72528, 48.09496], [-3.72083, 48.09609], [-3.71762, 48.09747], [-3.71432, 48.09805], [-3.71432, 48.09868], [-3.70319, 48.09781], [-3.70012, 48.0968], [-3.69502, 48.09349], [-3.69798, 48.09172], [-3.7019, 48.08782], [-3.70432, 48.08662], [-3.70431, 48.083], [-3.70295, 48.08227], [-3.70349, 48.07814], [-3.70234, 48.07643], [-3.69992, 48.07521], [-3.699, 48.073], [-3.69926, 48.07005], [-3.69878, 48.06873], [-3.70139, 48.06873], [-3.7082, 48.06942], [-3.70871, 48.06681], [-3.70246, 48.0657], [-3.70194, 48.06347], [-3.69895, 48.06326], [-3.69911, 48.0623], [-3.69427, 48.06229], [-3.69232, 48.06292], [-3.68694, 48.05874], [-3.68489, 48.05974], [-3.67529, 48.0593], [-3.67354, 48.05812], [-3.67316, 48.05656], [-3.67383, 48.05482], [-3.67369, 48.05243], [-3.67412, 48.05024], [-3.67569, 48.04746], [-3.67314, 48.04457], [-3.66997, 48.04279], [-3.66901, 48.04018], [-3.6711, 48.03733], [-3.66862, 48.03677], [-3.6641, 48.0367], [-3.66417, 48.03439], [-3.66215, 48.03142], [-3.6621, 48.03034], [-3.66429, 48.02947], [-3.66182, 48.02563], [-3.6612, 48.02367], [-3.66329, 48.02302], [-3.66252, 48.01932], [-3.6608, 48.01716], [-3.66089, 48.0162], [-3.65962, 48.01455], [-3.65692, 48.01266], [-3.65507, 48.0129], [-3.65147, 48.01019], [-3.6483, 48.00652], [-3.64851, 48.00371], [-3.64693, 47.99978], [-3.64504, 47.99677], [-3.64383, 47.99557], [-3.64359, 47.99342], [-3.64161, 47.99257], [-3.64011, 47.98773], [-3.64104, 47.98579], [-3.64023, 47.98524], [-3.63566, 47.98579], [-3.63342, 47.98379], [-3.6322, 47.98431], [-3.63124, 47.98652], [-3.62843, 47.98544], [-3.6284, 47.98391], [-3.6263, 47.98311], [-3.62455, 47.98379], [-3.61997, 47.98186], [-3.61728, 47.98245], [-3.61641, 47.98416], [-3.61441, 47.98499], [-3.61126, 47.9856], [-3.60993, 47.98747], [-3.60771, 47.98929], [-3.60489, 47.98931], [-3.60374, 47.98988], [-3.59702, 47.99038], [-3.59005, 47.98929], [-3.58621, 47.98506], [-3.58415, 47.98458], [-3.58141, 47.98535], [-3.58159, 47.98692], [-3.58069, 47.98791], [-3.57892, 47.98777], [-3.57866, 47.98901], [-3.57696, 47.99058], [-3.57436, 47.99076], [-3.57274, 47.98944], [-3.57146, 47.9901], [-3.57137, 47.99158], [-3.5659, 47.99132], [-3.56511, 47.99212], [-3.56302, 47.99205], [-3.56084, 47.99122], [-3.56039, 47.99313], [-3.55869, 47.99416], [-3.55523, 47.9933], [-3.55527, 47.9924], [-3.55274, 47.99208], [-3.55027, 47.99099], [-3.54628, 47.98654], [-3.54362, 47.98739], [-3.54158, 47.98655], [-3.53857, 47.98724], [-3.53661, 47.98716], [-3.53344, 47.98885], [-3.53108, 47.98866], [-3.53091, 47.98718], [-3.52952, 47.98567], [-3.52886, 47.98322], [-3.52614, 47.98178], [-3.52476, 47.98018], [-3.52481, 47.97882], [-3.52307, 47.97824], [-3.51974, 47.97615], [-3.51672, 47.97638], [-3.51515, 47.97486], [-3.51233, 47.97473], [-3.51031, 47.97581], [-3.50772, 47.97612], [-3.50589, 47.9754], [-3.50399, 47.97577], [-3.50058, 47.97535], [-3.49782, 47.97594], [-3.49399, 47.97582], [-3.49154, 47.9749], [-3.48997, 47.97291], [-3.48849, 47.96982], [-3.48481, 47.96689], [-3.48452, 47.9619], [-3.48527, 47.95957], [-3.48245, 47.95835], [-3.48175, 47.95744], [-3.4814, 47.95187], [-3.47798, 47.94884], [-3.474, 47.94927], [-3.4721, 47.94904], [-3.46953, 47.94772], [-3.467, 47.94722], [-3.46757, 47.94575], [-3.46395, 47.94697], [-3.46229, 47.9489], [-3.46311, 47.95034], [-3.46206, 47.95233], [-3.4626, 47.95425], [-3.46102, 47.95636], [-3.46136, 47.9595], [-3.46002, 47.9601], [-3.45912, 47.95798], [-3.45603, 47.95665], [-3.4528, 47.9573], [-3.4515, 47.95886], [-3.44711, 47.95808], [-3.4447, 47.95865], [-3.44064, 47.9602], [-3.43688, 47.96265], [-3.4358, 47.96383], [-3.43306, 47.96518], [-3.43185, 47.96402], [-3.42793, 47.96548], [-3.42433, 47.96637], [-3.42123, 47.96752], [-3.42089, 47.96871], [-3.41728, 47.97258], [-3.41688, 47.97432], [-3.41486, 47.97501], [-3.41283, 47.9742], [-3.41065, 47.97079], [-3.4102, 47.96865], [-3.4082, 47.96686], [-3.40664, 47.96734], [-3.40339, 47.967], [-3.40334, 47.96533], [-3.40231, 47.96385], [-3.40273, 47.96032], [-3.40055, 47.96006], [-3.39862, 47.96083], [-3.39746, 47.96007], [-3.39655, 47.95778], [-3.39508, 47.95852], [-3.39305, 47.95845], [-3.39228, 47.95628], [-3.39308, 47.95362], [-3.39261, 47.95189], [-3.39509, 47.94938], [-3.39714, 47.94846], [-3.39713, 47.94715], [-3.40138, 47.94496], [-3.40173, 47.94314], [-3.40104, 47.94232], [-3.40007, 47.93903], [-3.39878, 47.93702], [-3.39824, 47.93452], [-3.39329, 47.93278], [-3.39032, 47.93139], [-3.38808, 47.92929], [-3.38682, 47.92643], [-3.38703, 47.92524], [-3.38965, 47.92281], [-3.39186, 47.92154], [-3.39327, 47.91786], [-3.39555, 47.91716], [-3.39741, 47.91829], [-3.39975, 47.9188], [-3.40497, 47.91809], [-3.40882, 47.91592], [-3.40862, 47.91408], [-3.40923, 47.90977], [-3.4077, 47.90921], [-3.40466, 47.90909], [-3.40331, 47.90777], [-3.40606, 47.90587], [-3.40954, 47.90525], [-3.41224, 47.90547], [-3.41542, 47.90685], [-3.41703, 47.90686], [-3.41924, 47.90558], [-3.41854, 47.90412], [-3.41315, 47.90335], [-3.40953, 47.90394], [-3.40539, 47.90221], [-3.40427, 47.89929], [-3.40598, 47.8978], [-3.40765, 47.89768], [-3.4079, 47.89577], [-3.40529, 47.89333], [-3.40516, 47.89207], [-3.40358, 47.8899], [-3.40242, 47.88661], [-3.40224, 47.88437], [-3.40367, 47.87988], [-3.40205, 47.87582], [-3.40144, 47.87328], [-3.40344, 47.87011], [-3.40401, 47.86616], [-3.40147, 47.8643], [-3.39905, 47.86361], [-3.4014, 47.86245], [-3.40453, 47.8629], [-3.40791, 47.86265], [-3.41067, 47.86331], [-3.41178, 47.86478], [-3.41058, 47.86619], [-3.41199, 47.86802], [-3.41595, 47.86814], [-3.41948, 47.86909], [-3.42476, 47.86906], [-3.42601, 47.86818], [-3.43171, 47.86759], [-3.43557, 47.86613], [-3.43578, 47.86432], [-3.4397, 47.86286], [-3.44233, 47.86423], [-3.44831, 47.8632], [-3.44985, 47.86133], [-3.44949, 47.86057], [-3.45165, 47.85875], [-3.45182, 47.85789], [-3.4509, 47.855], [-3.44938, 47.85333], [-3.44989, 47.85249], [-3.44889, 47.85073], [-3.44906, 47.84616], [-3.45403, 47.84448], [-3.45441, 47.8418], [-3.45572, 47.84029], [-3.45595, 47.8388], [-3.45766, 47.83663], [-3.46175, 47.83728], [-3.46555, 47.83584], [-3.46883, 47.83649], [-3.47177, 47.83651], [-3.47521, 47.83549], [-3.47689, 47.83306], [-3.47697, 47.83197], [-3.47981, 47.83161], [-3.48168, 47.82863], [-3.4843, 47.82624], [-3.48464, 47.82442], [-3.48744, 47.8237], [-3.48959, 47.82493], [-3.49217, 47.82422], [-3.49262, 47.8252], [-3.4963, 47.82753], [-3.50083, 47.82848], [-3.50231, 47.83039], [-3.50839, 47.83085], [-3.51172, 47.83199], [-3.51332, 47.83363], [-3.51344, 47.83538], [-3.51464, 47.83771], [-3.51621, 47.8393], [-3.51977, 47.83935], [-3.52177, 47.83988], [-3.52208, 47.8414], [-3.51871, 47.84779], [-3.51951, 47.84901], [-3.523, 47.84915], [-3.52317, 47.85004], [-3.52586, 47.85315], [-3.532, 47.85663], [-3.5366, 47.85635], [-3.54219, 47.85666], [-3.53985, 47.85845], [-3.54168, 47.86101], [-3.54208, 47.86284], [-3.54429, 47.85799], [-3.54248, 47.85615], [-3.53788, 47.85575], [-3.53143, 47.85148], [-3.52997, 47.84731], [-3.52839, 47.84568], [-3.52759, 47.84401], [-3.52894, 47.8429], [-3.53132, 47.84377], [-3.53614, 47.83892], [-3.53657, 47.83796], [-3.53856, 47.83786], [-3.53997, 47.83553], [-3.54144, 47.83122], [-3.54068, 47.82747], [-3.54084, 47.82462], [-3.5419, 47.82146], [-3.53988, 47.82259], [-3.53785, 47.82125], [-3.53511, 47.82063], [-3.53515, 47.81923], [-3.53632, 47.81827], [-3.53719, 47.81588], [-3.53573, 47.81297], [-3.53299, 47.81235], [-3.53221, 47.81148], [-3.52984, 47.81115], [-3.52725, 47.81016], [-3.52474, 47.80978], [-3.52454, 47.80862], [-3.5265, 47.80636], [-3.52675, 47.80445], [-3.52611, 47.80354], [-3.52184, 47.80371], [-3.52146, 47.80264], [-3.52355, 47.80155], [-3.52125, 47.79887], [-3.5228, 47.79789], [-3.52693, 47.797], [-3.52781, 47.79588], [-3.52734, 47.79414], [-3.52871, 47.79249], [-3.53143, 47.7911], [-3.53177, 47.7899], [-3.52782, 47.78691], [-3.52867, 47.78551], [-3.53122, 47.7838], [-3.53223, 47.78204], [-3.53333, 47.77572], [-3.53293, 47.77213], [-3.53132, 47.77094], [-3.53291, 47.76708], [-3.53694, 47.76611], [-3.53824, 47.76442], [-3.53863, 47.76264], [-3.54184, 47.7632], [-3.54221, 47.76413], [-3.54437, 47.76433], [-3.54655, 47.76589], [-3.54938, 47.76607], [-3.55106, 47.7649], [-3.55144, 47.76285], [-3.5548, 47.76358], [-3.55572, 47.76597], [-3.55739, 47.76588], [-3.56017, 47.76687], [-3.56183, 47.76796], [-3.56453, 47.76877], [-3.57343, 47.76944], [-3.57922, 47.76847], [-3.58003, 47.76677], [-3.58401, 47.76832], [-3.58589, 47.76836], [-3.58889, 47.76771], [-3.59079, 47.76906], [-3.59182, 47.76806], [-3.5945, 47.76819], [-3.59614, 47.76969], [-3.59837, 47.76989], [-3.59887, 47.76901], [-3.60191, 47.76868], [-3.60456, 47.77016], [-3.60818, 47.77024], [-3.60868, 47.77238], [-3.60812, 47.77336], [-3.60537, 47.7744], [-3.60371, 47.77678], [-3.60551, 47.77692], [-3.60618, 47.77458], [-3.6091, 47.77304], [-3.60973, 47.77102], [-3.61228, 47.76981], [-3.61733, 47.76951], [-3.62103, 47.77149], [-3.62634, 47.77004], [-3.62952, 47.77258], [-3.63415, 47.77279], [-3.63547, 47.77431], [-3.64006, 47.77358], [-3.64028, 47.7755], [-3.64206, 47.77528], [-3.64354, 47.77412], [-3.64607, 47.77466], [-3.64583, 47.77729], [-3.64682, 47.77882], [-3.64951, 47.77953], [-3.64934, 47.78162], [-3.64796, 47.78187], [-3.64506, 47.78337], [-3.64388, 47.78664], [-3.64226, 47.78826], [-3.64403, 47.78853], [-3.64623, 47.78669], [-3.64586, 47.78455], [-3.64866, 47.78273], [-3.65126, 47.78206], [-3.65087, 47.77983], [-3.65235, 47.77925], [-3.65581, 47.77912], [-3.66131, 47.77987], [-3.66264, 47.78094], [-3.6651, 47.78144], [-3.66703, 47.78071], [-3.66987, 47.78097], [-3.67221, 47.77927], [-3.67252, 47.77726], [-3.67456, 47.77626], [-3.67783, 47.77632], [-3.67947, 47.77709], [-3.68084, 47.77679], [-3.68316, 47.77776], [-3.68315, 47.77888], [-3.68731, 47.77953], [-3.68812, 47.78088], [-3.68998, 47.78123], [-3.69331, 47.78346], [-3.69404, 47.78522], [-3.69606, 47.78593], [-3.69982, 47.78659], [-3.70154, 47.78812], [-3.70563, 47.7894], [-3.70851, 47.79119], [-3.71117, 47.7934], [-3.7137, 47.79385], [-3.71484, 47.79501], [-3.71669, 47.7955], [-3.71898, 47.79723], [-3.72324, 47.79831], [-3.72301, 47.79914], [-3.72006, 47.80146], [-3.72213, 47.80203], [-3.72262, 47.80335], [-3.71709, 47.80711], [-3.71542, 47.80648], [-3.71269, 47.8073], [-3.71174, 47.81073], [-3.70789, 47.81323], [-3.70549, 47.81214], [-3.70207, 47.81214], [-3.70068, 47.80814], [-3.69967, 47.80992], [-3.70065, 47.81081], [-3.70019, 47.81205], [-3.70215, 47.81348], [-3.70062, 47.81527], [-3.7003, 47.8166], [-3.69697, 47.81902], [-3.69296, 47.81915], [-3.69229, 47.81851], [-3.68908, 47.81921], [-3.68487, 47.8187], [-3.68355, 47.8194], [-3.68344, 47.82076], [-3.6804, 47.82228], [-3.67374, 47.8233], [-3.67147, 47.8244], [-3.66831, 47.82385], [-3.66483, 47.82376], [-3.66207, 47.82254], [-3.6599, 47.82108], [-3.65924, 47.82233], [-3.65786, 47.82254], [-3.65357, 47.82136], [-3.64975, 47.82079], [-3.64835, 47.82253], [-3.64656, 47.82271], [-3.64322, 47.82581], [-3.64121, 47.827], [-3.64117, 47.8284], [-3.64618, 47.82467], [-3.64813, 47.82354], [-3.65013, 47.82343], [-3.65156, 47.82191], [-3.65547, 47.82388], [-3.66011, 47.82463], [-3.66232, 47.82407], [-3.66486, 47.82519], [-3.67292, 47.82555], [-3.67629, 47.82397], [-3.67977, 47.82388], [-3.68353, 47.82275], [-3.68608, 47.82045], [-3.68916, 47.82106], [-3.69059, 47.82018], [-3.69659, 47.82099], [-3.69613, 47.8234], [-3.69717, 47.82434], [-3.69497, 47.82558], [-3.69381, 47.8278], [-3.69395, 47.82956], [-3.69552, 47.83106], [-3.69694, 47.83062], [-3.69551, 47.82862], [-3.69665, 47.8263], [-3.69914, 47.82464], [-3.69809, 47.82236], [-3.70005, 47.81968], [-3.70425, 47.81775], [-3.70496, 47.81636], [-3.70446, 47.81481], [-3.70595, 47.81392], [-3.70864, 47.81513], [-3.71021, 47.81365], [-3.71297, 47.81202], [-3.7145, 47.81013], [-3.71606, 47.81037], [-3.72139, 47.8078], [-3.72464, 47.80523], [-3.72871, 47.80507], [-3.73046, 47.80344], [-3.73268, 47.80346], [-3.7349, 47.80416], [-3.73747, 47.80795], [-3.7418, 47.81237], [-3.74393, 47.81803], [-3.74317, 47.81852], [-3.7443, 47.82125], [-3.743, 47.82222], [-3.74284, 47.82372], [-3.74423, 47.82591], [-3.74362, 47.82761], [-3.74428, 47.82924], [-3.74759, 47.83119], [-3.74652, 47.83237], [-3.74951, 47.83281], [-3.75043, 47.83551], [-3.74868, 47.83605], [-3.74844, 47.83448], [-3.74561, 47.83508], [-3.74646, 47.83774], [-3.74814, 47.83892], [-3.74739, 47.84112], [-3.74899, 47.84514], [-3.75015, 47.84648], [-3.75183, 47.84716], [-3.75257, 47.84419], [-3.75097, 47.84491], [-3.74951, 47.8439], [-3.74828, 47.84189], [-3.74923, 47.84017], [-3.75394, 47.8387], [-3.75289, 47.83709], [-3.7579, 47.83579], [-3.75457, 47.83429], [-3.75518, 47.83323], [-3.7542, 47.83157], [-3.75149, 47.82958], [-3.75164, 47.82742], [-3.74728, 47.82796], [-3.74587, 47.82627], [-3.74669, 47.82469], [-3.74528, 47.824], [-3.74599, 47.82085], [-3.7454, 47.81917], [-3.7501, 47.81649], [-3.75177, 47.8146], [-3.74858, 47.81436], [-3.74885, 47.81552], [-3.74653, 47.81573], [-3.74503, 47.81428], [-3.74406, 47.81171], [-3.74419, 47.81048], [-3.74124, 47.80924], [-3.74095, 47.80732], [-3.73978, 47.80584], [-3.7413, 47.8045], [-3.74087, 47.80195], [-3.73802, 47.79989], [-3.74158, 47.7983], [-3.74196, 47.79748], [-3.74555, 47.79557], [-3.74656, 47.79557], [-3.74934, 47.79416], [-3.75126, 47.79397], [-3.75488, 47.79279], [-3.75578, 47.79188], [-3.75985, 47.79067], [-3.76376, 47.79088], [-3.76647, 47.79231], [-3.7668, 47.79117], [-3.77089, 47.78996], [-3.77665, 47.79006], [-3.77823, 47.79048], [-3.78837, 47.79125], [-3.79231, 47.79064], [-3.7953, 47.78986], [-3.80043, 47.78737], [-3.80256, 47.78897], [-3.80473, 47.78872], [-3.80712, 47.78905], [-3.80706, 47.7909], [-3.81101, 47.79259], [-3.81081, 47.79431], [-3.81537, 47.79439], [-3.81828, 47.7964], [-3.82098, 47.79716], [-3.82551, 47.79691], [-3.82725, 47.79588], [-3.82684, 47.79405], [-3.82864, 47.79346], [-3.82963, 47.79498], [-3.82951, 47.79621], [-3.83152, 47.79682], [-3.83486, 47.79628], [-3.83873, 47.79775], [-3.83982, 47.79625], [-3.84482, 47.79372], [-3.84573, 47.79237], [-3.84924, 47.79214], [-3.85117, 47.79257], [-3.85306, 47.79217], [-3.85605, 47.78961], [-3.85643, 47.79113], [-3.85493, 47.79143], [-3.85301, 47.79342], [-3.85294, 47.79515], [-3.8509, 47.79598], [-3.85067, 47.79806], [-3.85262, 47.80039], [-3.85309, 47.80213], [-3.85458, 47.80399], [-3.85977, 47.80709], [-3.86379, 47.80886], [-3.86826, 47.81161], [-3.87184, 47.8152], [-3.87741, 47.81924], [-3.87828, 47.8205], [-3.88078, 47.82244], [-3.88514, 47.82465], [-3.88544, 47.82665], [-3.88849, 47.82916], [-3.89222, 47.83072], [-3.89219, 47.83162], [-3.89378, 47.83266], [-3.8985, 47.8334], [-3.90148, 47.83428], [-3.90245, 47.83572], [-3.90162, 47.83657], [-3.9015, 47.83843], [-3.90237, 47.84005], [-3.89927, 47.84107], [-3.89813, 47.84227], [-3.89899, 47.84493], [-3.8984, 47.84676], [-3.8945, 47.84724], [-3.89279, 47.84639], [-3.89409, 47.84266], [-3.89218, 47.84294], [-3.89208, 47.8443], [-3.88877, 47.84872], [-3.89046, 47.84935], [-3.89534, 47.84927], [-3.89272, 47.85149], [-3.89238, 47.85254], [-3.88953, 47.85454], [-3.88676, 47.85492], [-3.8855, 47.85783], [-3.8843, 47.85852], [-3.88047, 47.85837], [-3.88063, 47.85916], [-3.88544, 47.859], [-3.88756, 47.856], [-3.89197, 47.85419], [-3.89727, 47.84917], [-3.90092, 47.8506], [-3.90255, 47.8496], [-3.90456, 47.85135], [-3.90921, 47.85033], [-3.91102, 47.85321], [-3.91342, 47.85484], [-3.91937, 47.85637], [-3.91297, 47.85951], [-3.91007, 47.85818], [-3.90865, 47.85641], [-3.90593, 47.85605], [-3.90342, 47.85754], [-3.90271, 47.85952], [-3.90019, 47.86074], [-3.90084, 47.86237], [-3.90302, 47.86045], [-3.90475, 47.86032], [-3.90776, 47.8625], [-3.90758, 47.86427], [-3.91138, 47.86646], [-3.9118, 47.86824], [-3.9115, 47.87028], [-3.91384, 47.87196], [-3.91658, 47.87132], [-3.91536, 47.86886], [-3.91717, 47.86786], [-3.91869, 47.86882], [-3.92227, 47.86944], [-3.92637, 47.86912], [-3.92815, 47.87052], [-3.93052, 47.87075], [-3.93147, 47.87246], [-3.92941, 47.87378], [-3.93105, 47.87735], [-3.93053, 47.87873], [-3.93351, 47.88177], [-3.93523, 47.88272], [-3.93801, 47.88293], [-3.94161, 47.88387], [-3.94461, 47.88596], [-3.94468, 47.88722], [-3.94749, 47.88711], [-3.94794, 47.88808], [-3.94646, 47.89137], [-3.94901, 47.89028], [-3.94997, 47.89045], [-3.9501, 47.89265], [-3.94844, 47.89396], [-3.94705, 47.89638], [-3.94771, 47.89738], [-3.94745, 47.90024], [-3.95167, 47.89794], [-3.95259, 47.89446], [-3.95408, 47.89402], [-3.95647, 47.89493], [-3.95778, 47.89679], [-3.95973, 47.89697], [-3.96816, 47.89615], [-3.97322, 47.8947], [-3.97416, 47.89758], [-3.97324, 47.89939], [-3.97358, 47.90108], [-3.97579, 47.9011], [-3.9761, 47.89915], [-3.97786, 47.89932], [-3.97719, 47.90098], [-3.97572, 47.90169], [-3.97706, 47.90501], [-3.97729, 47.90968], [-3.97851, 47.9093], [-3.97977, 47.90296], [-3.97971, 47.90134], [-3.98137, 47.89949], [-3.98089, 47.89825], [-3.98161, 47.8965], [-3.98067, 47.89474], [-3.98266, 47.89342], [-3.98499, 47.89442], [-3.98519, 47.89554], [-3.98895, 47.89565], [-3.99018, 47.89719], [-3.99182, 47.89708], [-3.99228, 47.89588], [-3.99012, 47.89301], [-3.98887, 47.89317], [-3.98699, 47.89044], [-3.98047, 47.88921], [-3.98147, 47.88803], [-3.98522, 47.88629], [-3.99003, 47.88274], [-3.98924, 47.88124], [-3.98723, 47.87951], [-3.98654, 47.87716], [-3.98513, 47.87606], [-3.9859, 47.87236], [-3.98449, 47.86954], [-3.98604, 47.86735], [-3.98439, 47.86481], [-3.98383, 47.86128], [-3.98011, 47.85824], [-3.97951, 47.85714], [-3.97468, 47.85537], [-3.97711, 47.8538], [-3.98025, 47.8543], [-3.98571, 47.85406], [-3.98672, 47.85345], [-3.99021, 47.85403], [-3.99684, 47.85295], [-4.00107, 47.85182], [-4.00629, 47.85122], [-4.01046, 47.85136], [-4.02555, 47.8504], [-4.03037, 47.84968], [-4.03565, 47.8479], [-4.03981, 47.84465], [-4.04742, 47.85096], [-4.05055, 47.85313], [-4.05674, 47.85604], [-4.06433, 47.85843], [-4.06762, 47.85905], [-4.07201, 47.8603], [-4.0754, 47.86066], [-4.08292, 47.86187], [-4.0883, 47.86206], [-4.08774, 47.86291], [-4.08262, 47.86265], [-4.07911, 47.8619], [-4.0743, 47.86157], [-4.07183, 47.86058], [-4.06706, 47.85985], [-4.0657, 47.85925], [-4.06088, 47.85807], [-4.05383, 47.8553], [-4.04696, 47.85166], [-4.04775, 47.8532], [-4.05343, 47.85578], [-4.05375, 47.85787], [-4.05512, 47.85762], [-4.05821, 47.85935], [-4.0596, 47.86139], [-4.06146, 47.86074], [-4.06491, 47.86209], [-4.06444, 47.8637], [-4.06667, 47.86326], [-4.06867, 47.86427], [-4.07158, 47.86393], [-4.07368, 47.86467], [-4.07079, 47.86849], [-4.07287, 47.86856], [-4.07389, 47.8676], [-4.07698, 47.8682], [-4.07897, 47.86908], [-4.07978, 47.87183], [-4.07837, 47.8752], [-4.07895, 47.87661], [-4.08096, 47.87605], [-4.07953, 47.87482], [-4.08038, 47.87356], [-4.08258, 47.87393], [-4.08505, 47.87329], [-4.0838, 47.87188], [-4.08235, 47.87205], [-4.08078, 47.87082], [-4.08001, 47.86821], [-4.0776, 47.86721], [-4.07836, 47.86573], [-4.08043, 47.86457], [-4.08375, 47.86475], [-4.08813, 47.86447], [-4.09041, 47.86285], [-4.09089, 47.8612], [-4.09404, 47.8613], [-4.09609, 47.86204], [-4.09936, 47.8625], [-4.0996, 47.86451], [-4.10206, 47.86591], [-4.10246, 47.86702], [-4.10124, 47.86862], [-4.10183, 47.87012], [-4.10334, 47.87094], [-4.10731, 47.87166], [-4.1103, 47.87137], [-4.11253, 47.87273], [-4.11751, 47.87665], [-4.11818, 47.87873], [-4.11465, 47.88232], [-4.11223, 47.88281], [-4.11106, 47.88413], [-4.1144, 47.88521], [-4.11684, 47.88377], [-4.11897, 47.88582], [-4.12048, 47.88556], [-4.12409, 47.88765], [-4.12412, 47.88955], [-4.12523, 47.89147], [-4.12169, 47.8927], [-4.11833, 47.89316], [-4.12021, 47.89486], [-4.12232, 47.89456], [-4.12285, 47.89341], [-4.12739, 47.89379], [-4.12847, 47.89273], [-4.13112, 47.89407], [-4.13125, 47.89574], [-4.13229, 47.89654], [-4.13314, 47.89857], [-4.13527, 47.89953], [-4.13737, 47.89807], [-4.14061, 47.89977], [-4.1421, 47.90268], [-4.14223, 47.90433], [-4.14152, 47.90659], [-4.14372, 47.90768], [-4.14474, 47.90934], [-4.14344, 47.91514], [-4.14043, 47.9191], [-4.13931, 47.92146], [-4.13965, 47.92424], [-4.13871, 47.92587], [-4.13534, 47.9247], [-4.13127, 47.92543], [-4.13026, 47.92648], [-4.13026, 47.93026], [-4.12655, 47.9307], [-4.11817, 47.93026], [-4.11633, 47.93058], [-4.11334, 47.93246], [-4.10979, 47.93636], [-4.10999, 47.94132], [-4.10942, 47.94211], [-4.10632, 47.94142], [-4.10395, 47.9397], [-4.10274, 47.94026], [-4.10305, 47.94165], [-4.10136, 47.94319], [-4.09932, 47.94303], [-4.09758, 47.9415], [-4.09612, 47.94099], [-4.09571, 47.93827], [-4.09374, 47.9386], [-4.08923, 47.93786], [-4.08724, 47.93706], [-4.07899, 47.93652], [-4.07775, 47.93736], [-4.0838, 47.93739], [-4.08689, 47.93798], [-4.08929, 47.93952], [-4.09215, 47.93927], [-4.09488, 47.94129], [-4.09178, 47.94281], [-4.09064, 47.94446], [-4.08861, 47.94547], [-4.08738, 47.94535], [-4.08787, 47.94772], [-4.08572, 47.94883], [-4.08539, 47.94998], [-4.07955, 47.94944], [-4.08018, 47.95076], [-4.08364, 47.95151], [-4.08658, 47.9514], [-4.08755, 47.94941], [-4.09009, 47.94828], [-4.09105, 47.9457], [-4.09421, 47.94458], [-4.09531, 47.94258], [-4.09757, 47.94236], [-4.09871, 47.94355], [-4.1021, 47.94377], [-4.10331, 47.94217], [-4.10687, 47.94216], [-4.10949, 47.94269], [-4.10829, 47.94551], [-4.1093, 47.94992], [-4.10813, 47.9508], [-4.10479, 47.9504], [-4.10219, 47.95058], [-4.10033, 47.95123], [-4.09717, 47.95343], [-4.09772, 47.95466], [-4.09631, 47.95849], [-4.09451, 47.96143], [-4.09522, 47.96717], [-4.09644, 47.97057], [-4.10004, 47.97254], [-4.10242, 47.97444], [-4.10725, 47.9744], [-4.11355, 47.97581], [-4.11353, 47.97739], [-4.11595, 47.97739], [-4.11513, 47.98055], [-4.11549, 47.98238], [-4.11717, 47.9835], [-4.11835, 47.97937], [-4.11812, 47.97745], [-4.11698, 47.97544], [-4.11243, 47.97217], [-4.1057, 47.97139], [-4.10164, 47.9716], [-4.101, 47.97054], [-4.10228, 47.96918], [-4.10258, 47.96753], [-4.10396, 47.96727], [-4.10933, 47.96382], [-4.11083, 47.96572], [-4.11244, 47.96631], [-4.11448, 47.96596], [-4.11491, 47.96391], [-4.11202, 47.96065], [-4.11169, 47.95687], [-4.11208, 47.95567], [-4.11496, 47.95394], [-4.1178, 47.95351], [-4.1192, 47.95402], [-4.12213, 47.95318], [-4.11997, 47.95154], [-4.11703, 47.95166], [-4.11391, 47.95296], [-4.11261, 47.95235], [-4.11158, 47.94998], [-4.11322, 47.94903], [-4.11383, 47.94746], [-4.11291, 47.94264], [-4.11128, 47.94146], [-4.11139, 47.93952], [-4.1108, 47.93644], [-4.11738, 47.93151], [-4.12003, 47.93119], [-4.12475, 47.93242], [-4.13061, 47.93151], [-4.13267, 47.92914], [-4.13145, 47.92744], [-4.13177, 47.92621], [-4.13332, 47.92567], [-4.13614, 47.92574], [-4.13861, 47.92669], [-4.14078, 47.92634], [-4.1412, 47.92537], [-4.14063, 47.92234], [-4.14153, 47.91985], [-4.14624, 47.91562], [-4.14831, 47.9128], [-4.14855, 47.91147], [-4.15092, 47.91058], [-4.14822, 47.90982], [-4.14864, 47.90673], [-4.14645, 47.90469], [-4.14555, 47.90185], [-4.14512, 47.8988], [-4.14561, 47.89738], [-4.14889, 47.89733], [-4.1519, 47.89779], [-4.15801, 47.89569], [-4.15907, 47.89451], [-4.16131, 47.89732], [-4.16565, 47.8955], [-4.16718, 47.89649], [-4.16813, 47.89933], [-4.17258, 47.90066], [-4.17205, 47.90181], [-4.17307, 47.90352], [-4.17267, 47.90462], [-4.17409, 47.90748], [-4.17633, 47.90713], [-4.17493, 47.90333], [-4.17498, 47.90215], [-4.17242, 47.89818], [-4.17065, 47.89751], [-4.16985, 47.89589], [-4.17117, 47.89464], [-4.16686, 47.89394], [-4.16415, 47.89382], [-4.16103, 47.89295], [-4.15774, 47.89286], [-4.15567, 47.89515], [-4.15068, 47.89443], [-4.15203, 47.89287], [-4.15122, 47.89071], [-4.14824, 47.88929], [-4.14863, 47.89247], [-4.14922, 47.89348], [-4.14722, 47.89472], [-4.14036, 47.89609], [-4.1363, 47.89361], [-4.13577, 47.89211], [-4.13041, 47.88997], [-4.13014, 47.88831], [-4.12872, 47.88713], [-4.12441, 47.8847], [-4.12297, 47.88451], [-4.12266, 47.88313], [-4.12144, 47.88244], [-4.12281, 47.88042], [-4.12429, 47.87948], [-4.12468, 47.87828], [-4.12234, 47.87832], [-4.12075, 47.87633], [-4.12098, 47.87434], [-4.11823, 47.87422], [-4.11647, 47.87192], [-4.1144, 47.87154], [-4.115, 47.86975], [-4.11352, 47.86925], [-4.11267, 47.86446], [-4.11331, 47.86204], [-4.11567, 47.86267], [-4.11723, 47.8639], [-4.12063, 47.86479], [-4.12316, 47.86478], [-4.13233, 47.86247], [-4.14069, 47.85948], [-4.14694, 47.85688], [-4.15315, 47.85396], [-4.15511, 47.85245], [-4.15814, 47.85093], [-4.16017, 47.85055], [-4.16356, 47.84919], [-4.16737, 47.84482], [-4.16641, 47.84356], [-4.1681, 47.84144], [-4.16835, 47.83975], [-4.16981, 47.83949], [-4.1689, 47.84311], [-4.16927, 47.84557], [-4.16877, 47.84912], [-4.1678, 47.85048], [-4.16513, 47.85236], [-4.16684, 47.85897], [-4.168, 47.86031], [-4.17099, 47.86212], [-4.16981, 47.86449], [-4.1698, 47.86612], [-4.17344, 47.86952], [-4.17419, 47.8707], [-4.17163, 47.87437], [-4.17511, 47.87597], [-4.17883, 47.87897], [-4.18286, 47.87955], [-4.18349, 47.87658], [-4.18474, 47.8753], [-4.18962, 47.87566], [-4.19116, 47.87666], [-4.19315, 47.876], [-4.19565, 47.87613], [-4.19472, 47.87401], [-4.192, 47.87268], [-4.19295, 47.87055], [-4.19148, 47.86901], [-4.19227, 47.86784], [-4.1918, 47.86674], [-4.19492, 47.86539], [-4.19507, 47.86393], [-4.19697, 47.86252], [-4.19707, 47.86058], [-4.19593, 47.85946], [-4.19784, 47.85864], [-4.19909, 47.8606], [-4.20336, 47.86207], [-4.20439, 47.86332], [-4.20414, 47.86455], [-4.20676, 47.86622], [-4.21142, 47.86762], [-4.21524, 47.86705], [-4.21565, 47.86603], [-4.21125, 47.86677], [-4.20777, 47.86516], [-4.20583, 47.86356], [-4.20737, 47.86302], [-4.20735, 47.8618], [-4.20131, 47.86015], [-4.19988, 47.85943], [-4.19885, 47.85754], [-4.19583, 47.85649], [-4.19548, 47.8553], [-4.1917, 47.85294], [-4.19156, 47.85168], [-4.18937, 47.8514], [-4.1874, 47.84907], [-4.19014, 47.84847], [-4.19116, 47.84687], [-4.19005, 47.84554], [-4.18611, 47.84458], [-4.18501, 47.8432], [-4.18201, 47.84224], [-4.17943, 47.83927], [-4.18237, 47.83758], [-4.18319, 47.83612], [-4.18182, 47.8353], [-4.18006, 47.83631], [-4.17864, 47.83566], [-4.17694, 47.83381], [-4.17485, 47.83407], [-4.17879, 47.83706], [-4.17718, 47.83697], [-4.17481, 47.83805], [-4.17399, 47.8373], [-4.17607, 47.83609], [-4.17209, 47.83418], [-4.17086, 47.8351], [-4.16759, 47.83573], [-4.16248, 47.83395], [-4.16133, 47.83279], [-4.15884, 47.83154], [-4.16301, 47.82783], [-4.16308, 47.82629], [-4.1617, 47.82541], [-4.16142, 47.82418], [-4.16273, 47.82225], [-4.16448, 47.82134], [-4.16696, 47.81863], [-4.16708, 47.81632], [-4.16505, 47.81449], [-4.16611, 47.81394], [-4.16946, 47.81389], [-4.17227, 47.81332], [-4.17483, 47.81232], [-4.17534, 47.81153], [-4.17513, 47.80824], [-4.17381, 47.80737], [-4.17641, 47.80505], [-4.1799, 47.80401], [-4.18309, 47.80112], [-4.18298, 47.80022], [-4.19047, 47.79854], [-4.19245, 47.79721], [-4.19244, 47.79608], [-4.19538, 47.7965], [-4.19866, 47.79867], [-4.20262, 47.79984], [-4.2077, 47.80028], [-4.20834, 47.8016], [-4.20991, 47.80137], [-4.21075, 47.80548], [-4.2125, 47.8066], [-4.21411, 47.80872], [-4.21516, 47.81136], [-4.2168, 47.81208], [-4.21617, 47.80811], [-4.215, 47.80682], [-4.2133, 47.80222], [-4.21255, 47.80163], [-4.21307, 47.7998], [-4.21257, 47.79802], [-4.21024, 47.79644], [-4.21225, 47.79596], [-4.21404, 47.7974], [-4.2162, 47.79592], [-4.21689, 47.7929], [-4.21921, 47.7921], [-4.22102, 47.79317], [-4.22402, 47.7921], [-4.22764, 47.79361], [-4.23246, 47.79369], [-4.23644, 47.7923], [-4.23908, 47.793], [-4.2449, 47.79245], [-4.24912, 47.79145], [-4.25235, 47.79154], [-4.25499, 47.79224], [-4.26149, 47.79174], [-4.26569, 47.7906], [-4.2678, 47.79034], [-4.27241, 47.79188], [-4.27539, 47.79207], [-4.27716, 47.79125], [-4.27933, 47.79302], [-4.27547, 47.79541], [-4.27385, 47.79582], [-4.27432, 47.79796], [-4.27116, 47.79791], [-4.27192, 47.80071], [-4.27492, 47.79901], [-4.27563, 47.79662], [-4.28383, 47.79268], [-4.28577, 47.79207], [-4.28711, 47.79312], [-4.29017, 47.79291], [-4.29198, 47.79199], [-4.29571, 47.79281], [-4.29413, 47.79363], [-4.29316, 47.79544], [-4.29379, 47.79734], [-4.29606, 47.79938], [-4.29854, 47.80046], [-4.30652, 47.80104], [-4.31219, 47.8009], [-4.31795, 47.79985], [-4.32209, 47.79867], [-4.32361, 47.79786], [-4.32611, 47.79766], [-4.33141, 47.79871], [-4.33962, 47.79901], [-4.34319, 47.79967], [-4.34754, 47.7991], [-4.35064, 47.79771], [-4.35654, 47.79668], [-4.3619, 47.79674], [-4.36219, 47.79587], [-4.36807, 47.79625], [-4.37044, 47.79746], [-4.37419, 47.79798], [-4.37378, 47.79948], [-4.37493, 47.80334], [-4.37289, 47.80572], [-4.37149, 47.80841], [-4.37276, 47.81155], [-4.3751, 47.81318], [-4.37532, 47.81636], [-4.37811, 47.8172], [-4.37868, 47.81649], [-4.38186, 47.81621], [-4.38055, 47.818], [-4.38063, 47.82017], [-4.37925, 47.82205], [-4.37633, 47.82321], [-4.37442, 47.82454], [-4.37306, 47.82444], [-4.37065, 47.82557], [-4.36961, 47.82469], [-4.36776, 47.82492], [-4.36663, 47.82765], [-4.36241, 47.82817], [-4.36254, 47.82708], [-4.35907, 47.82615], [-4.35602, 47.827], [-4.3521, 47.82881], [-4.3489, 47.8316], [-4.34802, 47.8331], [-4.3479, 47.83482], [-4.34949, 47.83672], [-4.3517, 47.83681], [-4.35365, 47.8362], [-4.35407, 47.83749], [-4.34929, 47.83839], [-4.34709, 47.83789], [-4.34604, 47.84021], [-4.34675, 47.84477], [-4.34815, 47.8511], [-4.3493, 47.85374], [-4.35098, 47.85906], [-4.3521, 47.86107], [-4.35404, 47.86683], [-4.35709, 47.87243], [-4.35965, 47.87783], [-4.36113, 47.88208], [-4.36084, 47.883], [-4.36251, 47.88688], [-4.36245, 47.88954], [-4.36489, 47.89102], [-4.36607, 47.89362], [-4.3681, 47.89567], [-4.37037, 47.89933], [-4.37752, 47.91169], [-4.38104, 47.91722], [-4.38359, 47.92086], [-4.38802, 47.92665], [-4.39214, 47.93152], [-4.39519, 47.93441], [-4.40014, 47.93841], [-4.4031, 47.94005], [-4.40511, 47.94061], [-4.40822, 47.94282], [-4.40902, 47.94386], [-4.40985, 47.94665], [-4.41296, 47.95044], [-4.41291, 47.95112], [-4.41468, 47.95399], [-4.41776, 47.95752], [-4.42255, 47.96244], [-4.42461, 47.96376], [-4.42716, 47.9637], [-4.43178, 47.96785], [-4.43602, 47.97045], [-4.43904, 47.9715], [-4.44182, 47.97318], [-4.44428, 47.97399], [-4.4464, 47.97644], [-4.44791, 47.97725], [-4.4509, 47.98105], [-4.45197, 47.98162], [-4.45767, 47.98246], [-4.45915, 47.98351], [-4.46211, 47.98455], [-4.46693, 47.98449], [-4.47006, 47.98477], [-4.47252, 47.98561], [-4.47587, 47.98596], [-4.4792, 47.99095], [-4.48266, 47.99382], [-4.48854, 47.99605], [-4.49429, 47.99946], [-4.50063, 48.00216], [-4.50516, 48.00289], [-4.50733, 48.00358], [-4.50995, 48.00509], [-4.51731, 48.00642], [-4.5194, 48.00476], [-4.52201, 48.00583], [-4.5238, 48.00563], [-4.52618, 48.00635], [-4.53163, 48.00941], [-4.53437, 48.00975], [-4.53671, 48.01164], [-4.53688, 48.01249], [-4.5353, 48.01376], [-4.53536, 48.01525], [-4.53372, 48.01616], [-4.53223, 48.02116], [-4.53459, 48.02224], [-4.53452, 48.02383], [-4.5326, 48.02453], [-4.53286, 48.02654], [-4.53092, 48.02765], [-4.53097, 48.0285], [-4.53367, 48.03223], [-4.53113, 48.0349], [-4.52909, 48.03584], [-4.52319, 48.03654], [-4.51845, 48.03623], [-4.51347, 48.03679], [-4.50887, 48.03553], [-4.50457, 48.0356], [-4.50155, 48.03618], [-4.4997, 48.03747], [-4.496, 48.0385], [-4.49166, 48.03875], [-4.49084, 48.03777], [-4.48818, 48.03845], [-4.49248, 48.03987], [-4.49687, 48.04007], [-4.50247, 48.03807], [-4.50557, 48.03762], [-4.51, 48.03912], [-4.50825, 48.04112], [-4.50995, 48.04223], [-4.51179, 48.04087], [-4.51182, 48.03856], [-4.51633, 48.03862], [-4.52113, 48.0382], [-4.52221, 48.03931], [-4.51943, 48.04118], [-4.52171, 48.04222], [-4.52419, 48.04], [-4.52476, 48.03817], [-4.52726, 48.03829], [-4.53063, 48.03723], [-4.53323, 48.03496], [-4.53482, 48.03685], [-4.53971, 48.03828], [-4.53915, 48.03709], [-4.53526, 48.03615], [-4.53388, 48.03375], [-4.53521, 48.03164], [-4.53415, 48.02823], [-4.53634, 48.028], [-4.53704, 48.02652], [-4.5353, 48.02468], [-4.53848, 48.02269], [-4.53497, 48.01902], [-4.53547, 48.01713], [-4.5376, 48.01647], [-4.54065, 48.01258], [-4.5425, 48.01125], [-4.54934, 48.01207], [-4.55295, 48.01042], [-4.5558, 48.00958], [-4.55713, 48.00738], [-4.55646, 48.00489], [-4.56027, 48.00208], [-4.56325, 48.00123], [-4.56475, 47.99983], [-4.56867, 48.00001], [-4.57172, 48.00222], [-4.578, 48.00451], [-4.58021, 48.00384], [-4.58132, 48.00463], [-4.58377, 48.00485], [-4.58847, 48.00737], [-4.59227, 48.00656], [-4.59259, 48.00798], [-4.59128, 48.01031], [-4.59244, 48.01201], [-4.59726, 48.01488], [-4.5992, 48.01526], [-4.60389, 48.01517], [-4.60826, 48.01612], [-4.6117, 48.01822], [-4.61289, 48.01702], [-4.61715, 48.01668], [-4.61915, 48.01809], [-4.62263, 48.01794], [-4.62209, 48.01941], [-4.62305, 48.02066], [-4.62773, 48.02192], [-4.6278, 48.02399], [-4.62854, 48.02548], [-4.63016, 48.02652], [-4.63118, 48.02857], [-4.63296, 48.02937], [-4.63689, 48.02855], [-4.63804, 48.02708], [-4.64084, 48.02646], [-4.64305, 48.02326], [-4.6494, 48.02346], [-4.65026, 48.02184], [-4.65309, 48.0223], [-4.65486, 48.02197], [-4.65674, 48.02253], [-4.657, 48.02347], [-4.66283, 48.02483], [-4.66275, 48.02624], [-4.66391, 48.02679], [-4.66602, 48.026], [-4.67032, 48.02587], [-4.67248, 48.02646], [-4.67779, 48.02695], [-4.68486, 48.02699], [-4.68914, 48.02632], [-4.6933, 48.02823], [-4.69569, 48.029], [-4.69578, 48.02709], [-4.69727, 48.02615], [-4.69853, 48.02653], [-4.70046, 48.0284], [-4.7033, 48.03003], [-4.70513, 48.0301], [-4.70876, 48.03164], [-4.71005, 48.03314], [-4.71469, 48.03363], [-4.71592, 48.0327], [-4.71852, 48.03353], [-4.72247, 48.03389], [-4.72487, 48.03274], [-4.7263, 48.03293], [-4.72926, 48.03582], [-4.73153, 48.03623], [-4.73449, 48.03817], [-4.73703, 48.03905], [-4.74044, 48.03943], [-4.7408, 48.04058], [-4.73744, 48.04011], [-4.73196, 48.04089], [-4.72984, 48.04071], [-4.72715, 48.04164], [-4.72524, 48.04107], [-4.72059, 48.04095], [-4.71939, 48.0421], [-4.71711, 48.04161], [-4.71326, 48.04157], [-4.71174, 48.04275], [-4.70788, 48.04406], [-4.70686, 48.04503], [-4.70564, 48.04844], [-4.70577, 48.04942], [-4.70893, 48.05041], [-4.71118, 48.05158], [-4.71111, 48.05312], [-4.71416, 48.05281], [-4.71447, 48.05351], [-4.71154, 48.05481], [-4.71369, 48.05824], [-4.7134, 48.06016], [-4.71608, 48.06207], [-4.71631, 48.06278], [-4.7143, 48.06435], [-4.7114, 48.0648], [-4.70924, 48.06321], [-4.70818, 48.06336], [-4.7024, 48.06191], [-4.69854, 48.06232], [-4.6976, 48.0613], [-4.6939, 48.06035], [-4.69258, 48.06155], [-4.68963, 48.06214], [-4.69016, 48.06368], [-4.68826, 48.06448], [-4.68834, 48.06257], [-4.68671, 48.06145], [-4.68514, 48.06132], [-4.68174, 48.06207], [-4.67896, 48.06093], [-4.67419, 48.06099], [-4.67185, 48.06018], [-4.67151, 48.06214], [-4.67238, 48.06407], [-4.67139, 48.06526], [-4.66941, 48.06605], [-4.6685, 48.06728], [-4.66986, 48.06896], [-4.66795, 48.0698], [-4.66781, 48.07129], [-4.66571, 48.0712], [-4.66523, 48.07263], [-4.66331, 48.07184], [-4.66322, 48.06968], [-4.66139, 48.06906], [-4.65919, 48.0692], [-4.65598, 48.06794], [-4.65532, 48.06897], [-4.65183, 48.06905], [-4.65121, 48.07003], [-4.64615, 48.06844], [-4.64403, 48.06721], [-4.64102, 48.06725], [-4.64005, 48.06813], [-4.63718, 48.06875], [-4.63161, 48.06746], [-4.63017, 48.06822], [-4.62937, 48.0698], [-4.63113, 48.07141], [-4.62978, 48.07249], [-4.62633, 48.07079], [-4.62442, 48.07055], [-4.62173, 48.06854], [-4.61755, 48.07064], [-4.61428, 48.07034], [-4.61433, 48.07169], [-4.61101, 48.07207], [-4.60695, 48.07389], [-4.60514, 48.07603], [-4.60176, 48.07546], [-4.59847, 48.07602], [-4.59477, 48.07561], [-4.59407, 48.07434], [-4.59114, 48.07365], [-4.59213, 48.07648], [-4.58926, 48.07719], [-4.58802, 48.07804], [-4.58811, 48.07974], [-4.58314, 48.07986], [-4.58253, 48.08184], [-4.58124, 48.08227], [-4.57876, 48.08134], [-4.57592, 48.08223], [-4.57105, 48.08161], [-4.56879, 48.08238], [-4.56722, 48.08225], [-4.56481, 48.08022], [-4.56252, 48.08022], [-4.55952, 48.07796], [-4.55599, 48.07876], [-4.55433, 48.07741], [-4.55163, 48.07634], [-4.55097, 48.07738], [-4.54651, 48.07782], [-4.54564, 48.07846], [-4.54646, 48.07999], [-4.54415, 48.08198], [-4.54164, 48.08132], [-4.54169, 48.08325], [-4.54049, 48.08382], [-4.54046, 48.08766], [-4.53862, 48.08858], [-4.53637, 48.08893], [-4.53644, 48.08992], [-4.53251, 48.08826], [-4.53162, 48.08655], [-4.52958, 48.08749], [-4.52814, 48.08572], [-4.52576, 48.08559], [-4.52519, 48.08688], [-4.52275, 48.08576], [-4.52144, 48.08647], [-4.52218, 48.09108], [-4.52038, 48.09078], [-4.51923, 48.08913], [-4.51711, 48.08848], [-4.51557, 48.08948], [-4.51418, 48.08874], [-4.5107, 48.08985], [-4.50936, 48.0889], [-4.50675, 48.08909], [-4.50329, 48.08789], [-4.50242, 48.09052], [-4.50033, 48.09096], [-4.50022, 48.08965], [-4.49697, 48.08794], [-4.49106, 48.08707], [-4.48933, 48.08623], [-4.48647, 48.08797], [-4.48332, 48.08919], [-4.48233, 48.09137], [-4.47925, 48.09205], [-4.47745, 48.09319], [-4.47748, 48.09545], [-4.47555, 48.09579], [-4.46648, 48.09591], [-4.46698, 48.09718], [-4.46591, 48.09937], [-4.46254, 48.0988], [-4.46216, 48.09742], [-4.45733, 48.09653], [-4.45294, 48.098], [-4.45011, 48.09848], [-4.44633, 48.09744], [-4.44385, 48.09799], [-4.44201, 48.09683], [-4.43951, 48.0967], [-4.4354, 48.09735], [-4.43299, 48.09735], [-4.43169, 48.09878], [-4.42974, 48.09984], [-4.42291, 48.10024], [-4.42369, 48.10263], [-4.42081, 48.10537], [-4.41613, 48.10672], [-4.413, 48.10704], [-4.4094, 48.10566], [-4.40705, 48.10427], [-4.40484, 48.10381], [-4.40365, 48.1055], [-4.4006, 48.1054], [-4.39837, 48.10481], [-4.39361, 48.10445], [-4.39104, 48.10496], [-4.38788, 48.10497], [-4.3869, 48.10574], [-4.38305, 48.10619], [-4.38156, 48.10723], [-4.37735, 48.1085], [-4.3757, 48.10977], [-4.3719, 48.11016], [-4.36788, 48.10976], [-4.36549, 48.10896], [-4.36249, 48.10926], [-4.36155, 48.10878], [-4.3604, 48.10667], [-4.35668, 48.1049], [-4.35407, 48.10293], [-4.35228, 48.10208], [-4.34862, 48.10247], [-4.34587, 48.10092], [-4.34464, 48.10144], [-4.34097, 48.10052], [-4.33909, 48.09846], [-4.33807, 48.09523], [-4.33591, 48.09363], [-4.33477, 48.09207], [-4.33465, 48.09064], [-4.33323, 48.08896], [-4.33347, 48.08457], [-4.33239, 48.08503], [-4.3317, 48.08859], [-4.3348, 48.09437], [-4.3353, 48.09732], [-4.33328, 48.0978], [-4.33022, 48.09662], [-4.32758, 48.09966], [-4.3268, 48.09826], [-4.32332, 48.09787], [-4.3242, 48.09683], [-4.32374, 48.0939], [-4.32289, 48.09293], [-4.31936, 48.09223], [-4.31441, 48.09296], [-4.3115, 48.09236], [-4.3121, 48.09124], [-4.3083, 48.09001], [-4.30699, 48.08918], [-4.30439, 48.08943], [-4.29964, 48.09064], [-4.29649, 48.09245], [-4.29897, 48.09393], [-4.29805, 48.0952], [-4.29436, 48.09853], [-4.29371, 48.10023], [-4.29159, 48.10008], [-4.28973, 48.10076], [-4.28925, 48.10179], [-4.28664, 48.10297], [-4.28347, 48.10938], [-4.28204, 48.11452], [-4.28098, 48.11683], [-4.28063, 48.11888], [-4.28355, 48.12007], [-4.28344, 48.12301], [-4.28535, 48.12638], [-4.28362, 48.12656], [-4.27645, 48.13121], [-4.27541, 48.13416], [-4.27331, 48.13306], [-4.27162, 48.13297], [-4.27026, 48.13129], [-4.26898, 48.13343], [-4.27046, 48.13498], [-4.27131, 48.13755], [-4.27281, 48.14612], [-4.27227, 48.14832], [-4.27531, 48.14999], [-4.27258, 48.15132], [-4.27308, 48.15418], [-4.2749, 48.15579], [-4.27916, 48.15596], [-4.28329, 48.15663], [-4.28511, 48.15553], [-4.28682, 48.15566], [-4.28929, 48.1576], [-4.28926, 48.15895], [-4.29385, 48.15739], [-4.29538, 48.1583], [-4.29651, 48.1603], [-4.2945, 48.16205], [-4.29493, 48.16378], [-4.29625, 48.16515], [-4.29771, 48.16497], [-4.29912, 48.16761], [-4.29669, 48.16873], [-4.29314, 48.16776], [-4.29183, 48.1691], [-4.29178, 48.17195], [-4.29311, 48.17241], [-4.29132, 48.17472], [-4.29118, 48.17573], [-4.29296, 48.17756], [-4.2952, 48.18253], [-4.30285, 48.19388], [-4.30316, 48.19531], [-4.31131, 48.19723], [-4.31243, 48.19703], [-4.31565, 48.20172], [-4.31612, 48.20382], [-4.32114, 48.20399], [-4.32249, 48.20242], [-4.32768, 48.20181], [-4.32775, 48.20338], [-4.33203, 48.20625], [-4.33447, 48.20692], [-4.33709, 48.20628], [-4.33764, 48.20525], [-4.34034, 48.20524], [-4.3411, 48.20596], [-4.34324, 48.20579], [-4.34826, 48.20605], [-4.34899, 48.207], [-4.35128, 48.20583], [-4.35351, 48.20589], [-4.35712, 48.2051], [-4.36262, 48.20645], [-4.36907, 48.20505], [-4.37365, 48.20663], [-4.37374, 48.20784], [-4.37145, 48.20834], [-4.36916, 48.20946], [-4.37007, 48.21134], [-4.37349, 48.21485], [-4.37816, 48.2186], [-4.3841, 48.21862], [-4.38621, 48.21923], [-4.38896, 48.21861], [-4.38986, 48.21766], [-4.39156, 48.21829], [-4.39256, 48.2203], [-4.39695, 48.22037], [-4.39959, 48.21981], [-4.40235, 48.22087], [-4.40281, 48.22188], [-4.40697, 48.22317], [-4.41302, 48.22242], [-4.41474, 48.22323], [-4.41399, 48.22575], [-4.41719, 48.2271], [-4.41928, 48.22748], [-4.42163, 48.22644], [-4.4256, 48.22932], [-4.43069, 48.22803], [-4.43242, 48.22834], [-4.43434, 48.22756], [-4.43587, 48.22575], [-4.43553, 48.2237], [-4.43928, 48.22447], [-4.43506, 48.22788], [-4.43318, 48.22853], [-4.43233, 48.22979], [-4.43481, 48.2301], [-4.43798, 48.23109], [-4.44281, 48.23348], [-4.44836, 48.23563], [-4.45029, 48.23539], [-4.45401, 48.23594], [-4.46061, 48.23529], [-4.46036, 48.23647], [-4.46271, 48.23747], [-4.46243, 48.23893], [-4.46391, 48.23938], [-4.46905, 48.23795], [-4.47181, 48.23784], [-4.47405, 48.23635], [-4.47768, 48.23561], [-4.47877, 48.23626], [-4.48381, 48.23601], [-4.48466, 48.23475], [-4.48626, 48.2347], [-4.4871, 48.23591], [-4.48903, 48.23621], [-4.49216, 48.23535], [-4.49289, 48.23423], [-4.49527, 48.23436], [-4.49871, 48.23275], [-4.50165, 48.23042], [-4.50345, 48.22765], [-4.50386, 48.22515], [-4.50134, 48.22394], [-4.49726, 48.22368], [-4.49456, 48.22167], [-4.49514, 48.21938], [-4.4973, 48.21677], [-4.49971, 48.21614], [-4.50316, 48.21616], [-4.50379, 48.21522], [-4.50959, 48.21267], [-4.51118, 48.21082], [-4.51027, 48.20957], [-4.51323, 48.20741], [-4.5148, 48.20551], [-4.5147, 48.20272], [-4.51393, 48.20195], [-4.51588, 48.19935], [-4.51893, 48.19832], [-4.51818, 48.19679], [-4.5207, 48.19587], [-4.52019, 48.19409], [-4.518, 48.19228], [-4.52218, 48.19118], [-4.52275, 48.18988], [-4.52521, 48.18856], [-4.527, 48.18575], [-4.52932, 48.18544], [-4.53363, 48.18333], [-4.53699, 48.18264], [-4.53816, 48.18126], [-4.54017, 48.18069], [-4.53995, 48.17899], [-4.53861, 48.17704], [-4.5412, 48.17409], [-4.53963, 48.17043], [-4.54147, 48.16947], [-4.54213, 48.16834], [-4.54545, 48.16896], [-4.54751, 48.16825], [-4.55413, 48.16777], [-4.55509, 48.16894], [-4.55757, 48.16983], [-4.55848, 48.17312], [-4.55706, 48.17415], [-4.55955, 48.17571], [-4.55961, 48.17711], [-4.55609, 48.17859], [-4.55391, 48.17898], [-4.55103, 48.18122], [-4.55078, 48.18242], [-4.55212, 48.18324], [-4.55227, 48.18449], [-4.55399, 48.1857], [-4.55148, 48.18721], [-4.55055, 48.18879], [-4.55211, 48.18943], [-4.55356, 48.1911], [-4.55091, 48.19162], [-4.54964, 48.19426], [-4.55106, 48.19838], [-4.55074, 48.19957], [-4.55169, 48.2011], [-4.5528, 48.20648], [-4.55205, 48.20839], [-4.55278, 48.21096], [-4.55431, 48.21281], [-4.55667, 48.21384], [-4.56024, 48.21986], [-4.55835, 48.22191], [-4.55914, 48.22331], [-4.55845, 48.2248], [-4.55992, 48.22561], [-4.56221, 48.22863], [-4.56132, 48.23018], [-4.56402, 48.23223], [-4.56919, 48.23138], [-4.57156, 48.23147], [-4.57028, 48.23507], [-4.56705, 48.23521], [-4.56506, 48.2365], [-4.56145, 48.23572], [-4.55765, 48.23711], [-4.55722, 48.23845], [-4.55385, 48.2396], [-4.54948, 48.23976], [-4.5452, 48.24033], [-4.54429, 48.24198], [-4.54391, 48.24566], [-4.54418, 48.24822], [-4.54329, 48.24908], [-4.54509, 48.25028], [-4.54826, 48.25374], [-4.54854, 48.25481], [-4.55151, 48.25521], [-4.55627, 48.2584], [-4.55818, 48.25904], [-4.56057, 48.25877], [-4.56058, 48.25728], [-4.56337, 48.25544], [-4.56891, 48.25442], [-4.57196, 48.25351], [-4.57416, 48.25468], [-4.57576, 48.25454], [-4.58014, 48.25151], [-4.58249, 48.25051], [-4.58358, 48.25248], [-4.58931, 48.2533], [-4.59089, 48.25252], [-4.59452, 48.25189], [-4.59743, 48.25235], [-4.59556, 48.255], [-4.59765, 48.25649], [-4.59989, 48.25658], [-4.60249, 48.25813], [-4.60231, 48.25981], [-4.60384, 48.26067], [-4.60653, 48.26054], [-4.61056, 48.2617], [-4.61275, 48.26197], [-4.61826, 48.26068], [-4.61931, 48.25614], [-4.62194, 48.25313], [-4.62331, 48.25323], [-4.62231, 48.25582], [-4.62426, 48.25724], [-4.62502, 48.25931], [-4.6225, 48.2611], [-4.62239, 48.26219], [-4.62046, 48.26343], [-4.61798, 48.26652], [-4.61834, 48.26758], [-4.61593, 48.27031], [-4.6151, 48.27248], [-4.61622, 48.2753], [-4.6192, 48.27769], [-4.62085, 48.27795], [-4.62238, 48.27727], [-4.62469, 48.27875], [-4.62822, 48.27939], [-4.62944, 48.2808], [-4.62695, 48.28091], [-4.61946, 48.28065], [-4.61581, 48.2816], [-4.61372, 48.2797], [-4.61146, 48.27998], [-4.6104, 48.28166], [-4.60835, 48.28338], [-4.60719, 48.28579], [-4.6056, 48.28661], [-4.60153, 48.287], [-4.60008, 48.28627], [-4.60104, 48.28333], [-4.59997, 48.28199], [-4.5929, 48.2808], [-4.59092, 48.2802], [-4.59187, 48.2792], [-4.59355, 48.28058], [-4.59722, 48.28117], [-4.59842, 48.2801], [-4.59681, 48.27872], [-4.59561, 48.27684], [-4.59406, 48.27553], [-4.59203, 48.27494], [-4.58867, 48.27619], [-4.58783, 48.27497], [-4.58499, 48.27592], [-4.57856, 48.27744], [-4.57641, 48.27897], [-4.5746, 48.28211], [-4.57133, 48.28131], [-4.56992, 48.28194], [-4.56693, 48.28569], [-4.566, 48.28733], [-4.56637, 48.29047], [-4.56808, 48.29163], [-4.56932, 48.29376], [-4.56791, 48.29525], [-4.56897, 48.29712], [-4.57224, 48.29819], [-4.57295, 48.29945], [-4.57113, 48.30002], [-4.57184, 48.30174], [-4.57038, 48.3039], [-4.571, 48.30549], [-4.5738, 48.30622], [-4.5742, 48.3076], [-4.57329, 48.30928], [-4.57483, 48.31072], [-4.57386, 48.313], [-4.57631, 48.3151], [-4.57642, 48.31676], [-4.5826, 48.31941], [-4.57939, 48.3202], [-4.57768, 48.32341], [-4.57857, 48.32453], [-4.57572, 48.32548], [-4.57196, 48.32616], [-4.5707, 48.32741], [-4.57114, 48.33004], [-4.56844, 48.33111], [-4.56338, 48.33174], [-4.56039, 48.33458], [-4.55746, 48.33549], [-4.55541, 48.33827], [-4.55219, 48.33852], [-4.55037, 48.33908], [-4.54838, 48.3388], [-4.54518, 48.33931], [-4.54274, 48.34058], [-4.54047, 48.34046], [-4.53443, 48.34186], [-4.53244, 48.34158], [-4.5324, 48.33932], [-4.53596, 48.33518], [-4.53864, 48.33149], [-4.54395, 48.32688], [-4.54532, 48.32453], [-4.54387, 48.32133], [-4.54392, 48.31865], [-4.54571, 48.31801], [-4.5463, 48.31622], [-4.54554, 48.31531], [-4.54782, 48.30966], [-4.55086, 48.30763], [-4.55167, 48.30573], [-4.55404, 48.30522], [-4.55603, 48.30581], [-4.55959, 48.30565], [-4.558, 48.30439], [-4.55597, 48.30397], [-4.5557, 48.30151], [-4.55627, 48.29976], [-4.55455, 48.29652], [-4.55287, 48.29568], [-4.55269, 48.29433], [-4.54813, 48.29172], [-4.54403, 48.29044], [-4.54096, 48.29022], [-4.53887, 48.29328], [-4.53712, 48.29186], [-4.53816, 48.29098], [-4.54178, 48.28986], [-4.54071, 48.28847], [-4.54117, 48.28741], [-4.53813, 48.28488], [-4.53577, 48.28394], [-4.53303, 48.28569], [-4.52822, 48.28652], [-4.52368, 48.28951], [-4.52179, 48.29112], [-4.52357, 48.29264], [-4.5262, 48.29265], [-4.5262, 48.2946], [-4.52335, 48.29603], [-4.52167, 48.29754], [-4.51775, 48.29805], [-4.5174, 48.29951], [-4.51431, 48.30259], [-4.51406, 48.30382], [-4.50769, 48.31071], [-4.4993, 48.31117], [-4.49897, 48.30925], [-4.50104, 48.3061], [-4.5088, 48.30094], [-4.513, 48.29707], [-4.51702, 48.29674], [-4.51791, 48.29532], [-4.51789, 48.2932], [-4.5153, 48.29061], [-4.51135, 48.29035], [-4.50886, 48.28848], [-4.5085, 48.28737], [-4.50632, 48.28627], [-4.50876, 48.28436], [-4.50569, 48.28212], [-4.5026, 48.28086], [-4.50059, 48.28185], [-4.49479, 48.28165], [-4.4939, 48.28247], [-4.48765, 48.28276], [-4.48536, 48.28336], [-4.47984, 48.28545], [-4.47247, 48.28658], [-4.46747, 48.28813], [-4.46312, 48.29101], [-4.46382, 48.2926], [-4.46116, 48.29439], [-4.45894, 48.29259], [-4.45623, 48.29206], [-4.45538, 48.29267], [-4.45046, 48.29237], [-4.44856, 48.29131], [-4.44595, 48.29106], [-4.44239, 48.29168], [-4.4377, 48.29205], [-4.43539, 48.29142], [-4.43344, 48.29155], [-4.42879, 48.29074], [-4.42611, 48.29091], [-4.41911, 48.29313], [-4.41827, 48.29142], [-4.41958, 48.28862], [-4.42078, 48.28752], [-4.42077, 48.28594], [-4.41241, 48.2781], [-4.4099, 48.27603], [-4.4061, 48.27544], [-4.40404, 48.27566], [-4.39566, 48.27471], [-4.3883, 48.27529], [-4.38543, 48.27514], [-4.38103, 48.27554], [-4.37295, 48.27774], [-4.36719, 48.27772], [-4.36608, 48.27802], [-4.36155, 48.28055], [-4.35779, 48.2823], [-4.35366, 48.28579], [-4.35193, 48.28649], [-4.34816, 48.28667], [-4.34348, 48.28608], [-4.34134, 48.28625], [-4.33801, 48.28559], [-4.33197, 48.28957], [-4.33038, 48.29021], [-4.32072, 48.29181], [-4.31727, 48.29386], [-4.3131, 48.29519], [-4.30713, 48.29753], [-4.30347, 48.29748], [-4.29661, 48.29775], [-4.29226, 48.2971], [-4.28702, 48.29741], [-4.2773, 48.29658], [-4.27236, 48.29601], [-4.26889, 48.2949], [-4.26547, 48.29294], [-4.26534, 48.29096], [-4.264, 48.28792], [-4.26495, 48.28697], [-4.26565, 48.28459], [-4.26691, 48.28391], [-4.26918, 48.28415], [-4.27116, 48.28534], [-4.27304, 48.2883], [-4.27394, 48.28897], [-4.27742, 48.28972], [-4.28252, 48.28891], [-4.28473, 48.28725], [-4.28629, 48.28314], [-4.28901, 48.28118], [-4.28729, 48.28101], [-4.2846, 48.27859], [-4.28485, 48.27591], [-4.28902, 48.27425], [-4.28701, 48.27335], [-4.28319, 48.27506], [-4.2808, 48.2748], [-4.27851, 48.2734], [-4.27852, 48.27187], [-4.27671, 48.27197], [-4.27288, 48.27116], [-4.26961, 48.26945], [-4.26542, 48.26789], [-4.26038, 48.26665], [-4.25573, 48.26358], [-4.25566, 48.2621], [-4.25793, 48.26238], [-4.26108, 48.26062], [-4.26575, 48.25912], [-4.26859, 48.25868], [-4.26619, 48.25733], [-4.26417, 48.25836], [-4.2606, 48.25848], [-4.25477, 48.2594], [-4.25309, 48.25801], [-4.25362, 48.25591], [-4.24786, 48.25466], [-4.24522, 48.25364], [-4.24465, 48.25079], [-4.2439, 48.24966], [-4.24206, 48.25066], [-4.23858, 48.25087], [-4.23487, 48.25], [-4.23175, 48.25032], [-4.228, 48.25158], [-4.22567, 48.25298], [-4.22494, 48.25464], [-4.22319, 48.25516], [-4.22283, 48.25649], [-4.22022, 48.25831], [-4.2177, 48.25818], [-4.21694, 48.25548], [-4.21409, 48.2523], [-4.21506, 48.25089], [-4.21487, 48.24841], [-4.21297, 48.24776], [-4.21171, 48.24327], [-4.2087, 48.24197], [-4.20802, 48.24245], [-4.21043, 48.24429], [-4.21123, 48.24682], [-4.20604, 48.24596], [-4.20387, 48.24485], [-4.1966, 48.24609], [-4.19375, 48.24599], [-4.18666, 48.24654], [-4.18382, 48.24647], [-4.1809, 48.24588], [-4.18127, 48.24243], [-4.17994, 48.24273], [-4.17957, 48.24559], [-4.17702, 48.24524], [-4.17017, 48.24546], [-4.1635, 48.24454], [-4.16102, 48.24486], [-4.15692, 48.24442], [-4.15412, 48.24363], [-4.15121, 48.24204], [-4.1457, 48.24019], [-4.14303, 48.23886], [-4.14257, 48.23789], [-4.13907, 48.23642], [-4.13541, 48.23622], [-4.13191, 48.23681], [-4.12369, 48.24074], [-4.11666, 48.24389], [-4.11357, 48.24456], [-4.11154, 48.24401], [-4.11143, 48.24112], [-4.11474, 48.2368], [-4.1163, 48.23568], [-4.11701, 48.23325], [-4.11672, 48.22926], [-4.11722, 48.22625], [-4.11627, 48.2245], [-4.11849, 48.22113], [-4.11853, 48.21869], [-4.11685, 48.21828], [-4.11602, 48.21978], [-4.11526, 48.22284], [-4.11342, 48.22714], [-4.11435, 48.23083], [-4.11318, 48.23338], [-4.11167, 48.23806], [-4.11031, 48.23982], [-4.10893, 48.2405], [-4.10729, 48.24249], [-4.10878, 48.24574], [-4.10718, 48.2485], [-4.10522, 48.24951], [-4.10378, 48.25095], [-4.10254, 48.25341], [-4.09693, 48.255], [-4.09695, 48.25554], [-4.10556, 48.25319], [-4.10965, 48.25034], [-4.10866, 48.24941], [-4.1094, 48.24787], [-4.11109, 48.24728], [-4.11354, 48.24962], [-4.11389, 48.24762], [-4.12684, 48.24426], [-4.12994, 48.24318], [-4.13156, 48.24213], [-4.13485, 48.24144], [-4.14178, 48.24218], [-4.14344, 48.24258], [-4.15026, 48.2467], [-4.15279, 48.2475], [-4.1593, 48.24708], [-4.16555, 48.24794], [-4.17005, 48.24817], [-4.17626, 48.24927], [-4.17907, 48.24905], [-4.18858, 48.24991], [-4.19248, 48.25076], [-4.19668, 48.25078], [-4.19838, 48.24996], [-4.20014, 48.25149], [-4.20112, 48.24926], [-4.20434, 48.24903], [-4.20798, 48.25103], [-4.20822, 48.25336], [-4.20917, 48.25597], [-4.21059, 48.25805], [-4.21447, 48.26035], [-4.21672, 48.261], [-4.22373, 48.26041], [-4.22618, 48.25944], [-4.22801, 48.25749], [-4.23028, 48.25664], [-4.23312, 48.25616], [-4.235, 48.25655], [-4.23689, 48.25395], [-4.23841, 48.25367], [-4.24066, 48.25441], [-4.24318, 48.2566], [-4.2478, 48.26292], [-4.24849, 48.2651], [-4.25353, 48.268], [-4.25886, 48.26945], [-4.26212, 48.27008], [-4.26355, 48.27116], [-4.26899, 48.27346], [-4.27296, 48.2748], [-4.27485, 48.27592], [-4.27943, 48.27782], [-4.28014, 48.27863], [-4.27689, 48.28121], [-4.27355, 48.27983], [-4.26946, 48.27912], [-4.26187, 48.27947], [-4.25866, 48.28034], [-4.25434, 48.2824], [-4.25205, 48.28303], [-4.25014, 48.28432], [-4.24645, 48.28512], [-4.24543, 48.28617], [-4.2408, 48.28739], [-4.23895, 48.2888], [-4.2388, 48.29017], [-4.2361, 48.29019], [-4.23399, 48.29167], [-4.23109, 48.29179], [-4.22837, 48.2911], [-4.22739, 48.29033], [-4.226, 48.28757], [-4.21944, 48.28958], [-4.21419, 48.28976], [-4.21248, 48.28913], [-4.21093, 48.28962], [-4.21059, 48.29114], [-4.20676, 48.29294], [-4.20276, 48.29389], [-4.19977, 48.29384], [-4.19591, 48.29167], [-4.19408, 48.29367], [-4.18737, 48.29524], [-4.18834, 48.29689], [-4.19099, 48.29692], [-4.19386, 48.29751], [-4.19713, 48.29692], [-4.20027, 48.29765], [-4.2035, 48.29701], [-4.20615, 48.29762], [-4.2099, 48.29781], [-4.21556, 48.29712], [-4.21787, 48.29726], [-4.22169, 48.296], [-4.22396, 48.29672], [-4.22853, 48.29645], [-4.23158, 48.29807], [-4.23572, 48.29924], [-4.23859, 48.29952], [-4.23628, 48.30142], [-4.23659, 48.30235], [-4.23923, 48.30378], [-4.24115, 48.30556], [-4.24094, 48.30751], [-4.2335, 48.31015], [-4.23209, 48.31024], [-4.22636, 48.31251], [-4.22671, 48.31357], [-4.22974, 48.31309], [-4.23241, 48.31216], [-4.24021, 48.31081], [-4.24344, 48.31008], [-4.2451, 48.30894], [-4.2456, 48.30696], [-4.24484, 48.30633], [-4.24587, 48.30443], [-4.24765, 48.30359], [-4.24907, 48.30198], [-4.24858, 48.30088], [-4.24663, 48.3004], [-4.24739, 48.29901], [-4.24916, 48.30004], [-4.24999, 48.30225], [-4.25237, 48.30242], [-4.2543, 48.30416], [-4.25502, 48.30564], [-4.25931, 48.3063], [-4.25786, 48.30765], [-4.25519, 48.30844], [-4.25603, 48.30965], [-4.25888, 48.30917], [-4.26398, 48.30891], [-4.26542, 48.30847], [-4.26795, 48.30872], [-4.27178, 48.3085], [-4.27441, 48.30907], [-4.27771, 48.31146], [-4.2819, 48.31247], [-4.28173, 48.31415], [-4.27882, 48.31464], [-4.27622, 48.31659], [-4.27103, 48.31767], [-4.26644, 48.3183], [-4.26617, 48.32088], [-4.26306, 48.31994], [-4.26169, 48.32078], [-4.25769, 48.32229], [-4.25185, 48.32321], [-4.2499, 48.32378], [-4.24795, 48.32592], [-4.24916, 48.32684], [-4.2512, 48.32691], [-4.25309, 48.32589], [-4.25537, 48.32625], [-4.25618, 48.32521], [-4.25835, 48.32473], [-4.2609, 48.32345], [-4.26502, 48.32343], [-4.26836, 48.32256], [-4.26877, 48.32006], [-4.27071, 48.31949], [-4.27308, 48.31949], [-4.27687, 48.32093], [-4.27865, 48.32011], [-4.27871, 48.31902], [-4.28234, 48.3193], [-4.28299, 48.31706], [-4.28654, 48.3168], [-4.28643, 48.31554], [-4.28765, 48.31389], [-4.29003, 48.31244], [-4.29319, 48.31136], [-4.29757, 48.31222], [-4.29906, 48.31322], [-4.30186, 48.3135], [-4.30589, 48.31467], [-4.30748, 48.31656], [-4.3094, 48.31725], [-4.31108, 48.31711], [-4.30938, 48.31446], [-4.31168, 48.31446], [-4.31415, 48.3158], [-4.31623, 48.31461], [-4.31776, 48.31442], [-4.3206, 48.31546], [-4.32425, 48.31546], [-4.32635, 48.31491], [-4.32907, 48.31497], [-4.33268, 48.31416], [-4.33322, 48.3131], [-4.33587, 48.31574], [-4.33287, 48.31668], [-4.3298, 48.31899], [-4.32618, 48.31979], [-4.3251, 48.32071], [-4.32429, 48.32329], [-4.31993, 48.3221], [-4.31825, 48.32269], [-4.31677, 48.32531], [-4.32066, 48.32611], [-4.32287, 48.32698], [-4.3182, 48.32946], [-4.31703, 48.32886], [-4.31476, 48.329], [-4.31365, 48.32843], [-4.30907, 48.32738], [-4.30573, 48.32979], [-4.30273, 48.33074], [-4.30272, 48.3321], [-4.30601, 48.33298], [-4.30948, 48.3321], [-4.31131, 48.33258], [-4.31483, 48.33161], [-4.31697, 48.33188], [-4.31776, 48.33481], [-4.31548, 48.33599], [-4.31066, 48.33591], [-4.30813, 48.33769], [-4.29828, 48.33804], [-4.29463, 48.33962], [-4.29095, 48.34196], [-4.28787, 48.34223], [-4.28759, 48.34161], [-4.28382, 48.34228], [-4.28068, 48.34414], [-4.278, 48.34488], [-4.2829, 48.34612], [-4.28765, 48.34874], [-4.28888, 48.34875], [-4.29169, 48.34755], [-4.29251, 48.35021], [-4.2906, 48.35054], [-4.28934, 48.34976], [-4.28605, 48.35049], [-4.28348, 48.35151], [-4.28146, 48.35118], [-4.27084, 48.3532], [-4.26986, 48.35402], [-4.26684, 48.35474], [-4.26597, 48.35583], [-4.26306, 48.35744], [-4.26452, 48.35818], [-4.27188, 48.35652], [-4.27546, 48.35541], [-4.28334, 48.35458], [-4.28488, 48.35648], [-4.28707, 48.35604], [-4.28602, 48.35434], [-4.28819, 48.3533], [-4.29174, 48.35296], [-4.29419, 48.35318], [-4.29535, 48.35514], [-4.29831, 48.35555], [-4.30217, 48.35564], [-4.30507, 48.35448], [-4.30493, 48.35141], [-4.30571, 48.34966], [-4.30313, 48.34697], [-4.29971, 48.34686], [-4.29967, 48.34487], [-4.30216, 48.34378], [-4.30904, 48.3431], [-4.31222, 48.34314], [-4.31369, 48.34238], [-4.31895, 48.34278], [-4.32181, 48.34135], [-4.32738, 48.34098], [-4.33004, 48.33865], [-4.331, 48.33959], [-4.32994, 48.34096], [-4.33075, 48.34344], [-4.33095, 48.3464], [-4.32906, 48.34851], [-4.3259, 48.34978], [-4.32711, 48.35174], [-4.32635, 48.35305], [-4.32099, 48.3571], [-4.3197, 48.35854], [-4.31848, 48.36218], [-4.32014, 48.36131], [-4.32135, 48.35935], [-4.32376, 48.35803], [-4.32573, 48.35602], [-4.3288, 48.3547], [-4.33001, 48.35261], [-4.33312, 48.35107], [-4.33535, 48.35102], [-4.33728, 48.3492], [-4.34052, 48.34815], [-4.34144, 48.34736], [-4.3411, 48.34539], [-4.34639, 48.34233], [-4.34698, 48.3432], [-4.34969, 48.34422], [-4.35229, 48.34405], [-4.35392, 48.34301], [-4.35546, 48.34332], [-4.35584, 48.34515], [-4.35368, 48.34628], [-4.35336, 48.34787], [-4.35067, 48.34961], [-4.35043, 48.35031], [-4.34649, 48.35324], [-4.34655, 48.35473], [-4.34979, 48.35214], [-4.35219, 48.35075], [-4.35791, 48.34806], [-4.36321, 48.34662], [-4.36386, 48.3454], [-4.36648, 48.3448], [-4.36794, 48.34304], [-4.36756, 48.34072], [-4.36963, 48.33797], [-4.36871, 48.33568], [-4.36727, 48.33554], [-4.3688, 48.33329], [-4.37115, 48.33211], [-4.37222, 48.33096], [-4.37139, 48.32983], [-4.3718, 48.32845], [-4.37526, 48.3263], [-4.37768, 48.32631], [-4.37818, 48.3255], [-4.3808, 48.32571], [-4.38643, 48.32483], [-4.38798, 48.32533], [-4.39236, 48.3252], [-4.39431, 48.32567], [-4.39757, 48.32462], [-4.3998, 48.32457], [-4.40467, 48.3236], [-4.40818, 48.32452], [-4.41524, 48.32423], [-4.41604, 48.32513], [-4.41312, 48.32802], [-4.41093, 48.33087], [-4.40827, 48.33373], [-4.40443, 48.33549], [-4.4044, 48.33721], [-4.40248, 48.33853], [-4.39636, 48.34084], [-4.39236, 48.34086], [-4.39276, 48.34174], [-4.39721, 48.3422], [-4.40116, 48.34187], [-4.40263, 48.34066], [-4.40732, 48.33884], [-4.41247, 48.33835], [-4.41452, 48.33701], [-4.4188, 48.33509], [-4.42128, 48.33285], [-4.42391, 48.33274], [-4.43092, 48.33096], [-4.43273, 48.32938], [-4.43655, 48.3291], [-4.43947, 48.3282], [-4.4408, 48.32703], [-4.44806, 48.3256], [-4.45018, 48.32629], [-4.45259, 48.32606], [-4.45739, 48.32707], [-4.45763, 48.32778], [-4.45389, 48.32819], [-4.4517, 48.32946], [-4.44932, 48.32986], [-4.44799, 48.33166], [-4.44824, 48.33548], [-4.4501, 48.33623], [-4.44451, 48.33936], [-4.4419, 48.34006], [-4.43955, 48.34128], [-4.43839, 48.34321], [-4.43931, 48.3441], [-4.44195, 48.34345], [-4.4441, 48.34489], [-4.44248, 48.34594], [-4.44333, 48.34824], [-4.44548, 48.3495], [-4.44305, 48.35064], [-4.44174, 48.35243], [-4.44176, 48.35362], [-4.43688, 48.35503], [-4.43594, 48.35617], [-4.43625, 48.35845], [-4.43719, 48.35984], [-4.43556, 48.36035], [-4.43342, 48.3631], [-4.42902, 48.36562], [-4.42605, 48.3667], [-4.42425, 48.3669], [-4.41861, 48.36873], [-4.41624, 48.37027], [-4.41516, 48.37237], [-4.41387, 48.3728], [-4.41136, 48.37485], [-4.41009, 48.37696], [-4.4082, 48.37797], [-4.40753, 48.38054], [-4.40437, 48.38226], [-4.39947, 48.3836], [-4.39613, 48.3865], [-4.39157, 48.38744], [-4.38846, 48.38844], [-4.38171, 48.3916], [-4.37456, 48.39343], [-4.37276, 48.39363], [-4.36986, 48.39479], [-4.36804, 48.3949], [-4.36436, 48.39923], [-4.36194, 48.40095], [-4.35933, 48.40214], [-4.35465, 48.40269], [-4.34948, 48.40205], [-4.34754, 48.40225], [-4.3453, 48.40325], [-4.34227, 48.40342], [-4.3388, 48.40575], [-4.33341, 48.40814], [-4.32974, 48.41003], [-4.32591, 48.41138], [-4.32185, 48.41397], [-4.31964, 48.41473], [-4.3177, 48.41445], [-4.31382, 48.41576], [-4.31029, 48.41736], [-4.31002, 48.41878], [-4.30635, 48.42134], [-4.30119, 48.42273], [-4.29815, 48.42453], [-4.29682, 48.42673], [-4.29443, 48.42814], [-4.29013, 48.43001], [-4.28645, 48.4333], [-4.28386, 48.43336], [-4.28074, 48.4354], [-4.27914, 48.43562], [-4.2763, 48.43813], [-4.27491, 48.44251], [-4.2736, 48.44344], [-4.27093, 48.44315], [-4.26949, 48.44363], [-4.27009, 48.44504], [-4.27295, 48.44465], [-4.27603, 48.44335], [-4.27914, 48.44118], [-4.2786, 48.43818], [-4.28083, 48.43702], [-4.28787, 48.43642], [-4.29352, 48.43406], [-4.29755, 48.43012], [-4.30142, 48.42809], [-4.30144, 48.42633], [-4.30234, 48.42582], [-4.30805, 48.42495], [-4.30923, 48.42515], [-4.31216, 48.42276], [-4.31288, 48.42091], [-4.31415, 48.41984], [-4.31676, 48.4201], [-4.32094, 48.41944], [-4.32337, 48.41768], [-4.32536, 48.41738], [-4.32749, 48.41815], [-4.32933, 48.41773], [-4.329, 48.41576], [-4.32993, 48.41507], [-4.33344, 48.41441], [-4.33627, 48.41539], [-4.33869, 48.41465], [-4.34329, 48.41203], [-4.34628, 48.40906], [-4.34723, 48.40701], [-4.35013, 48.40788], [-4.3515, 48.40915], [-4.35498, 48.40877], [-4.35647, 48.40769], [-4.3583, 48.40925], [-4.36062, 48.40979], [-4.36108, 48.40822], [-4.36432, 48.40848], [-4.36909, 48.40621], [-4.37004, 48.40376], [-4.36882, 48.40375], [-4.36886, 48.40149], [-4.37133, 48.40066], [-4.37768, 48.39997], [-4.37846, 48.39829], [-4.38323, 48.39643], [-4.3868, 48.39776], [-4.39172, 48.39765], [-4.39383, 48.39661], [-4.39641, 48.39366], [-4.39958, 48.39152], [-4.40169, 48.3896], [-4.40384, 48.39046], [-4.40749, 48.39033], [-4.40883, 48.3913], [-4.41278, 48.39237], [-4.41757, 48.39524], [-4.42207, 48.39691], [-4.42495, 48.3976], [-4.43068, 48.39744], [-4.43372, 48.39639], [-4.43287, 48.39261], [-4.43313, 48.38993], [-4.43528, 48.38339], [-4.43727, 48.3825], [-4.44276, 48.38195], [-4.4496, 48.38506], [-4.45341, 48.38162], [-4.45445, 48.38215], [-4.45111, 48.38521], [-4.45203, 48.38562], [-4.45568, 48.38232], [-4.45631, 48.38303], [-4.45323, 48.38597], [-4.45475, 48.38741], [-4.45646, 48.38667], [-4.45863, 48.38456], [-4.46226, 48.38592], [-4.46729, 48.38101], [-4.47059, 48.38077], [-4.47154, 48.38139], [-4.47117, 48.38362], [-4.47371, 48.38333], [-4.47463, 48.37971], [-4.47638, 48.3806], [-4.47729, 48.38325], [-4.48187, 48.38252], [-4.48153, 48.3811], [-4.48326, 48.38086], [-4.48385, 48.38263], [-4.48928, 48.38072], [-4.49693, 48.3762], [-4.49895, 48.37761], [-4.50107, 48.37784], [-4.50327, 48.37591], [-4.50703, 48.37518], [-4.5209, 48.36661], [-4.52256, 48.36498], [-4.52511, 48.36581], [-4.52774, 48.36416], [-4.53021, 48.36338], [-4.53215, 48.36074], [-4.53329, 48.35778], [-4.53802, 48.35713], [-4.54119, 48.35802], [-4.5433, 48.35951], [-4.54791, 48.36064], [-4.54967, 48.36201], [-4.5524, 48.36221], [-4.55446, 48.36127], [-4.55353, 48.36037], [-4.55574, 48.35889], [-4.55635, 48.35745], [-4.55849, 48.35524], [-4.56103, 48.35644], [-4.56506, 48.35616], [-4.56716, 48.35471], [-4.56661, 48.35226], [-4.56985, 48.35166], [-4.57175, 48.34924], [-4.57836, 48.34907], [-4.58188, 48.34804], [-4.58484, 48.34786], [-4.58699, 48.34623], [-4.58951, 48.3458], [-4.58972, 48.34498], [-4.59299, 48.34414], [-4.59694, 48.34376], [-4.59996, 48.34115], [-4.60221, 48.34077], [-4.60872, 48.33789], [-4.61, 48.33836], [-4.61375, 48.33808], [-4.61576, 48.33931], [-4.6205, 48.33879], [-4.62399, 48.33758], [-4.6281, 48.33751], [-4.62982, 48.33912], [-4.6325, 48.3404], [-4.63205, 48.34155], [-4.63603, 48.34284], [-4.63714, 48.34391], [-4.64073, 48.3459], [-4.64285, 48.34513], [-4.65036, 48.34502], [-4.654, 48.34642], [-4.65503, 48.34799], [-4.65666, 48.34847], [-4.6587, 48.34997], [-4.6622, 48.35038], [-4.6645, 48.35228], [-4.66654, 48.35274], [-4.66947, 48.35242], [-4.67338, 48.3542], [-4.67583, 48.35433], [-4.67836, 48.35539], [-4.68056, 48.35561], [-4.68239, 48.35379], [-4.6859, 48.35316], [-4.68776, 48.35431], [-4.69066, 48.35466], [-4.6928, 48.35355], [-4.69505, 48.35304], [-4.70034, 48.35027], [-4.70302, 48.34757], [-4.70345, 48.34587], [-4.7003, 48.34472], [-4.70031, 48.34242], [-4.69891, 48.34205], [-4.69956, 48.34043], [-4.69784, 48.33868], [-4.69866, 48.33737], [-4.70251, 48.33582], [-4.70525, 48.33606], [-4.70699, 48.33395], [-4.70773, 48.33202], [-4.71114, 48.33076], [-4.71317, 48.33123], [-4.71666, 48.3296], [-4.71763, 48.33067], [-4.72273, 48.32986], [-4.72598, 48.33034], [-4.72985, 48.33041], [-4.73182, 48.33136], [-4.73222, 48.33229], [-4.7367, 48.33278], [-4.74194, 48.33068], [-4.74327, 48.33096], [-4.7455, 48.32951], [-4.74841, 48.32901], [-4.75054, 48.32965], [-4.75327, 48.32934], [-4.75546, 48.32811], [-4.76001, 48.32824], [-4.76189, 48.32757], [-4.76619, 48.32826], [-4.76904, 48.32834], [-4.77366, 48.33031], [-4.7745, 48.33153], [-4.77229, 48.33261], [-4.77159, 48.33528], [-4.77478, 48.33588], [-4.77467, 48.33797], [-4.77291, 48.33985], [-4.77187, 48.34203], [-4.77229, 48.3435], [-4.77157, 48.34522], [-4.77011, 48.34639], [-4.77013, 48.34752], [-4.77283, 48.34884], [-4.77525, 48.35162], [-4.77783, 48.35119], [-4.78093, 48.35429], [-4.77896, 48.35518], [-4.77837, 48.35684], [-4.78072, 48.35859], [-4.7768, 48.36105], [-4.7682, 48.36205], [-4.76551, 48.36117], [-4.76067, 48.36058], [-4.75826, 48.35933], [-4.75635, 48.35914], [-4.75064, 48.36012], [-4.75067, 48.3613], [-4.75581, 48.36156], [-4.75595, 48.36218], [-4.75289, 48.36391], [-4.75102, 48.36412], [-4.74608, 48.36565], [-4.74711, 48.36631], [-4.75032, 48.36497], [-4.75245, 48.36475], [-4.75475, 48.36366], [-4.75776, 48.36392], [-4.76676, 48.36331], [-4.77236, 48.36319], [-4.77642, 48.3636], [-4.78263, 48.36145], [-4.7864, 48.3613], [-4.7876, 48.36272], [-4.78565, 48.36655], [-4.78069, 48.36595], [-4.77896, 48.36426], [-4.77421, 48.36424], [-4.77263, 48.36502], [-4.7693, 48.36501], [-4.76477, 48.3684], [-4.76091, 48.37275], [-4.76044, 48.37469], [-4.76189, 48.3758], [-4.76202, 48.3772], [-4.76069, 48.37817], [-4.76541, 48.38011], [-4.76575, 48.38104], [-4.76278, 48.38162], [-4.763, 48.38319], [-4.76558, 48.38416], [-4.77075, 48.38428], [-4.7729, 48.38849], [-4.77574, 48.38979], [-4.77612, 48.39248], [-4.7738, 48.39335], [-4.77461, 48.39624], [-4.77392, 48.397], [-4.77388, 48.39913], [-4.77506, 48.40163], [-4.77349, 48.40313], [-4.77368, 48.40542], [-4.77565, 48.40679], [-4.77828, 48.40667], [-4.77872, 48.406], [-4.78324, 48.4049], [-4.78452, 48.40528], [-4.7836, 48.40696], [-4.78655, 48.41002], [-4.79052, 48.41077], [-4.79153, 48.41305], [-4.79426, 48.41274], [-4.79542, 48.41466], [-4.79137, 48.41767], [-4.79088, 48.41996], [-4.79138, 48.42101], [-4.78838, 48.42243], [-4.78712, 48.42453], [-4.7862, 48.42893], [-4.78435, 48.42981], [-4.78553, 48.43145], [-4.786, 48.43426], [-4.78449, 48.43699], [-4.78035, 48.43891], [-4.77873, 48.44187], [-4.77601, 48.44362], [-4.77655, 48.44516], [-4.77805, 48.44611], [-4.78027, 48.44543], [-4.78155, 48.44353], [-4.78299, 48.44557], [-4.77977, 48.44672], [-4.77815, 48.44876], [-4.77933, 48.45081], [-4.77762, 48.45165], [-4.77519, 48.45175], [-4.77516, 48.45347], [-4.77195, 48.45485], [-4.77028, 48.45738], [-4.77047, 48.46062], [-4.76939, 48.46214], [-4.76735, 48.46204], [-4.76639, 48.46287], [-4.76645, 48.46431], [-4.76452, 48.46606], [-4.76457, 48.46687], [-4.76155, 48.46765], [-4.76179, 48.46881], [-4.75678, 48.46791], [-4.75644, 48.46607], [-4.75851, 48.46382], [-4.75633, 48.46382], [-4.75539, 48.46537], [-4.75288, 48.46535], [-4.75427, 48.46693], [-4.75312, 48.46755], [-4.75219, 48.47009], [-4.75042, 48.47106], [-4.74686, 48.47083], [-4.74634, 48.47154], [-4.74358, 48.47217], [-4.73734, 48.4707], [-4.73648, 48.47184], [-4.7324, 48.47173], [-4.73105, 48.47339], [-4.72629, 48.47419], [-4.72424, 48.47319], [-4.72229, 48.47377], [-4.72209, 48.47473], [-4.71963, 48.4756], [-4.73311, 48.47444], [-4.73501, 48.47342], [-4.738, 48.47291], [-4.73976, 48.47335], [-4.74131, 48.47243], [-4.74427, 48.47316], [-4.74698, 48.47209], [-4.74928, 48.47253], [-4.74991, 48.47366], [-4.75226, 48.47292], [-4.75565, 48.47244], [-4.75554, 48.47114], [-4.75731, 48.47031], [-4.75929, 48.47036], [-4.76252, 48.4721], [-4.76472, 48.47508], [-4.76675, 48.47549], [-4.76729, 48.47785], [-4.77055, 48.47928], [-4.76667, 48.48016], [-4.7684, 48.48229], [-4.77025, 48.4825], [-4.7726, 48.48412], [-4.77137, 48.48505], [-4.77147, 48.48721], [-4.7739, 48.48756], [-4.77579, 48.48893], [-4.77508, 48.48965], [-4.77566, 48.49137], [-4.77432, 48.49286], [-4.77686, 48.49405], [-4.7771, 48.4962], [-4.77959, 48.49744], [-4.7787, 48.49923], [-4.77572, 48.50036], [-4.77561, 48.50141], [-4.7777, 48.50334], [-4.77791, 48.50473], [-4.77525, 48.50518], [-4.77495, 48.50632], [-4.77082, 48.5079], [-4.76868, 48.5082], [-4.76665, 48.50928], [-4.76645, 48.5111], [-4.76931, 48.51259], [-4.76886, 48.51376], [-4.77045, 48.51627], [-4.77261, 48.51528], [-4.77498, 48.51617], [-4.77557, 48.5145], [-4.77718, 48.51494], [-4.77741, 48.51646], [-4.7751, 48.51648], [-4.77477, 48.51754], [-4.77603, 48.51917], [-4.77228, 48.51914], [-4.77084, 48.51814], [-4.7706, 48.51689], [-4.7689, 48.51686], [-4.76674, 48.51555], [-4.76378, 48.51867], [-4.76369, 48.51991], [-4.76558, 48.52082], [-4.76966, 48.5207], [-4.76974, 48.52137], [-4.76657, 48.52248], [-4.76453, 48.52247], [-4.76353, 48.52019], [-4.76104, 48.51984], [-4.75959, 48.5212], [-4.75787, 48.52108], [-4.75869, 48.52297], [-4.76105, 48.52328], [-4.75992, 48.52493], [-4.76013, 48.52645], [-4.76323, 48.52661], [-4.76289, 48.52907], [-4.7644, 48.53101], [-4.76048, 48.53085], [-4.75836, 48.52977], [-4.75653, 48.53218], [-4.75865, 48.53327], [-4.75815, 48.53447], [-4.75214, 48.53151], [-4.75105, 48.52959], [-4.74918, 48.52781], [-4.74798, 48.52798], [-4.75013, 48.53069], [-4.75096, 48.53316], [-4.74904, 48.53591], [-4.74919, 48.53747], [-4.75035, 48.53844], [-4.75098, 48.54103], [-4.75296, 48.54392], [-4.74996, 48.54343], [-4.74617, 48.54542], [-4.74638, 48.54645], [-4.74385, 48.5472], [-4.73912, 48.54796], [-4.73765, 48.54962], [-4.73503, 48.55033], [-4.7332, 48.55325], [-4.73127, 48.55498], [-4.73058, 48.55635], [-4.72713, 48.55751], [-4.72342, 48.55819], [-4.72272, 48.55946], [-4.7199, 48.55877], [-4.71544, 48.55945], [-4.71793, 48.5569], [-4.7173, 48.55572], [-4.71389, 48.55481], [-4.70833, 48.55543], [-4.70761, 48.55362], [-4.70602, 48.55304], [-4.70394, 48.55132], [-4.70322, 48.55244], [-4.7043, 48.55383], [-4.70177, 48.55512], [-4.69932, 48.55563], [-4.70036, 48.55719], [-4.70525, 48.55716], [-4.7052, 48.55919], [-4.70309, 48.56009], [-4.70243, 48.56175], [-4.70341, 48.5635], [-4.70061, 48.56526], [-4.70095, 48.56723], [-4.70262, 48.56743], [-4.70491, 48.56924], [-4.70441, 48.57003], [-4.70033, 48.57006], [-4.6978, 48.57143], [-4.69468, 48.56951], [-4.69315, 48.56938], [-4.69074, 48.57047], [-4.68986, 48.57211], [-4.68753, 48.57243], [-4.68432, 48.57186], [-4.68457, 48.56779], [-4.68019, 48.56712], [-4.67516, 48.56864], [-4.67285, 48.57005], [-4.67062, 48.57222], [-4.67044, 48.57435], [-4.66842, 48.57448], [-4.66638, 48.57393], [-4.66627, 48.57276], [-4.66426, 48.57194], [-4.65788, 48.57106], [-4.64642, 48.57212], [-4.64433, 48.57299], [-4.63939, 48.57406], [-4.63502, 48.57595], [-4.63379, 48.57729], [-4.62958, 48.57797], [-4.62782, 48.57892], [-4.62582, 48.57878], [-4.6264, 48.57612], [-4.62529, 48.57507], [-4.62149, 48.57462], [-4.6156, 48.57575], [-4.61386, 48.57351], [-4.61235, 48.57287], [-4.60643, 48.57243], [-4.60484, 48.57288], [-4.60203, 48.5726], [-4.59954, 48.57177], [-4.59663, 48.57158], [-4.59609, 48.57044], [-4.59602, 48.5672], [-4.59504, 48.56585], [-4.59453, 48.56264], [-4.59192, 48.56153], [-4.5909, 48.55956], [-4.59121, 48.55746], [-4.59354, 48.55701], [-4.59287, 48.55524], [-4.59067, 48.55452], [-4.58661, 48.55617], [-4.58507, 48.55635], [-4.58299, 48.55553], [-4.58145, 48.55625], [-4.58511, 48.55956], [-4.57829, 48.56038], [-4.56914, 48.55962], [-4.56705, 48.5598], [-4.56494, 48.55921], [-4.55884, 48.55899], [-4.55698, 48.55982], [-4.55502, 48.5594], [-4.55446, 48.55822], [-4.54788, 48.55636], [-4.54529, 48.55543], [-4.54334, 48.557], [-4.54077, 48.55616], [-4.54064, 48.55473], [-4.53483, 48.55345], [-4.53447, 48.55144], [-4.53139, 48.55123], [-4.53166, 48.54981], [-4.52862, 48.55099], [-4.53119, 48.55336], [-4.52951, 48.55441], [-4.52628, 48.5546], [-4.52354, 48.55351], [-4.52032, 48.5528], [-4.51423, 48.54969], [-4.51144, 48.54967], [-4.50993, 48.549], [-4.50906, 48.54711], [-4.50777, 48.54616], [-4.50535, 48.5459], [-4.50611, 48.54742], [-4.50774, 48.54841], [-4.50914, 48.55221], [-4.51438, 48.55117], [-4.51589, 48.55184], [-4.51748, 48.55401], [-4.52103, 48.55406], [-4.52394, 48.55597], [-4.52614, 48.55615], [-4.52623, 48.55831], [-4.53095, 48.55595], [-4.53349, 48.55561], [-4.53664, 48.55737], [-4.5384, 48.55923], [-4.54039, 48.56029], [-4.54452, 48.56018], [-4.54803, 48.55807], [-4.55278, 48.5609], [-4.55192, 48.56257], [-4.55722, 48.56157], [-4.56044, 48.56066], [-4.56283, 48.56132], [-4.56619, 48.56138], [-4.56913, 48.56098], [-4.57261, 48.56158], [-4.58108, 48.56238], [-4.58396, 48.56202], [-4.58646, 48.56249], [-4.58866, 48.56458], [-4.58759, 48.56563], [-4.58901, 48.56754], [-4.58924, 48.56923], [-4.59034, 48.5707], [-4.59007, 48.57176], [-4.59313, 48.57424], [-4.59513, 48.57483], [-4.59906, 48.57423], [-4.60365, 48.57499], [-4.60499, 48.57577], [-4.60841, 48.57542], [-4.61227, 48.57825], [-4.60738, 48.57923], [-4.60641, 48.58065], [-4.60467, 48.58179], [-4.6032, 48.58395], [-4.60346, 48.58733], [-4.60531, 48.5883], [-4.60768, 48.58775], [-4.60854, 48.58864], [-4.60664, 48.59056], [-4.60528, 48.59109], [-4.60518, 48.59242], [-4.60751, 48.59588], [-4.60742, 48.59761], [-4.60594, 48.59933], [-4.60568, 48.60078], [-4.6043, 48.60168], [-4.60445, 48.60321], [-4.60143, 48.60457], [-4.59979, 48.60697], [-4.59831, 48.60801], [-4.59503, 48.60645], [-4.5942, 48.60438], [-4.59155, 48.6039], [-4.58997, 48.60238], [-4.5869, 48.60283], [-4.58568, 48.60192], [-4.58673, 48.60018], [-4.59171, 48.59821], [-4.59357, 48.59787], [-4.59531, 48.59329], [-4.59308, 48.59338], [-4.58981, 48.59435], [-4.58841, 48.59416], [-4.58526, 48.59535], [-4.58224, 48.59431], [-4.57912, 48.59581], [-4.57621, 48.59541], [-4.57211, 48.59584], [-4.56829, 48.59779], [-4.56101, 48.59819], [-4.5584, 48.59469], [-4.55651, 48.5948], [-4.55528, 48.5957], [-4.55147, 48.59619], [-4.54845, 48.59746], [-4.54591, 48.59739], [-4.54352, 48.5983], [-4.54139, 48.59717], [-4.53645, 48.59598], [-4.53377, 48.59569], [-4.52693, 48.59417], [-4.52311, 48.59245], [-4.52261, 48.58981], [-4.52182, 48.58851], [-4.52142, 48.58461], [-4.51829, 48.58611], [-4.50994, 48.58675], [-4.51007, 48.58565], [-4.50667, 48.58676], [-4.50213, 48.58682], [-4.50119, 48.58349], [-4.49916, 48.58207], [-4.49624, 48.58121], [-4.4955, 48.57963], [-4.49173, 48.57652], [-4.49106, 48.57515], [-4.48402, 48.57242], [-4.48124, 48.57299], [-4.47988, 48.57194], [-4.47845, 48.57298], [-4.48592, 48.57532], [-4.48829, 48.5778], [-4.49027, 48.57922], [-4.49206, 48.58137], [-4.49804, 48.5843], [-4.4991, 48.58563], [-4.4999, 48.58799], [-4.49934, 48.58987], [-4.50496, 48.58908], [-4.5061, 48.58802], [-4.50938, 48.58868], [-4.5124, 48.58832], [-4.51588, 48.58838], [-4.51943, 48.58893], [-4.52054, 48.58954], [-4.52107, 48.59303], [-4.52272, 48.5941], [-4.52752, 48.59629], [-4.53297, 48.59736], [-4.53601, 48.59763], [-4.5402, 48.6008], [-4.54276, 48.60164], [-4.54523, 48.60186], [-4.54685, 48.60117], [-4.54997, 48.60166], [-4.54971, 48.60312], [-4.55079, 48.6041], [-4.55424, 48.60443], [-4.55683, 48.60341], [-4.56045, 48.604], [-4.5571, 48.60696], [-4.55583, 48.60703], [-4.55387, 48.61108], [-4.55636, 48.61053], [-4.55765, 48.60945], [-4.56049, 48.61022], [-4.5626, 48.60825], [-4.56828, 48.60907], [-4.56894, 48.6103], [-4.56764, 48.61169], [-4.56388, 48.6145], [-4.56412, 48.61584], [-4.56612, 48.61688], [-4.56796, 48.6161], [-4.5698, 48.61643], [-4.56885, 48.61993], [-4.5656, 48.61868], [-4.56334, 48.61945], [-4.56247, 48.62063], [-4.56306, 48.6224], [-4.56493, 48.6226], [-4.56618, 48.62473], [-4.56519, 48.62552], [-4.56148, 48.6238], [-4.55869, 48.62329], [-4.55414, 48.62433], [-4.5515, 48.62446], [-4.5494, 48.62598], [-4.54797, 48.62607], [-4.54582, 48.62381], [-4.54166, 48.62433], [-4.54263, 48.6273], [-4.54474, 48.62789], [-4.54569, 48.62973], [-4.54519, 48.63107], [-4.54818, 48.63252], [-4.54851, 48.6334], [-4.54686, 48.63526], [-4.54564, 48.63384], [-4.544, 48.6339], [-4.54376, 48.63649], [-4.54179, 48.63701], [-4.53975, 48.63505], [-4.54027, 48.63394], [-4.53955, 48.63119], [-4.53807, 48.63078], [-4.53564, 48.63152], [-4.5334, 48.62957], [-4.53019, 48.62895], [-4.52616, 48.62937], [-4.52446, 48.63151], [-4.52371, 48.6334], [-4.5218, 48.63438], [-4.51958, 48.63461], [-4.51741, 48.63411], [-4.51384, 48.63441], [-4.51329, 48.63295], [-4.51105, 48.63246], [-4.51094, 48.62918], [-4.5089, 48.62915], [-4.50811, 48.63101], [-4.50627, 48.62982], [-4.50646, 48.62877], [-4.50875, 48.62817], [-4.50966, 48.62875], [-4.51253, 48.62885], [-4.51312, 48.62769], [-4.51102, 48.62487], [-4.50922, 48.62413], [-4.50983, 48.62314], [-4.50621, 48.62205], [-4.50452, 48.62211], [-4.5013, 48.62094], [-4.49808, 48.6224], [-4.49571, 48.62296], [-4.4963, 48.62419], [-4.4936, 48.62543], [-4.49221, 48.62465], [-4.48867, 48.62423], [-4.48689, 48.62466], [-4.48042, 48.62419], [-4.47978, 48.62347], [-4.47561, 48.62385], [-4.4704, 48.62561], [-4.46968, 48.62642], [-4.46746, 48.6266], [-4.46522, 48.6261], [-4.46121, 48.62765], [-4.4575, 48.62985], [-4.45629, 48.63151], [-4.45172, 48.63594], [-4.44838, 48.63695], [-4.44698, 48.63817], [-4.44692, 48.6393], [-4.44244, 48.63988], [-4.44087, 48.64133], [-4.43929, 48.64029], [-4.44045, 48.63877], [-4.44001, 48.638], [-4.43435, 48.63549], [-4.4318, 48.63523], [-4.43056, 48.63712], [-4.43151, 48.63814], [-4.43139, 48.63964], [-4.43355, 48.64054], [-4.43331, 48.64182], [-4.42981, 48.64063], [-4.42844, 48.6395], [-4.4253, 48.63996], [-4.42403, 48.63868], [-4.42163, 48.63851], [-4.42026, 48.63751], [-4.41787, 48.63805], [-4.4162, 48.6377], [-4.41375, 48.63821], [-4.40953, 48.63778], [-4.40732, 48.63809], [-4.40573, 48.63683], [-4.40246, 48.63734], [-4.39881, 48.63602], [-4.39736, 48.63638], [-4.39791, 48.63806], [-4.39976, 48.63809], [-4.4025, 48.63965], [-4.40278, 48.64062], [-4.40463, 48.64128], [-4.40686, 48.64069], [-4.40988, 48.64142], [-4.4125, 48.64116], [-4.41595, 48.64136], [-4.41795, 48.64207], [-4.42029, 48.64481], [-4.42285, 48.64557], [-4.42477, 48.64667], [-4.42724, 48.6463], [-4.42969, 48.64728], [-4.43252, 48.64751], [-4.43334, 48.65153], [-4.43493, 48.65275], [-4.4373, 48.65273], [-4.43656, 48.65472], [-4.43449, 48.65556], [-4.43146, 48.65584], [-4.43083, 48.65375], [-4.42925, 48.65259], [-4.4271, 48.65226], [-4.42135, 48.65306], [-4.41776, 48.65471], [-4.41392, 48.65458], [-4.4118, 48.65503], [-4.40869, 48.65426], [-4.40444, 48.65456], [-4.39804, 48.65562], [-4.39317, 48.65731], [-4.38897, 48.65954], [-4.38764, 48.66079], [-4.38591, 48.66004], [-4.38397, 48.66033], [-4.38274, 48.66136], [-4.37916, 48.66008], [-4.37892, 48.66122], [-4.38137, 48.66121], [-4.3806, 48.66275], [-4.37738, 48.66312], [-4.37547, 48.66454], [-4.37562, 48.66656], [-4.37431, 48.66705], [-4.37292, 48.66889], [-4.36774, 48.66833], [-4.36452, 48.66929], [-4.36257, 48.67054], [-4.35943, 48.67136], [-4.35601, 48.67337], [-4.35487, 48.67352], [-4.35345, 48.6751], [-4.35002, 48.67652], [-4.34723, 48.67646], [-4.34507, 48.67721], [-4.34366, 48.67676], [-4.33947, 48.67709], [-4.33681, 48.67607], [-4.33344, 48.67582], [-4.32979, 48.67712], [-4.33032, 48.67546], [-4.3285, 48.67466], [-4.32616, 48.6744], [-4.32763, 48.67273], [-4.32732, 48.67076], [-4.32985, 48.6689], [-4.32911, 48.66791], [-4.32449, 48.66601], [-4.32227, 48.66623], [-4.32032, 48.66743], [-4.32141, 48.66894], [-4.31796, 48.67019], [-4.31847, 48.67151], [-4.31765, 48.67245], [-4.31539, 48.67137], [-4.31236, 48.67255], [-4.31245, 48.67073], [-4.31352, 48.66963], [-4.31137, 48.66822], [-4.30615, 48.66637], [-4.30157, 48.66532], [-4.29827, 48.66506], [-4.2964, 48.66445], [-4.29407, 48.66174], [-4.29487, 48.66052], [-4.29686, 48.66063], [-4.30039, 48.65799], [-4.29986, 48.65558], [-4.29885, 48.6542], [-4.29994, 48.65251], [-4.30439, 48.65117], [-4.30818, 48.64747], [-4.31217, 48.64778], [-4.31546, 48.6474], [-4.31811, 48.64635], [-4.31695, 48.64528], [-4.31097, 48.64492], [-4.30816, 48.64372], [-4.31042, 48.64238], [-4.31607, 48.64018], [-4.31615, 48.63775], [-4.31159, 48.63518], [-4.30297, 48.63297], [-4.29994, 48.63315], [-4.29694, 48.63264], [-4.29351, 48.63705], [-4.29609, 48.63856], [-4.2999, 48.63797], [-4.29948, 48.6394], [-4.30081, 48.64023], [-4.29527, 48.64155], [-4.29264, 48.64129], [-4.2867, 48.64168], [-4.28107, 48.64282], [-4.27751, 48.64469], [-4.27708, 48.64622], [-4.27761, 48.64804], [-4.27446, 48.64953], [-4.27051, 48.64953], [-4.26763, 48.64992], [-4.26355, 48.64994], [-4.26157, 48.65046], [-4.25036, 48.64958], [-4.24649, 48.64971], [-4.23843, 48.65059], [-4.23339, 48.65209], [-4.22434, 48.65582], [-4.22435, 48.65384], [-4.22838, 48.65387], [-4.2316, 48.65197], [-4.23476, 48.65057], [-4.23357, 48.64933], [-4.22989, 48.64986], [-4.22895, 48.64946], [-4.22467, 48.64949], [-4.2236, 48.64815], [-4.22114, 48.64807], [-4.21961, 48.64883], [-4.21546, 48.64893], [-4.2125, 48.6497], [-4.20961, 48.64995], [-4.2014, 48.65182], [-4.19905, 48.65304], [-4.196, 48.65222], [-4.19525, 48.65371], [-4.19807, 48.65449], [-4.19943, 48.656], [-4.20273, 48.65671], [-4.20481, 48.65658], [-4.2105, 48.6573], [-4.2118, 48.65786], [-4.21379, 48.65638], [-4.21704, 48.65678], [-4.22022, 48.65615], [-4.22224, 48.65793], [-4.22211, 48.65857], [-4.21642, 48.66134], [-4.2145, 48.66434], [-4.21354, 48.66795], [-4.21189, 48.66941], [-4.20999, 48.66942], [-4.20934, 48.67082], [-4.20556, 48.67098], [-4.20615, 48.67239], [-4.20127, 48.67616], [-4.19935, 48.67608], [-4.19708, 48.67707], [-4.19308, 48.68083], [-4.19333, 48.68266], [-4.18994, 48.68286], [-4.18799, 48.68568], [-4.18639, 48.68649], [-4.1834, 48.68707], [-4.18228, 48.68425], [-4.18053, 48.68385], [-4.17781, 48.685], [-4.17651, 48.68647], [-4.17479, 48.68684], [-4.17349, 48.68583], [-4.17102, 48.6862], [-4.16982, 48.68739], [-4.17007, 48.68941], [-4.16747, 48.68825], [-4.16618, 48.68828], [-4.16133, 48.69033], [-4.16002, 48.68963], [-4.15756, 48.68959], [-4.15533, 48.69134], [-4.15362, 48.69126], [-4.1497, 48.69265], [-4.14387, 48.69231], [-4.13815, 48.69291], [-4.13599, 48.69352], [-4.13284, 48.69506], [-4.13137, 48.69627], [-4.12932, 48.69688], [-4.12687, 48.69369], [-4.12399, 48.69407], [-4.12177, 48.6933], [-4.11735, 48.69332], [-4.11387, 48.69492], [-4.11116, 48.69503], [-4.10715, 48.69453], [-4.10561, 48.69323], [-4.10385, 48.69432], [-4.1007, 48.69314], [-4.0975, 48.69377], [-4.09522, 48.6935], [-4.0948, 48.69244], [-4.0947, 48.68897], [-4.09313, 48.68892], [-4.09323, 48.69077], [-4.09161, 48.69204], [-4.08933, 48.69229], [-4.08606, 48.69073], [-4.08369, 48.69135], [-4.08387, 48.69279], [-4.08245, 48.69341], [-4.08091, 48.69295], [-4.08065, 48.69043], [-4.07693, 48.68965], [-4.07707, 48.68861], [-4.07469, 48.68604], [-4.07263, 48.68647], [-4.071, 48.68548], [-4.07169, 48.68445], [-4.06765, 48.68269], [-4.06725, 48.68168], [-4.06926, 48.68092], [-4.06877, 48.67982], [-4.0651, 48.67769], [-4.06239, 48.6778], [-4.06104, 48.67643], [-4.0577, 48.67468], [-4.05726, 48.67083], [-4.05579, 48.67109], [-4.05672, 48.67559], [-4.05932, 48.67721], [-4.0615, 48.67988], [-4.06381, 48.68047], [-4.06372, 48.68233], [-4.0663, 48.6833], [-4.06608, 48.68531], [-4.06195, 48.68762], [-4.05877, 48.68685], [-4.05781, 48.68569], [-4.05496, 48.68525], [-4.05245, 48.6854], [-4.04778, 48.68774], [-4.05003, 48.68779], [-4.05255, 48.68724], [-4.05439, 48.68611], [-4.05675, 48.68755], [-4.05758, 48.68926], [-4.05713, 48.69262], [-4.05588, 48.69608], [-4.05679, 48.70063], [-4.05247, 48.70245], [-4.05195, 48.70429], [-4.04936, 48.7053], [-4.04753, 48.70535], [-4.0454, 48.70425], [-4.04425, 48.7026], [-4.04253, 48.7026], [-4.03992, 48.70398], [-4.03703, 48.70644], [-4.03639, 48.7085], [-4.03639, 48.71211], [-4.03442, 48.71376], [-4.03299, 48.7127], [-4.02557, 48.71069], [-4.01923, 48.71136], [-4.01584, 48.71241], [-4.01248, 48.71449], [-4.0113, 48.71703], [-4.01309, 48.71811], [-4.01142, 48.71901], [-4.00718, 48.72363], [-4.00691, 48.7264], [-4.00372, 48.72486], [-4.00323, 48.72317], [-4.00724, 48.72142], [-4.00735, 48.71969], [-4.00431, 48.71833], [-4.00206, 48.71669], [-4.00452, 48.7157], [-4.00453, 48.71466], [-4.0009, 48.7118], [-3.99671, 48.71261], [-3.993, 48.71513], [-3.99102, 48.7183], [-3.99295, 48.72059], [-3.99296, 48.72293], [-3.99122, 48.7242], [-3.98918, 48.72685], [-3.986, 48.7277], [-3.98344, 48.7263], [-3.9819, 48.72391], [-3.97984, 48.72268], [-3.97684, 48.72216], [-3.97421, 48.72456], [-3.97222, 48.72549], [-3.97088, 48.72727], [-3.96958, 48.72563], [-3.96918, 48.72407], [-3.96506, 48.72177], [-3.96702, 48.71932], [-3.9691, 48.71817], [-3.96805, 48.71733], [-3.97006, 48.71495], [-3.96981, 48.71397], [-3.97178, 48.71292], [-3.97088, 48.71053], [-3.97352, 48.71003], [-3.97345, 48.70773], [-3.97164, 48.70634], [-3.97363, 48.70389], [-3.97265, 48.70205], [-3.97452, 48.70113], [-3.97575, 48.69903], [-3.97226, 48.6957], [-3.96866, 48.69364], [-3.96598, 48.6929], [-3.9652, 48.69168], [-3.96655, 48.69002], [-3.9682, 48.68998], [-3.97038, 48.6857], [-3.9703, 48.68237], [-3.96834, 48.68031], [-3.96885, 48.67943], [-3.96915, 48.67611], [-3.97095, 48.67516], [-3.9715, 48.67409], [-3.96814, 48.67346], [-3.96453, 48.67561], [-3.96252, 48.67423], [-3.95863, 48.67305], [-3.95602, 48.67305], [-3.95502, 48.67473], [-3.9533, 48.67298], [-3.94998, 48.67262], [-3.94996, 48.67086], [-3.9534, 48.67108], [-3.95535, 48.6692], [-3.95431, 48.66583], [-3.95174, 48.66323], [-3.95143, 48.66139], [-3.95228, 48.66053], [-3.95192, 48.65672], [-3.95395, 48.65597], [-3.95481, 48.65367], [-3.95655, 48.65123], [-3.95582, 48.64881], [-3.95606, 48.64646], [-3.95303, 48.64484], [-3.95242, 48.64333], [-3.95011, 48.64013], [-3.95026, 48.63754], [-3.95151, 48.63622], [-3.95118, 48.6352], [-3.95217, 48.63329], [-3.9528, 48.62902], [-3.95494, 48.62717], [-3.95399, 48.62448], [-3.95301, 48.62377], [-3.95299, 48.62088], [-3.95436, 48.61724], [-3.95655, 48.6168], [-3.95631, 48.61591], [-3.95297, 48.61642], [-3.95151, 48.6188], [-3.94884, 48.61772], [-3.94883, 48.61651], [-3.94739, 48.61542], [-3.94625, 48.61335], [-3.94376, 48.61097], [-3.94146, 48.60766], [-3.94111, 48.60606], [-3.94176, 48.60467], [-3.94148, 48.60298], [-3.93894, 48.60072], [-3.93501, 48.59868], [-3.93526, 48.60066], [-3.93831, 48.6021], [-3.93997, 48.60396], [-3.9399, 48.60559], [-3.93886, 48.60709], [-3.93993, 48.6096], [-3.94252, 48.61076], [-3.94232, 48.6129], [-3.94108, 48.61396], [-3.93891, 48.61453], [-3.94368, 48.61566], [-3.94491, 48.61722], [-3.94845, 48.62], [-3.94923, 48.62186], [-3.95057, 48.62336], [-3.95059, 48.62625], [-3.95114, 48.62784], [-3.9505, 48.63086], [-3.94963, 48.63252], [-3.9497, 48.63428], [-3.9481, 48.63776], [-3.94799, 48.64119], [-3.94833, 48.64234], [-3.951, 48.64495], [-3.95132, 48.65021], [-3.9505, 48.65287], [-3.94699, 48.65271], [-3.94584, 48.65371], [-3.9432, 48.65444], [-3.94137, 48.65672], [-3.93981, 48.65775], [-3.93617, 48.65705], [-3.93211, 48.65727], [-3.93006, 48.65784], [-3.92838, 48.66005], [-3.92778, 48.66184], [-3.92817, 48.66331], [-3.9273, 48.66561], [-3.92546, 48.66712], [-3.92532, 48.66825], [-3.92281, 48.67097], [-3.92283, 48.67282], [-3.92382, 48.67416], [-3.92209, 48.67551], [-3.91898, 48.67356], [-3.9161, 48.67304], [-3.91349, 48.67337], [-3.91144, 48.66996], [-3.9072, 48.66934], [-3.90343, 48.67018], [-3.90024, 48.67031], [-3.89857, 48.67171], [-3.89275, 48.67085], [-3.89111, 48.67089], [-3.89012, 48.66839], [-3.8914, 48.66664], [-3.89258, 48.66618], [-3.89622, 48.66588], [-3.90113, 48.66448], [-3.90351, 48.6644], [-3.90539, 48.66308], [-3.9062, 48.66083], [-3.90469, 48.65684], [-3.9021, 48.65418], [-3.90194, 48.65284], [-3.89819, 48.6485], [-3.89771, 48.64636], [-3.89258, 48.64284], [-3.88957, 48.64166], [-3.88069, 48.63917], [-3.87688, 48.63871], [-3.87371, 48.63666], [-3.86962, 48.63558], [-3.8668, 48.63542], [-3.86079, 48.63258], [-3.85858, 48.62954], [-3.85701, 48.62608], [-3.85724, 48.6242], [-3.85666, 48.62063], [-3.85737, 48.6187], [-3.86129, 48.61515], [-3.86208, 48.6128], [-3.85818, 48.60931], [-3.86119, 48.60834], [-3.86438, 48.6078], [-3.86558, 48.6058], [-3.86814, 48.60467], [-3.86773, 48.60406], [-3.86417, 48.60555], [-3.86312, 48.60692], [-3.86162, 48.60742], [-3.85925, 48.60696], [-3.85611, 48.60793], [-3.85366, 48.60636], [-3.85152, 48.6067], [-3.85702, 48.60978], [-3.85849, 48.61124], [-3.8595, 48.61434], [-3.85523, 48.61746], [-3.8538, 48.62011], [-3.85227, 48.62082], [-3.85175, 48.62279], [-3.84598, 48.62676], [-3.8419, 48.6268], [-3.84028, 48.62784], [-3.83223, 48.62837], [-3.83048, 48.62733], [-3.82799, 48.62698], [-3.8266, 48.62737], [-3.8242, 48.62998], [-3.82229, 48.62827], [-3.82072, 48.62761], [-3.81661, 48.62859], [-3.81737, 48.62922], [-3.81995, 48.62863], [-3.82264, 48.63051], [-3.82425, 48.63083], [-3.82683, 48.62875], [-3.82795, 48.62843], [-3.83323, 48.62972], [-3.84077, 48.62922], [-3.84283, 48.62815], [-3.84543, 48.62892], [-3.84774, 48.63104], [-3.84885, 48.63473], [-3.84901, 48.63743], [-3.85042, 48.63838], [-3.85073, 48.6408], [-3.852, 48.64282], [-3.85284, 48.64521], [-3.8548, 48.64727], [-3.85651, 48.64794], [-3.85565, 48.65029], [-3.85689, 48.65256], [-3.85701, 48.65626], [-3.85793, 48.65761], [-3.85666, 48.66002], [-3.85655, 48.66142], [-3.85802, 48.66274], [-3.85828, 48.6643], [-3.86125, 48.6669], [-3.86442, 48.67033], [-3.86426, 48.67133], [-3.86157, 48.67311], [-3.85789, 48.67272], [-3.85563, 48.67369], [-3.85395, 48.67271], [-3.8548, 48.67131], [-3.85352, 48.66922], [-3.85479, 48.66689], [-3.85346, 48.66177], [-3.85021, 48.66127], [-3.84904, 48.66011], [-3.84626, 48.66018], [-3.84582, 48.66164], [-3.84767, 48.66552], [-3.84714, 48.6673], [-3.8479, 48.66956], [-3.84582, 48.67144], [-3.8474, 48.67541], [-3.84838, 48.67617], [-3.85237, 48.67654], [-3.84962, 48.67795], [-3.84888, 48.67916], [-3.84959, 48.68094], [-3.84977, 48.68345], [-3.85193, 48.68441], [-3.85458, 48.68382], [-3.8553, 48.6853], [-3.85351, 48.68622], [-3.85443, 48.68928], [-3.85293, 48.68927], [-3.85067, 48.69071], [-3.84954, 48.69262], [-3.85042, 48.69423], [-3.84587, 48.69665], [-3.84294, 48.69541], [-3.8403, 48.69673], [-3.83987, 48.69986], [-3.84019, 48.70243], [-3.84193, 48.70588], [-3.84085, 48.70726], [-3.83869, 48.70616], [-3.83691, 48.70612], [-3.83451, 48.70769], [-3.8349, 48.7092], [-3.83615, 48.70999], [-3.83093, 48.7119], [-3.82985, 48.71138], [-3.82837, 48.70766], [-3.82656, 48.70794], [-3.82718, 48.70579], [-3.82818, 48.70457], [-3.82738, 48.70357], [-3.82301, 48.70182], [-3.82078, 48.70135], [-3.82105, 48.70472], [-3.82058, 48.70642], [-3.82134, 48.70764], [-3.81679, 48.71163], [-3.82039, 48.71319], [-3.81894, 48.71517], [-3.82095, 48.71822], [-3.81781, 48.71816], [-3.81681, 48.71618], [-3.81453, 48.71532], [-3.81317, 48.71318], [-3.80967, 48.71198], [-3.8056, 48.71102], [-3.80341, 48.71145], [-3.80066, 48.71295], [-3.79842, 48.71245], [-3.79839, 48.71055], [-3.79594, 48.70617], [-3.79286, 48.70494], [-3.79124, 48.70286], [-3.78896, 48.70312], [-3.78657, 48.70145], [-3.78299, 48.70119], [-3.77707, 48.70236], [-3.77456, 48.70462], [-3.77447, 48.70566], [-3.76994, 48.70762], [-3.76697, 48.70719], [-3.76584, 48.70909], [-3.76388, 48.7093], [-3.76119, 48.708], [-3.75944, 48.70873], [-3.75361, 48.70894], [-3.75074, 48.70725], [-3.74587, 48.7081], [-3.74356, 48.70813], [-3.74265, 48.70683], [-3.74012, 48.70794], [-3.73734, 48.70855], [-3.73383, 48.70883], [-3.73263, 48.70682], [-3.72964, 48.70568], [-3.72281, 48.70617], [-3.72113, 48.70473], [-3.71692, 48.70482], [-3.71609, 48.7036], [-3.71844, 48.70108], [-3.71806, 48.70016], [-3.71161, 48.69757], [-3.71035, 48.69615], [-3.70824, 48.69572], [-3.70529, 48.69434], [-3.70379, 48.69158], [-3.70133, 48.68985], [-3.69806, 48.6898], [-3.69597, 48.69105], [-3.69443, 48.69085], [-3.68847, 48.69168], [-3.68664, 48.68997], [-3.68534, 48.68989], [-3.68433, 48.68778], [-3.68031, 48.68668], [-3.67607, 48.68714], [-3.67561, 48.68951], [-3.67415, 48.68981], [-3.67157, 48.68922], [-3.66597, 48.69209], [-3.66154, 48.69367], [-3.65583, 48.69665], [-3.65302, 48.69381], [-3.64851, 48.6936], [-3.6467, 48.69388], [-3.64461, 48.69624], [-3.64327, 48.69591], [-3.64335, 48.69433], [-3.6446, 48.69106], [-3.64816, 48.69014], [-3.65189, 48.6877], [-3.65478, 48.6824], [-3.65309, 48.68064], [-3.64948, 48.67894], [-3.64643, 48.67806], [-3.64437, 48.67618], [-3.64203, 48.67536], [-3.63974, 48.67557], [-3.63926, 48.67334], [-3.64119, 48.67238], [-3.6438, 48.67197], [-3.6467, 48.67056], [-3.64867, 48.66834], [-3.65267, 48.66699], [-3.65512, 48.66534], [-3.65795, 48.66167], [-3.65914, 48.65921]]], [[[-5.1026, 48.43612], [-5.10429, 48.43682], [-5.10591, 48.43635], [-5.10898, 48.43647], [-5.11131, 48.43567], [-5.11242, 48.43674], [-5.1143, 48.43715], [-5.11736, 48.43898], [-5.11385, 48.43903], [-5.11254, 48.43853], [-5.10903, 48.43953], [-5.10913, 48.44156], [-5.11125, 48.44173], [-5.10919, 48.44336], [-5.10506, 48.44476], [-5.10215, 48.444], [-5.10148, 48.44496], [-5.09944, 48.4445], [-5.0979, 48.4451], [-5.09748, 48.4477], [-5.09469, 48.44815], [-5.092, 48.45019], [-5.09331, 48.45259], [-5.09789, 48.45363], [-5.09875, 48.45629], [-5.09998, 48.45635], [-5.10363, 48.45529], [-5.10538, 48.45522], [-5.10782, 48.4542], [-5.1101, 48.45396], [-5.11339, 48.45293], [-5.11464, 48.45298], [-5.11769, 48.45165], [-5.12011, 48.45276], [-5.12073, 48.45204], [-5.12342, 48.45185], [-5.12687, 48.44937], [-5.12826, 48.4496], [-5.13085, 48.44884], [-5.13399, 48.44845], [-5.1362, 48.45012], [-5.138, 48.44841], [-5.14026, 48.44804], [-5.14014, 48.45184], [-5.13727, 48.4522], [-5.13329, 48.45555], [-5.13245, 48.45723], [-5.13319, 48.45854], [-5.13146, 48.45969], [-5.12679, 48.46022], [-5.12678, 48.46108], [-5.12305, 48.46205], [-5.12087, 48.46197], [-5.12004, 48.46284], [-5.11793, 48.46325], [-5.1146, 48.46505], [-5.11274, 48.46486], [-5.11052, 48.46546], [-5.10727, 48.46553], [-5.10624, 48.46646], [-5.10904, 48.46782], [-5.10661, 48.46974], [-5.10672, 48.47181], [-5.10495, 48.47232], [-5.10138, 48.47248], [-5.09728, 48.47329], [-5.09497, 48.47281], [-5.09526, 48.47487], [-5.0939, 48.47487], [-5.09142, 48.47639], [-5.09014, 48.47331], [-5.08536, 48.47312], [-5.08289, 48.47243], [-5.08138, 48.47335], [-5.07691, 48.47431], [-5.07488, 48.47526], [-5.07424, 48.47693], [-5.07278, 48.47715], [-5.07089, 48.47913], [-5.07213, 48.48009], [-5.07568, 48.47977], [-5.07621, 48.48063], [-5.07252, 48.48273], [-5.06951, 48.48171], [-5.06641, 48.48192], [-5.06447, 48.47983], [-5.06139, 48.47826], [-5.06009, 48.47591], [-5.05639, 48.47661], [-5.05561, 48.47729], [-5.05254, 48.47766], [-5.0503, 48.47628], [-5.0506, 48.47513], [-5.05564, 48.47204], [-5.05653, 48.47068], [-5.05424, 48.46946], [-5.057, 48.46829], [-5.05861, 48.46688], [-5.05497, 48.46653], [-5.05379, 48.46503], [-5.05061, 48.46645], [-5.04865, 48.46514], [-5.04975, 48.46389], [-5.04699, 48.46307], [-5.04546, 48.46431], [-5.04387, 48.46386], [-5.04277, 48.46493], [-5.04002, 48.46516], [-5.03784, 48.46413], [-5.03438, 48.46332], [-5.03503, 48.46083], [-5.03766, 48.4584], [-5.04071, 48.45785], [-5.04452, 48.45791], [-5.04522, 48.45845], [-5.048, 48.4584], [-5.04896, 48.45902], [-5.05094, 48.45762], [-5.05089, 48.4569], [-5.05508, 48.45486], [-5.05489, 48.45366], [-5.05671, 48.45255], [-5.05846, 48.45244], [-5.05863, 48.44994], [-5.06273, 48.44876], [-5.06368, 48.4506], [-5.0654, 48.45026], [-5.06672, 48.44909], [-5.06819, 48.45085], [-5.07023, 48.45175], [-5.07245, 48.45116], [-5.07354, 48.44977], [-5.07615, 48.44901], [-5.07962, 48.4509], [-5.08095, 48.44942], [-5.08308, 48.44815], [-5.08458, 48.44589], [-5.08675, 48.44592], [-5.08746, 48.4443], [-5.08697, 48.4432], [-5.08887, 48.44049], [-5.09431, 48.4396], [-5.09547, 48.4406], [-5.09766, 48.43929], [-5.10101, 48.43861], [-5.1026, 48.43612]]], [[[-5.09629, 48.47755], [-5.1009, 48.47928], [-5.10224, 48.48056], [-5.10419, 48.48087], [-5.1027, 48.48233], [-5.1016, 48.48095], [-5.09784, 48.48161], [-5.09509, 48.48142], [-5.09392, 48.48218], [-5.09227, 48.48162], [-5.09244, 48.48043], [-5.09017, 48.47994], [-5.08996, 48.47896], [-5.0923, 48.47813], [-5.09629, 48.47755]]], [[[-4.77512, 48.52668], [-4.77627, 48.52701], [-4.77691, 48.5301], [-4.77334, 48.53082], [-4.77249, 48.5273], [-4.77512, 48.52668]]]]}}, {"type": "Feature", "geometry": {"type": "Polygon", "coordinates": [[[8.573411068108614, 42.38140571205032], [8.594967598626758, 42.370442888773276], [8.640801666424288, 42.373436353833], [8.650412807593723, 42.36235593170432], [8.681978913121439, 42.358465400722466], [8.68321233664994, 42.348405991522625], [8.715164693117954, 42.34731408789375], [8.759078812317421, 42.33804006429769], [8.770887277733078, 42.324764827713246], [8.819561377056067, 42.317558041882876], [8.861675727165986, 42.32811167142221], [8.859024483697455, 42.29995020570288], [8.87520921911696, 42.29428830686922], [8.881953886518218, 42.27178078880156], [8.904766989145307, 42.253859280700944], [8.933097537277835, 42.25043111224553], [8.947076130982284, 42.23422817213641], [8.973044637723564, 42.232597522891176], [8.991464818157644, 42.216579484852076], [9.024603276811161, 42.20363389421303], [9.04565931380628, 42.206923431408285], [9.050611468499882, 42.17000397791563], [9.064131426559902, 42.166950715680095], [9.08185038106952, 42.1259098454875], [9.123403164538574, 42.10551607054204], [9.13482913062442, 42.08700036410981], [9.130916384150003, 42.05440439115911], [9.161526350789277, 42.024930468066465], [9.188367061229057, 42.03108582200928], [9.221084024655989, 42.02759696053908], [9.223140183667368, 41.95046593535651], [9.230490115935124, 41.932324073627385], [9.220925415083576, 41.9218761454385], [9.248804246301058, 41.908855875310024], [9.25220736357214, 41.898984720376], [9.234965106156862, 41.87934237596686], [9.22749739090474, 41.85558903234784], [9.236915461534869, 41.84652580746613], [9.270702639104186, 41.840591858357556], [9.301434820029463, 41.84490426472732], [9.309095237783188, 41.832145235940885], [9.329474334205734, 41.83678041560044], [9.37190803582647, 41.86500821735677], [9.40226832441199, 41.858698242272276], [9.406272769840172, 41.82236027573807], [9.394129959534725, 41.79894602702587], [9.40804423486613, 41.765964137404545], [9.399816891537837, 41.692798815395356], [9.372306452198895, 41.67882801196141], [9.3867990309586, 41.66013485456259], [9.370050242610121, 41.63650941542051], [9.354744447894907, 41.64070711833988], [9.336739554234802, 41.6215416098364], [9.287840387799415, 41.60914794779935], [9.29567773050855, 41.58331885207275], [9.318350951823037, 41.60473961141595], [9.342535240446413, 41.594200027915484], [9.365038855194317, 41.596441470607836], [9.340900099192766, 41.559245310577836], [9.30264040024383, 41.54562427007991], [9.283924696074152, 41.52045330843586], [9.275938375380612, 41.496440290295695], [9.28564621195539, 41.481455763871594], [9.256106433634463, 41.45544645978787], [9.223954643701347, 41.44249242165367], [9.226384203660677, 41.41695973685865], [9.2502303450001, 41.4084598048058], [9.217973376538382, 41.36822599455603], [9.179838238258498, 41.36705499317599], [9.167240749781808, 41.385592289043764], [9.148965906928566, 41.38520002286676], [9.123343747407722, 41.39749027875982], [9.092348336772952, 41.39866884973409], [9.104353270113341, 41.4255060819188], [9.097269216996475, 41.44376682791671], [9.074312339266525, 41.44292158486769], [9.039677264505034, 41.46863417186722], [9.0227210321415, 41.46376611394031], [8.99284982541176, 41.48539712661482], [8.959459141628432, 41.49213642659868], [8.921974806573186, 41.49333335996221], [8.91474945736704, 41.50721159848068], [8.884614957295412, 41.50507147381323], [8.877812471356815, 41.523794319360206], [8.852559366284032, 41.53340920646009], [8.839699710816092, 41.54602923754972], [8.82073184232227, 41.545714667370824], [8.800523477489595, 41.57188276189636], [8.775873328951134, 41.59168224390554], [8.789698855828817, 41.605741813229336], [8.793554350339635, 41.62955326123481], [8.821776132159119, 41.63009123019617], [8.850720584313095, 41.64641263412892], [8.869502509562649, 41.64609463570318], [8.880911938109922, 41.66809704399582], [8.915782780480423, 41.68156786818509], [8.914509146058741, 41.68972719719775], [8.841281825467787, 41.69754888764182], [8.812716636350928, 41.71412605870484], [8.773461665894612, 41.71202820764472], [8.78400108030721, 41.73521507782763], [8.77244949030242, 41.74151395397478], [8.721540704721875, 41.724158153889434], [8.686037575634304, 41.748045833798216], [8.713140775389308, 41.760833711858524], [8.730281258947743, 41.776823799920166], [8.70924681599125, 41.79940893302203], [8.740535859236362, 41.80060842998491], [8.770981055994985, 41.811121572150675], [8.784393807344568, 41.830407894413874], [8.790279130273717, 41.86641909560435], [8.779265166063484, 41.88361463279185], [8.802495279594497, 41.89037396990991], [8.780329131904372, 41.924549684275014], [8.740124001713054, 41.92079895025009], [8.717470184551035, 41.90771623226959], [8.671249490634217, 41.90478838139739], [8.641453371512307, 41.90989807542862], [8.613429079275429, 41.9012604850547], [8.620491915709744, 41.92638143385013], [8.59770740264425, 41.95324242752227], [8.614841081409581, 41.97132815848069], [8.646060498119223, 41.96813286974832], [8.665774103171897, 41.978579613548604], [8.656419834192247, 42.00934596433834], [8.690325750960795, 42.02759574803638], [8.702100729051129, 42.02667306302128], [8.741332481964943, 42.04090929509705], [8.739158783588737, 42.06270232429793], [8.719858223120928, 42.063513495459055], [8.71025694439948, 42.09582422568561], [8.683317701085334, 42.10767939043072], [8.658338303250986, 42.10633293826876], [8.647011374442783, 42.121135348279964], [8.62381016858365, 42.12310886026918], [8.577473591502791, 42.15655723250558], [8.590170524060465, 42.16388769237882], [8.578216021601701, 42.188552849158576], [8.581385985210854, 42.20594433664427], [8.56099542798187, 42.23688048012684], [8.615721768949843, 42.253944800849766], [8.689105710448825, 42.26352397175119], [8.690120554846226, 42.27821075076003], [8.65998027654801, 42.30242037262011], [8.637554534466465, 42.30184726505929], [8.62490287547782, 42.3121592221741], [8.628148233048128, 42.338703487843894], [8.614873875271428, 42.349587758831014], [8.59038224862291, 42.35235664185015], [8.562054289065225, 42.33282223020302], [8.551790417379964, 42.34737867747405], [8.573411068108614, 42.38140571205032]]]}, "properties": {"code": "2A", "nom": "Corse-du-Sud"}}, {"type": "Feature", "geometry": {"type": "Polygon", "coordinates": [[[9.40226832441199, 41.858698242272276], [9.37190803582647, 41.86500821735677], [9.329474334205734, 41.83678041560044], [9.309095237783188, 41.832145235940885], [9.301434820029463, 41.84490426472732], [9.270702639104186, 41.840591858357556], [9.236915461534869, 41.84652580746613], [9.22749739090474, 41.85558903234784], [9.234965106156862, 41.87934237596686], [9.25220736357214, 41.898984720376], [9.248804246301058, 41.908855875310024], [9.220925415083576, 41.9218761454385], [9.230490115935124, 41.932324073627385], [9.223140183667368, 41.95046593535651], [9.221084024655989, 42.02759696053908], [9.188367061229057, 42.03108582200928], [9.161526350789277, 42.024930468066465], [9.130916384150003, 42.05440439115911], [9.13482913062442, 42.08700036410981], [9.123403164538574, 42.10551607054204], [9.08185038106952, 42.1259098454875], [9.064131426559902, 42.166950715680095], [9.050611468499882, 42.17000397791563], [9.04565931380628, 42.206923431408285], [9.024603276811161, 42.20363389421303], [8.991464818157644, 42.216579484852076], [8.973044637723564, 42.232597522891176], [8.947076130982284, 42.23422817213641], [8.933097537277835, 42.25043111224553], [8.904766989145307, 42.253859280700944], [8.881953886518218, 42.27178078880156], [8.87520921911696, 42.29428830686922], [8.859024483697455, 42.29995020570288], [8.861675727165986, 42.32811167142221], [8.819561377056067, 42.317558041882876], [8.770887277733078, 42.324764827713246], [8.759078812317421, 42.33804006429769], [8.715164693117954, 42.34731408789375], [8.68321233664994, 42.348405991522625], [8.681978913121439, 42.358465400722466], [8.650412807593723, 42.36235593170432], [8.640801666424288, 42.373436353833], [8.594967598626758, 42.370442888773276], [8.573411068108614, 42.38140571205032], [8.608843089791446, 42.38638181068826], [8.608422093704315, 42.416825413431944], [8.623443614293404, 42.421015734058656], [8.655236173325635, 42.41573491228313], [8.67479692494207, 42.47624538852454], [8.664552800602856, 42.4929949414802], [8.665497159436656, 42.51362834780463], [8.696840811820111, 42.52558454397895], [8.71045001223845, 42.52370248684714], [8.720517193362127, 42.55564630552545], [8.756417557530522, 42.570659862791466], [8.760441827402945, 42.55857137100389], [8.787065945635801, 42.55803097954457], [8.804094980454654, 42.569860341632605], [8.808932860020777, 42.599055946968434], [8.87503956071919, 42.61316864013493], [8.881531586278046, 42.62934512068445], [8.902416916945402, 42.62713736501694], [8.918133832632359, 42.63690557613399], [8.94178034180466, 42.63409527809801], [9.010380292350433, 42.64035285104823], [9.061821349825943, 42.66509048310729], [9.053801584912287, 42.67995503339286], [9.085757984829678, 42.714606767529766], [9.124558531022126, 42.731635182878094], [9.168148283828739, 42.73637983567517], [9.19805748276381, 42.724981437235], [9.220663922308333, 42.73560950529737], [9.293321757624451, 42.67431591000078], [9.32260417864183, 42.69810306283922], [9.32247464967814, 42.71680913865703], [9.3451446458748, 42.73666315749103], [9.337520755219344, 42.765033852323455], [9.340204735886463, 42.800597016108405], [9.311621298469504, 42.829728091907505], [9.331968178166248, 42.87026782937916], [9.322219609930274, 42.899631062547094], [9.347705223407253, 42.91305574845976], [9.358875948356951, 42.94492748470534], [9.340869996691138, 42.99446130565274], [9.359044857554936, 43.006721643949774], [9.413672465126256, 43.00653079400656], [9.463553614767086, 42.98640316480421], [9.451876286538043, 42.964357928208706], [9.466129664769332, 42.9409504747163], [9.469036245492854, 42.90508876257289], [9.48223146636352, 42.86451840047255], [9.491086000893741, 42.79496852775402], [9.47207892681302, 42.7705337050651], [9.446187747709702, 42.67357644963208], [9.474879109198852, 42.62483253404349], [9.514827798261265, 42.58472928229309], [9.527302925634157, 42.566105171529315], [9.53474359181352, 42.523009178263784], [9.529616852014632, 42.489443970187914], [9.54134697029719, 42.455927275892016], [9.543397471188387, 42.428489580925785], [9.532439507617266, 42.38377840928965], [9.537662619936489, 42.34360270025531], [9.559720920174655, 42.281366796993574], [9.552574586239787, 42.23523928410182], [9.558966860048981, 42.19643769306218], [9.556601094642179, 42.14214728519851], [9.549983013016067, 42.104163972329616], [9.530222254216497, 42.08620807802025], [9.466958564261997, 42.01274493764188], [9.441543252653778, 41.98975134561307], [9.41378283019094, 41.95570089844187], [9.415949003320323, 41.927960722873955], [9.397017056900047, 41.87461789997752], [9.40226832441199, 41.858698242272276]]]}, "properties": {"code": "2B", "nom": "Haute-Corse"}}, {"type": "Feature", "geometry": {"type": "Polygon", "coordinates": [[[3.373648044830684, 44.170755872105644], [3.4308257080086695, 44.14799915248837], [3.4397298934659637, 44.12909826593223], [3.4814122244595582, 44.12400876421138], [3.505848181205205, 44.12627491460725], [3.5464898950428156, 44.11382085664054], [3.5683776807910426, 44.12255725261015], [3.607405064801489, 44.116029399262366], [3.632837509244816, 44.12122297377445], [3.637535082199747, 44.1758044419647], [3.6577924199864618, 44.17331757538967], [3.6835417745626877, 44.18049607631633], [3.706247388904811, 44.16469033158088], [3.72562362185747, 44.164239828951345], [3.762454627385766, 44.148796144815584], [3.7969951126604835, 44.127389079486896], [3.8224027407450274, 44.13619346399231], [3.8720717351442726, 44.12886978328462], [3.894888943932836, 44.14779538799471], [3.9526044819739092, 44.170793726068595], [3.959878514814277, 44.191253656704994], [3.9387003573911197, 44.19367822410952], [3.9501597790209626, 44.223545860744586], [3.9461674161736497, 44.242375852165004], [3.973127020352843, 44.2525823769431], [3.956793721250768, 44.27180072553845], [3.9355689182657865, 44.2747470409525], [3.9362541551640287, 44.29349216194984], [3.922858913740669, 44.30521794102567], [3.9446647587995822, 44.31912094308078], [3.9127709736236946, 44.36850586796493], [3.8859181039452233, 44.38799905234691], [3.9079213910830926, 44.4026196632778], [3.944362317344653, 44.39956750349231], [3.961144148606084, 44.41397029137253], [3.9762196820180424, 44.441115482032224], [3.998162987763964, 44.45979755586323], [4.037601702020996, 44.44572224016011], [4.047796695540712, 44.41806858494041], [4.068441217053273, 44.40511357294197], [4.052980345425569, 44.3786960081517], [4.053413964443739, 44.339252388242215], [4.0368642122249785, 44.330767432006844], [4.051451662788466, 44.31732365711701], [4.0716271173670755, 44.327301470845015], [4.126751899132338, 44.33773352004587], [4.142867700090412, 44.31335085540006], [4.177742579074996, 44.317880186655266], [4.186703448446319, 44.299689052797774], [4.215253431785848, 44.290671875558495], [4.241323541622981, 44.270098246787754], [4.25884619798255, 44.26478557642796], [4.277460812236595, 44.27473441763758], [4.2894083121626245, 44.293211983267184], [4.288429093459214, 44.314658540974904], [4.321723881147898, 44.32398630005241], [4.336073225463424, 44.339522743700286], [4.366781304696769, 44.339496632938484], [4.386524834610318, 44.346613952796865], [4.403209845144098, 44.33389735712032], [4.390787503015712, 44.30304942711613], [4.398976853249833, 44.288946280259694], [4.432780130031507, 44.28698938355873], [4.448416311728308, 44.29660651655647], [4.4511432681787, 44.33458990256618], [4.45762136443186, 44.34163465741125], [4.503310494319003, 44.339246206238236], [4.54446827908279, 44.320768740097236], [4.5569412251008385, 44.30414412850996], [4.606815593785338, 44.290470941442756], [4.61814481108176, 44.278546617366906], [4.638060170291897, 44.28296923867679], [4.649223666100485, 44.270359865010946], [4.654069363595851, 44.25434245648795], [4.674835744164297, 44.23855142877028], [4.676647952353196, 44.212568030429516], [4.706545407713171, 44.21443008164891], [4.705782650078868, 44.192789712499234], [4.722074664233516, 44.18742154948267], [4.707458356688192, 44.10367246401244], [4.730134251131141, 44.0790279145671], [4.757852990967429, 44.07724513689432], [4.787978024928094, 44.06505409747017], [4.789122145192578, 44.05219781937887], [4.8376753047986, 44.01494231096372], [4.842106431474998, 43.98647433852841], [4.8159847814707275, 43.98880175042401], [4.815061095574236, 43.96762596960125], [4.779022226905269, 43.937890875835855], [4.739060856654237, 43.92405947349057], [4.723369654284791, 43.90595389117946], [4.693327338994554, 43.88497348729056], [4.641909591242105, 43.86747754714164], [4.666304849946619, 43.84477593971714], [4.6424160670333485, 43.83143872315902], [4.654752667357286, 43.80231435958277], [4.6512411791496495, 43.782277934314685], [4.62998556436456, 43.76267064663956], [4.613635008064088, 43.72981961114202], [4.613036230103559, 43.71429404725378], [4.627660521184518, 43.69054089775907], [4.5930322483013235, 43.687462402972955], [4.58188049548336, 43.696373117975405], [4.5369411541005595, 43.70751108523803], [4.487236861293796, 43.6992377666192], [4.475496620134662, 43.67109343801706], [4.4542439312837825, 43.66662787515181], [4.427040425527008, 43.62067740923795], [4.439746618135546, 43.61067366667502], [4.475231595661822, 43.60829885495057], [4.450257392496214, 43.58355447784505], [4.425539875574249, 43.5852225597615], [4.409349673740097, 43.5611278006361], [4.353650066858599, 43.54739365400947], [4.295851866824911, 43.51453493286982], [4.239683975737728, 43.499174558069626], [4.230283393392478, 43.46018543272639], [4.165622110206285, 43.47191333107422], [4.12719685937579, 43.48945145875348], [4.116910879157792, 43.508975353807415], [4.13888058730906, 43.53212392513865], [4.1010416754063925, 43.55437094640862], [4.109405863103809, 43.568485089709014], [4.098910460898469, 43.58523878512484], [4.124013506161594, 43.58895024124645], [4.168767208555132, 43.609030770419295], [4.19101716179093, 43.63923214645544], [4.194485354419471, 43.653448436512676], [4.162849158006259, 43.68732177934626], [4.163624537724226, 43.70657178584523], [4.144780927023585, 43.73388653553411], [4.114038963229966, 43.73774213316613], [4.085559128122547, 43.767493809895264], [4.054004107876562, 43.77221337157522], [4.053530448080167, 43.78560921749941], [4.002046166191344, 43.81146444231582], [3.974348495402355, 43.80147398295832], [3.9617205831596944, 43.8167773461929], [3.9725832619500827, 43.83722722610361], [3.922097434480497, 43.85838300161044], [3.919593011194314, 43.88129069251848], [3.858311217120308, 43.87706482556825], [3.849320972386986, 43.86820739246809], [3.8060678269182384, 43.87790410064622], [3.799542371073363, 43.89081274352567], [3.8290153156909916, 43.92451362259504], [3.820307051180645, 43.942408448784796], [3.7964825512716502, 43.9435656989855], [3.783735333757727, 43.96771518482477], [3.743769681529186, 43.9666083634669], [3.7321754924092114, 43.97201470844574], [3.6823066705348104, 43.947443190978206], [3.672466832939281, 43.91160371751443], [3.6235886150953553, 43.91697856675755], [3.5754482408134063, 43.865522240877404], [3.5994166278303736, 43.85472891826037], [3.5778543279413246, 43.84392003202783], [3.5307009207380955, 43.85562471396163], [3.5232801410108805, 43.88592559562791], [3.5133433004920533, 43.89620522669112], [3.4825869494241135, 43.88988383609219], [3.462718642490944, 43.87205197750373], [3.431373451816578, 43.87257632839371], [3.4393061475282316, 43.89791410822335], [3.4244480676686226, 43.911598168447306], [3.3583594413044624, 43.913832893255005], [3.3515992359998137, 43.93803681173031], [3.3781609146564224, 43.967548345837926], [3.4054945930695584, 43.9702673408017], [3.420487392791084, 43.99414155773302], [3.439167690806169, 43.99803716044466], [3.449940594755056, 44.020259628606446], [3.4323231338542683, 44.03257989364055], [3.3670810890076868, 44.058216824075586], [3.3407758500745954, 44.05682580426664], [3.3289104186209886, 44.079029903874805], [3.290256259022499, 44.07173186446177], [3.2640453082464216, 44.09159000805124], [3.3243979232334686, 44.11534226731356], [3.3202909661039373, 44.13590273654235], [3.3360602348274, 44.15867236265549], [3.373648044830684, 44.170755872105644]]]}, "properties": {"code": "30", "nom": "Gard"}}, {"type": "Feature", "geometry": {"type": "Polygon", "coordinates": [[[0.9539831166064948, 43.78737246570886], [0.9777987859720318, 43.7864397525409], [0.9910444477374416, 43.797045697236534], [1.0361954975370666, 43.804232715802144], [1.0591319349426427, 43.798594472191574], [1.0808172102613443, 43.81306583616325], [1.1124096388582891, 43.79707276987681], [1.126079238294049, 43.80959552989913], [1.1577904338124643, 43.81838124698653], [1.1798084884492999, 43.7952937589264], [1.2161233635195094, 43.791159600168356], [1.2192055591403763, 43.7707867235541], [1.2666508924183946, 43.78318101448264], [1.2676345847416235, 43.79377274514794], [1.311084838455899, 43.800602295519234], [1.3600316395881045, 43.81720012311376], [1.3572704568738654, 43.83369324204132], [1.328030911759578, 43.83816349035954], [1.3137064308190725, 43.8322272891667], [1.2965943993985685, 43.847335316271405], [1.3626018809802545, 43.85723006032639], [1.349235626213503, 43.871655526938696], [1.374917030255939, 43.8843365489393], [1.4086035229055638, 43.88264557304525], [1.418934148647794, 43.87135534680213], [1.4529636675835562, 43.87502936555188], [1.47466252365823, 43.90211274166312], [1.4907818788063523, 43.888997239785134], [1.5233234997345355, 43.90360072658564], [1.53278908620992, 43.92135227933209], [1.5556171726831822, 43.91831715512138], [1.5466741254835874, 43.90227582964282], [1.5604448006284883, 43.88193633936389], [1.5595369144011864, 43.86612807085979], [1.5725847390862493, 43.84880231415562], [1.593170425533653, 43.843138372370525], [1.5902324934871344, 43.81453310403227], [1.6264959472746285, 43.80130658412972], [1.6447876270393125, 43.80025749535743], [1.6424989428665737, 43.77836778877496], [1.655698865700349, 43.76426648219855], [1.6499189090514812, 43.75186514404521], [1.7000226658018673, 43.725322579061185], [1.7072267665260739, 43.71239499211101], [1.6689046629721764, 43.70425646859944], [1.663572654706257, 43.694057655631546], [1.71671390955716, 43.68932470041024], [1.7308693816067124, 43.65775037692843], [1.7056013351461534, 43.65256600106776], [1.687771093611741, 43.63070037401986], [1.7450478782076964, 43.603462190630566], [1.7639547679681267, 43.603570939255114], [1.7794523688032238, 43.586981588268245], [1.8334565523038187, 43.57823452761835], [1.8494522810871268, 43.56754406011732], [1.850708886716764, 43.54928175630703], [1.8804140168444965, 43.540315043888405], [1.893376989480592, 43.511429254268904], [1.9169530392384777, 43.501607534442506], [1.9560763206968899, 43.494064073594906], [1.9899972756684245, 43.47746968529684], [2.0102344593980876, 43.48184918070482], [2.015050754536418, 43.5043691931112], [2.037543768971243, 43.50685651452312], [2.0482899751352006, 43.48572590288188], [2.0181412825331915, 43.47035021960434], [2.0138097404810105, 43.44990469289765], [2.0291328387973606, 43.43689796484212], [2.013251174841698, 43.41479228000688], [1.9882982689321873, 43.40760727642704], [1.9563832142288617, 43.42542487943702], [1.9321973483656796, 43.42425346114769], [1.9030825485451017, 43.40648077638579], [1.8961151188637693, 43.418448380585566], [1.8587429714302222, 43.443820891217364], [1.8275744264204186, 43.41839399539007], [1.8040846789340412, 43.39168480485615], [1.8042058556067164, 43.35792861707674], [1.7722726989104796, 43.33697670685812], [1.7560895669919805, 43.347786239580316], [1.72381890913847, 43.32974907649138], [1.7264566850126617, 43.31355860790404], [1.7041401191232926, 43.302731061004685], [1.7083882204712093, 43.29126593638564], [1.6884197209147511, 43.27355372810048], [1.674798339388505, 43.28121472293003], [1.637330392962705, 43.255476822404304], [1.602045022703857, 43.265966045322976], [1.5475200495883703, 43.27567426925568], [1.5187255867607068, 43.26917438445627], [1.517589782341532, 43.28942028243403], [1.4962195339449893, 43.29276893893769], [1.489433194310029, 43.25842220794179], [1.504462615387652, 43.24943643931495], [1.5046005088805332, 43.22131429070002], [1.4845439726661527, 43.226162777288515], [1.4703750181603599, 43.21207194480044], [1.4479297220390106, 43.2128941335395], [1.417617895565898, 43.227838739549625], [1.4253606535844838, 43.256571535866705], [1.4114797701413646, 43.270269012569514], [1.3497399802929155, 43.31601406526464], [1.3239682844769867, 43.30940019027638], [1.3180291746094754, 43.29589235276595], [1.2925309175036508, 43.28836637975412], [1.3083430062252406, 43.26452855969102], [1.3306718864082818, 43.26256355573771], [1.332370877192311, 43.248931806901766], [1.3667896677356772, 43.2418101294384], [1.3827658374979088, 43.228123061206055], [1.3743734334754012, 43.21374576570538], [1.3441516514601857, 43.210695251898116], [1.3200644605867593, 43.19008881581775], [1.274066147426889, 43.19622758930005], [1.243672974766193, 43.18955616855956], [1.2139801500053244, 43.16243740075925], [1.2189486150323017, 43.15316275519517], [1.2743729840086873, 43.144383453050935], [1.2914479372138445, 43.12411619713413], [1.2808453772316608, 43.11141550841685], [1.2600621395015414, 43.10918367913112], [1.2615510081488481, 43.09151179346513], [1.2236282372389116, 43.086062046332636], [1.2087344680123453, 43.11795105080988], [1.1749842663258816, 43.14097449686551], [1.1623107695613917, 43.13229310791629], [1.1321077536262771, 43.15194534202816], [1.0898382360674839, 43.141811753194446], [1.0597948169991893, 43.1407984031395], [1.0388356827344098, 43.100552820032235], [1.0185271263876248, 43.107387874976396], [0.9909145410998831, 43.09277803898931], [1.0052536354583397, 43.08066466566629], [0.9856931292491957, 43.06291853162641], [0.9867409563385678, 43.02750002800353], [1.0162603018777892, 43.01021732861986], [1.0013417692542665, 43.002384225909054], [0.9791013887263271, 42.97443096191435], [0.9124553143730214, 42.95939313750352], [0.8749113719387422, 42.957775746315285], [0.8853071428027446, 42.93602990091024], [0.8735856733231423, 42.92679338211308], [0.8446280617921965, 42.9259553847581], [0.8261273850230597, 42.91428331470268], [0.8429206845448278, 42.88857838383233], [0.8598831874145956, 42.83829919038498], [0.8583056667230173, 42.82571908908446], [0.8014829737147933, 42.840482516254525], [0.786497752721584, 42.835955365811344], [0.7377189409040268, 42.84872835147501], [0.708377779630982, 42.86140184526933], [0.6590147498491514, 42.838529465460994], [0.6698627393614355, 42.82438101654399], [0.6705882589690579, 42.80475875717359], [0.6445405045620645, 42.78307646581688], [0.6503239309882353, 42.76416869986073], [0.6822635276176596, 42.70896825363519], [0.6705736143224804, 42.68989711626274], [0.607646803436206, 42.69905996655662], [0.5868270391623184, 42.69500344995768], [0.5296137950834886, 42.702684358976896], [0.5185245887513461, 42.691876177213395], [0.47774954032737066, 42.69999034279792], [0.4845912327562892, 42.70987563691782], [0.4550942250736491, 42.728060641999555], [0.46339485659012236, 42.75961776986063], [0.45587668333542497, 42.769893094701686], [0.4631381823278041, 42.79013609203236], [0.45645030119577185, 42.81819976680441], [0.4773565901163487, 42.87824375089618], [0.5324055542379432, 42.863293191606644], [0.5598104479575664, 42.86131086278569], [0.5759351469518764, 42.870825923039746], [0.5865354938150936, 42.899764469600925], [0.6060586556910943, 42.93436290905924], [0.6419907184981635, 42.95287272899541], [0.645536953415737, 42.96206456656776], [0.6188348311181961, 42.972417013199525], [0.6116327283329046, 42.98841659996602], [0.6274179241908862, 43.00010287323426], [0.6080473328079602, 43.034009064146474], [0.5918253760443509, 43.022372936614325], [0.5673867928980146, 43.02086035561931], [0.5412081928415171, 43.001720551955394], [0.5341218546281855, 43.01498318247417], [0.5379303286735891, 43.041641647509145], [0.5652571210979821, 43.04118358284234], [0.5573359728300217, 43.066396922958404], [0.533134473195984, 43.08279812294234], [0.5322696523895433, 43.093864488407256], [0.46394373544501977, 43.117816246348056], [0.4419985587106282, 43.13127313187027], [0.4700411050323527, 43.15730371100298], [0.4878146424725309, 43.16525164014629], [0.515732011440808, 43.189611401008044], [0.5173856740584795, 43.212372971316064], [0.5518748957180641, 43.20914713009289], [0.5738333078065921, 43.22033420729316], [0.5511319943370407, 43.236236596459726], [0.6183078501522927, 43.29035045829162], [0.6357239806030284, 43.300074553718005], [0.6068109749570959, 43.310885991585494], [0.6456712299650619, 43.31206330707761], [0.6693654275735994, 43.324708346706295], [0.7175914463388228, 43.376630810082574], [0.733730472605264, 43.37096706524623], [0.7455585564051908, 43.39499187362083], [0.7704216393342749, 43.4168097427721], [0.8063000758469085, 43.39997470202246], [0.8205416805525511, 43.41697502257888], [0.8444010068380974, 43.40988373774269], [0.8624052826149649, 43.41471351563584], [0.8948859188377402, 43.4052792090662], [0.9172511345137194, 43.40633268927769], [0.9416846595723644, 43.38408549124462], [0.9643403785279276, 43.386475780857246], [0.9780837577086212, 43.36265170654419], [1.0024979781750354, 43.377080651683535], [0.9937847184126083, 43.40798472527798], [1.02278785655839, 43.41170392033953], [1.0190323220764022, 43.43079483892832], [1.0321604609431316, 43.440852444747534], [1.0399574087550072, 43.46285347872525], [1.0221951427122764, 43.479243133371575], [1.0518532839588568, 43.48698884399707], [1.0608961902495995, 43.5127821423026], [1.0578193301966023, 43.52698286709649], [1.0718141320185244, 43.546348314375535], [1.0970817946149973, 43.533222452089504], [1.1250779695020832, 43.55436438795678], [1.1543767194578116, 43.55757543303593], [1.1640382379592968, 43.57239102182334], [1.199342708925358, 43.56918429556797], [1.2013370084855526, 43.594812955020146], [1.1809652008406388, 43.61400383428095], [1.1581444988078047, 43.60561827536576], [1.130581177959073, 43.642651776415875], [1.1148256080508376, 43.636718418209675], [1.0876957388199562, 43.64497503168885], [1.0509823342326547, 43.677823838616014], [1.06415307016496, 43.70277548531269], [1.006928222163991, 43.72890805398772], [0.9688276136449294, 43.75915093896533], [0.9539831166064948, 43.78737246570886]]]}, "properties": {"code": "31", "nom": "Haute-Garonne"}}, {"type": "Feature", "geometry": {"type": "Polygon", "coordinates": [[[0.07604560969926086, 43.98314313658291], [0.14096031674824933, 43.99467654310261], [0.1379369703469956, 43.976883130578564], [0.1634750890689333, 43.975927867916795], [0.1667631974496389, 43.99683417955631], [0.18957513112649763, 44.014641710019696], [0.22470724318893848, 44.019168066012675], [0.23519766394983782, 44.00847404202415], [0.299563922705621, 43.99275637569358], [0.3575675314065643, 44.01637987419657], [0.3815242105137543, 44.00637522428769], [0.39446331623218994, 44.01998446971625], [0.44244991475496404, 44.0287619833259], [0.4595156323439905, 44.05523744897399], [0.4858132156850541, 44.058600121652084], [0.5384274746319986, 44.05295246662407], [0.5650779969821476, 44.059221404780686], [0.5765096062579593, 44.075205934881076], [0.6022274135910171, 44.07371011611412], [0.6278895165319084, 44.06062754308569], [0.6316490534555541, 44.04949866816937], [0.6770868392750434, 44.02697200478653], [0.6876624158684242, 44.045888241623125], [0.707796417778404, 44.05801693922403], [0.7418847912050018, 44.06519923501575], [0.759648653180342, 44.049474350183324], [0.7640478940656028, 44.0296390768852], [0.8273513279716257, 44.05525093595275], [0.8578678740058554, 44.03490133585646], [0.835544710660537, 44.024621299340474], [0.8136473846848539, 44.024906180353696], [0.8277030720805598, 43.99957154660625], [0.796774360578817, 43.97561613750477], [0.7845407712528714, 43.9558047755343], [0.7601497122296061, 43.945349940213774], [0.7706960292642194, 43.92228348891115], [0.8092979458979879, 43.9323016655978], [0.840062943234885, 43.9163310081733], [0.8635672395335378, 43.923563445790464], [0.8898495576086674, 43.90333223113469], [0.8834946132400759, 43.87525629317644], [0.8994393128667493, 43.86469845813272], [0.895421911527158, 43.840341795321024], [0.9258616635111263, 43.83162570191422], [0.9016078422827867, 43.803642278388125], [0.9225087136116431, 43.792160090217415], [0.9539831166064948, 43.78737246570886], [0.9688276136449294, 43.75915093896533], [1.006928222163991, 43.72890805398772], [1.06415307016496, 43.70277548531269], [1.0509823342326547, 43.677823838616014], [1.0876957388199562, 43.64497503168885], [1.1148256080508376, 43.636718418209675], [1.130581177959073, 43.642651776415875], [1.1581444988078047, 43.60561827536576], [1.1809652008406388, 43.61400383428095], [1.2013370084855526, 43.594812955020146], [1.199342708925358, 43.56918429556797], [1.1640382379592968, 43.57239102182334], [1.1543767194578116, 43.55757543303593], [1.1250779695020832, 43.55436438795678], [1.0970817946149973, 43.533222452089504], [1.0718141320185244, 43.546348314375535], [1.0578193301966023, 43.52698286709649], [1.0608961902495995, 43.5127821423026], [1.0518532839588568, 43.48698884399707], [1.0221951427122764, 43.479243133371575], [1.0399574087550072, 43.46285347872525], [1.0321604609431316, 43.440852444747534], [1.0190323220764022, 43.43079483892832], [1.02278785655839, 43.41170392033953], [0.9937847184126083, 43.40798472527798], [1.0024979781750354, 43.377080651683535], [0.9780837577086212, 43.36265170654419], [0.9643403785279276, 43.386475780857246], [0.9416846595723644, 43.38408549124462], [0.9172511345137194, 43.40633268927769], [0.8948859188377402, 43.4052792090662], [0.8624052826149649, 43.41471351563584], [0.8444010068380974, 43.40988373774269], [0.8205416805525511, 43.41697502257888], [0.8063000758469085, 43.39997470202246], [0.7704216393342749, 43.4168097427721], [0.7455585564051908, 43.39499187362083], [0.733730472605264, 43.37096706524623], [0.7175914463388228, 43.376630810082574], [0.6693654275735994, 43.324708346706295], [0.6456712299650619, 43.31206330707761], [0.6068109749570959, 43.310885991585494], [0.5474473878405767, 43.329319731373445], [0.5043244698794473, 43.333508245170144], [0.49803381879209657, 43.32618057240136], [0.44498008716314374, 43.340735933546554], [0.4430328988271061, 43.32792703588786], [0.3957284672697182, 43.33360258395701], [0.3883410229269578, 43.35621468006998], [0.33909513817586934, 43.34345707398941], [0.32831696781083425, 43.34849301742664], [0.32769435096802535, 43.37095370345262], [0.30085675386203575, 43.37175476096837], [0.27840649370482956, 43.38622497108639], [0.2317041924912655, 43.36771211454836], [0.18203121400006392, 43.37118267445077], [0.17380494234693045, 43.40277225485803], [0.1538629917033123, 43.39932405975342], [0.1374594398551805, 43.43399175225508], [0.16599704732355133, 43.44273636926645], [0.14930802677520033, 43.465363039807976], [0.1350017858108604, 43.46572396335525], [0.1304678194460616, 43.49489917669358], [0.11212423457670333, 43.51736991981858], [0.08975008845749399, 43.51017249617227], [0.08058083535969605, 43.523863090805406], [0.056081443916198466, 43.5188072498529], [0.029579566383845242, 43.544897297852316], [0.015782134897742738, 43.543393230182545], [-0.0019248187812945813, 43.56554046143869], [-0.006638780883364193, 43.59430394426513], [-0.015780894995830737, 43.60465738319822], [-0.07397188111422878, 43.60631260105189], [-0.0772195291003595, 43.59016567666762], [-0.09678297320877491, 43.582405897631695], [-0.12160423721761877, 43.58624235445866], [-0.1604496417177948, 43.58057113664128], [-0.17292754407472402, 43.59364235835892], [-0.20474047168197715, 43.583595044006366], [-0.21060677583663345, 43.59323717586582], [-0.24283655874306692, 43.58497620901365], [-0.2472036903728421, 43.615949823145584], [-0.2777099095136678, 43.616204272478164], [-0.28211107433706983, 43.64307015979027], [-0.243162288337736, 43.6545058231693], [-0.23973019201148485, 43.67124152201394], [-0.2558984040423508, 43.679791305136796], [-0.23910333247309243, 43.69394560059394], [-0.2466545863762805, 43.71066950060451], [-0.2286074364319675, 43.715376271697906], [-0.19414330237233995, 43.737016685694684], [-0.20605373558746434, 43.7500763289867], [-0.2271397672790903, 43.808272976810954], [-0.19246168396068822, 43.81017700393666], [-0.19855660923175042, 43.86241563374058], [-0.19456201236331316, 43.881572646215844], [-0.2344384631811253, 43.899006040339785], [-0.200087659676207, 43.914834830061565], [-0.17595413172084393, 43.936327270993594], [-0.16632109560044633, 43.92805052482344], [-0.12468082668137451, 43.94434508821349], [-0.07235713337565827, 43.946531834485505], [-0.04653101813218577, 43.96104391789014], [-0.0361689246680343, 43.98374032755233], [0.001446300333196457, 43.959885381064026], [0.00420637351659139, 43.94342582438924], [-0.01861461418396192, 43.9313867432444], [0.030793555000742517, 43.9005633671888], [0.05569199596666372, 43.8976445612464], [0.07251111881590214, 43.91379372164531], [0.07101167271921884, 43.93329587806085], [0.05530723606827761, 43.957963973072], [0.07604560969926086, 43.98314313658291]]]}, "properties": {"code": "32", "nom": "Gers"}}, {"type": "Feature", "geometry": {"type": "Polygon", "coordinates": [[[-0.7188015186962935, 45.327417794908314], [-0.6443063251392437, 45.322045380590644], [-0.5944806728104985, 45.32114282458838], [-0.5689666025873613, 45.331523297246314], [-0.5706388485277301, 45.299823114254885], [-0.5135928628951079, 45.286334723467014], [-0.4862106750078733, 45.293564321887025], [-0.4405443881756486, 45.283811947310674], [-0.41542471256519675, 45.269332661912166], [-0.40842823644582854, 45.247807627855394], [-0.42076715723359287, 45.20853163878696], [-0.4028499593466693, 45.19049531934403], [-0.3971235767306027, 45.1703375875983], [-0.3797037928837214, 45.155347363684704], [-0.36355979846534786, 45.17026408300375], [-0.3383605974453927, 45.16688438562319], [-0.32063912086288726, 45.156166213658715], [-0.2753589385784497, 45.14140091335047], [-0.246841022219567, 45.108630449000074], [-0.21824686420972253, 45.10643197473333], [-0.18919958385014424, 45.094461907846785], [-0.15295329411286412, 45.08880721589072], [-0.13063644905467223, 45.096672426969135], [-0.11493018897120878, 45.11390010810251], [-0.0877028308704419, 45.121388836286684], [-0.06357364725413155, 45.09914913207582], [-0.04020033978963981, 45.102384335963414], [-0.003552786965686552, 45.11956999344142], [0.04083219110465748, 45.115350817593736], [0.06352711067229469, 45.09563292386136], [0.07329671773303688, 45.07012096510982], [0.035847937705388945, 45.01115004721698], [0.04010873279330704, 44.99350460562092], [0.019184278571431145, 44.98034965777573], [0.0032479456177751075, 44.947439781487724], [0.03436214413600705, 44.91546925454322], [-0.021935541227067503, 44.850692462395095], [0.018664421295006353, 44.849628493830664], [0.046921251109006, 44.82458068187802], [0.10655870123187683, 44.832720431213495], [0.19284351960714802, 44.820802554808736], [0.2062908527795184, 44.838781587007574], [0.24120144851108916, 44.85652879127665], [0.2376501157602628, 44.86924207555338], [0.27905937516440416, 44.86697670764365], [0.31506665558289004, 44.84541323207388], [0.2840562599933618, 44.823659365748206], [0.2637263179027021, 44.82627665355831], [0.2742254006482923, 44.78339312502083], [0.2973255098237856, 44.76228467395237], [0.2557380828743981, 44.750109827832176], [0.22538308407055824, 44.761938628969595], [0.20145524828961092, 44.72314903553606], [0.1941659722396007, 44.743134942046765], [0.15300384600842007, 44.73048103978557], [0.13340494933362354, 44.70463342458088], [0.11781564233279757, 44.71279600247887], [0.10217651632957546, 44.699261620698685], [0.10990756955468833, 44.684238793464466], [0.13439127028221218, 44.681785671797996], [0.14155522468909407, 44.66553015383226], [0.16217020857686018, 44.670520278429166], [0.1826776591534784, 44.66107212400698], [0.15503121242167628, 44.61515967421126], [0.08618477510895356, 44.57628609745734], [0.07072066177634428, 44.54932864142863], [0.03685067130235277, 44.55377569309968], [0.01809835904410432, 44.52978491547094], [-0.015453699893016518, 44.505062787136026], [-0.00964812423297182, 44.458953045356914], [0.007529968364000282, 44.44714235059867], [-0.012027062235710009, 44.42216048739268], [-0.002882225353325675, 44.40546555102971], [0.018233646559888256, 44.389878791845064], [0.014724678596450859, 44.36661482670666], [-0.012122430998677084, 44.371315036223], [-0.02996839148968028, 44.36051961592557], [-0.07881922376705748, 44.35369515694866], [-0.08575207965012982, 44.33761004988665], [-0.059508100967366126, 44.32137184585115], [-0.034811250980738076, 44.296725798024596], [-0.03298436987139304, 44.271725233652084], [-0.05336184991028127, 44.265764926478745], [-0.08804999010961528, 44.23886102586299], [-0.12013584466981135, 44.23674667953463], [-0.14068847985275829, 44.226404747689884], [-0.1664311622268672, 44.241645770485846], [-0.17860380229840828, 44.26119359476371], [-0.2260044378069046, 44.26478415652428], [-0.22344709828329407, 44.20589826380183], [-0.2721185290366108, 44.19380924623558], [-0.31133609242726, 44.20327170097005], [-0.38961736206091696, 44.20948462715673], [-0.3962403182108504, 44.237695224176385], [-0.38338729038705516, 44.28631066773658], [-0.404736006733474, 44.28738094305708], [-0.43013450581532475, 44.304781669300105], [-0.43183954131517804, 44.32257705443087], [-0.47887161721109855, 44.32489189867455], [-0.5176354697700613, 44.33911112646833], [-0.528103107297291, 44.364654043262846], [-0.57097020407163, 44.38252695965793], [-0.627647611184293, 44.39814566253359], [-0.6287774027434528, 44.44319224087455], [-0.6760254579024039, 44.45733288174258], [-0.6819329255443941, 44.444104603018644], [-0.7307029568976173, 44.446374662072536], [-0.7724266413748072, 44.4400689012159], [-0.7787977956453461, 44.429621612205196], [-0.8124255218387905, 44.420432411546486], [-0.8433457118512414, 44.41817667183869], [-0.9120213474779492, 44.43693794653607], [-0.9191704541834174, 44.44334436259599], [-0.9695842480121452, 44.429379805191715], [-1.0079983966164947, 44.43628954261453], [-0.9806969914576482, 44.48287893553743], [-0.9911544881491408, 44.511849168147315], [-1.0266309572095953, 44.5071249515487], [-1.0851664955491247, 44.53219457167761], [-1.1064909647292618, 44.502772891337074], [-1.2538901028077145, 44.4676042123461], [-1.2517315717900113, 44.514864026059136], [-1.2586140715490404, 44.547134908509065], [-1.227400657614334, 44.57575101363341], [-1.2035061581038056, 44.62271377486185], [-1.2041641060667378, 44.63998931395565], [-1.1915395677551643, 44.660726555771724], [-1.1617602687791189, 44.66337536905334], [-1.1407652758832603, 44.64722441419704], [-1.080794255404563, 44.64060270635637], [-1.0660081141503954, 44.646890088823476], [-1.0167859243981427, 44.64936614924531], [-1.024772192870524, 44.67594768817969], [-1.056012096331499, 44.707980341287296], [-1.1066690697160937, 44.74264984128815], [-1.1172415691037478, 44.74399705140438], [-1.165808013375802, 44.77527626694913], [-1.1800101830102927, 44.758098157761154], [-1.1738129355689804, 44.745358451222856], [-1.2205928890641693, 44.709423690526556], [-1.2378317329560085, 44.680472950808145], [-1.2462033009619466, 44.641861781385515], [-1.262052894231634, 44.63219970212472], [-1.251726794177239, 44.71201817211294], [-1.2245842811118994, 44.853825371133354], [-1.2041211009419968, 44.989784597043446], [-1.1902342986818488, 45.1076052722213], [-1.1623411294779713, 45.297866853836986], [-1.1588809392970065, 45.35758854145279], [-1.1605511012170588, 45.41069085511738], [-1.1510569561631872, 45.44160185108563], [-1.157040252187612, 45.47037006217617], [-1.13642305844502, 45.510996841105246], [-1.100291537957874, 45.54164579436281], [-1.0911993078778204, 45.56240962499771], [-1.0608731648946181, 45.559687159252995], [-1.0399629327796032, 45.53624996681034], [-1.0394312457678239, 45.51187047075673], [-1.0052560088445266, 45.49288102324259], [-0.9741453673216026, 45.46337798565173], [-0.9339187159877002, 45.44354638799416], [-0.8975412931164795, 45.413920961435664], [-0.8380858049594333, 45.37799277602822], [-0.803863792011378, 45.3483837452359], [-0.7677088201843572, 45.289668398897916], [-0.7511045662834447, 45.248111104699966], [-0.7415941186185122, 45.18951228689129], [-0.6827151048736609, 45.07868957712152], [-0.6531808034769909, 45.04997165854475], [-0.6085452595854771, 45.01540165572232], [-0.5906665446401641, 45.041946989301174], [-0.635943850069436, 45.074304489771464], [-0.6522025754037655, 45.10762754422008], [-0.6677719424227322, 45.12666694807424], [-0.6699486553314091, 45.16929377695903], [-0.6882053149295403, 45.21937742756459], [-0.7037353439558368, 45.283639400976455], [-0.7188015186962935, 45.327417794908314]]]}, "properties": {"code": "33", "nom": "Gironde"}}, {"type": "Feature", "geometry": {"type": "Polygon", "coordinates": [[[3.3583594413044624, 43.913832893255005], [3.4244480676686226, 43.911598168447306], [3.4393061475282316, 43.89791410822335], [3.431373451816578, 43.87257632839371], [3.462718642490944, 43.87205197750373], [3.4825869494241135, 43.88988383609219], [3.5133433004920533, 43.89620522669112], [3.5232801410108805, 43.88592559562791], [3.5307009207380955, 43.85562471396163], [3.5778543279413246, 43.84392003202783], [3.5994166278303736, 43.85472891826037], [3.5754482408134063, 43.865522240877404], [3.6235886150953553, 43.91697856675755], [3.672466832939281, 43.91160371751443], [3.6823066705348104, 43.947443190978206], [3.7321754924092114, 43.97201470844574], [3.743769681529186, 43.9666083634669], [3.783735333757727, 43.96771518482477], [3.7964825512716502, 43.9435656989855], [3.820307051180645, 43.942408448784796], [3.8290153156909916, 43.92451362259504], [3.799542371073363, 43.89081274352567], [3.8060678269182384, 43.87790410064622], [3.849320972386986, 43.86820739246809], [3.858311217120308, 43.87706482556825], [3.919593011194314, 43.88129069251848], [3.922097434480497, 43.85838300161044], [3.9725832619500827, 43.83722722610361], [3.9617205831596944, 43.8167773461929], [3.974348495402355, 43.80147398295832], [4.002046166191344, 43.81146444231582], [4.053530448080167, 43.78560921749941], [4.054004107876562, 43.77221337157522], [4.085559128122547, 43.767493809895264], [4.114038963229966, 43.73774213316613], [4.144780927023585, 43.73388653553411], [4.163624537724226, 43.70657178584523], [4.162849158006259, 43.68732177934626], [4.194485354419471, 43.653448436512676], [4.19101716179093, 43.63923214645544], [4.168767208555132, 43.609030770419295], [4.124013506161594, 43.58895024124645], [4.098910460898469, 43.58523878512484], [4.109405863103809, 43.568485089709014], [4.1010416754063925, 43.55437094640862], [4.056139135742867, 43.55754349700192], [4.011185334395634, 43.552446652511314], [3.9685779965496257, 43.54002202677775], [3.9071342421308484, 43.51684377775197], [3.85119536986901, 43.486462477159925], [3.796663802013001, 43.44103590991042], [3.724916367109535, 43.41579045126172], [3.725633295848447, 43.40119286766748], [3.692847761038597, 43.39286075111627], [3.66215922818193, 43.392279064377114], [3.6026190412473764, 43.35542655651462], [3.5582388767895456, 43.31887037271225], [3.509760183543765, 43.27194467481957], [3.467228588445924, 43.276787686264214], [3.4303316940306616, 43.29020953643601], [3.3869064784452894, 43.28413968534662], [3.343863387032852, 43.27039600610152], [3.263447246832585, 43.228865527136406], [3.24056113717041, 43.21280863308409], [3.2103050300757787, 43.235638559541265], [3.2010265503923754, 43.249167148053665], [3.175401641785767, 43.24369767269661], [3.1472079664155532, 43.24700506844497], [3.1220006410048176, 43.26158196380372], [3.110944425233587, 43.253471060898335], [3.0783431423637917, 43.261829334517095], [3.0548510434943674, 43.27971779305137], [3.005861156020884, 43.28492197900128], [3.004349268167806, 43.3201311415976], [2.9469414010608523, 43.31208498526138], [2.8867026665888473, 43.32989534646164], [2.890171804390596, 43.36535216139457], [2.872040834033522, 43.373176887725414], [2.868317493236679, 43.32958665849561], [2.8385539311891925, 43.32211574816248], [2.79178868739065, 43.293015551205826], [2.7869223712743656, 43.273512651125344], [2.772248225673249, 43.25778564580618], [2.7525204916724526, 43.254593867354295], [2.737891172803547, 43.26734188065557], [2.7002195943205365, 43.28232047565704], [2.7068228959310465, 43.293727070528135], [2.6935895397617924, 43.32048879782006], [2.6587668022165167, 43.29400885554122], [2.6016030790296316, 43.29870698639686], [2.5847987373211803, 43.333574828863085], [2.547404327067849, 43.33874150409467], [2.55675033079638, 43.3671181357703], [2.5532224612518877, 43.381578705629835], [2.569215560940852, 43.40030210238747], [2.593459760332987, 43.4125861022952], [2.5657873980365586, 43.42295974410401], [2.6083131770094083, 43.433261066263796], [2.6404157795956293, 43.456170094886865], [2.665159813486489, 43.46562405590211], [2.6549053505045195, 43.496865365205636], [2.6556293418118515, 43.526612299085116], [2.615607192520078, 43.56663335506618], [2.630666452845948, 43.581990495056836], [2.614324097727256, 43.59922725257067], [2.6286278265574405, 43.610128390915975], [2.6446987288829193, 43.65454190899258], [2.7202035511311102, 43.645368462055636], [2.754523557193863, 43.61413878643581], [2.7948588118902697, 43.62443489640862], [2.8159272603949876, 43.64006590950408], [2.9073523053079366, 43.65422802689393], [2.9197089782492416, 43.662246071066406], [2.9190783288815148, 43.68754825993107], [2.9354629666803715, 43.69466778518887], [2.9465514600279064, 43.6929371414868], [2.9848044810902232, 43.708885107652996], [3.0334575248710003, 43.69205430194576], [3.0601699178851627, 43.69294263093098], [3.0681377277946873, 43.70869387475869], [3.053457816225651, 43.71617068001798], [3.0530638218978536, 43.74618963728415], [3.0758829435264556, 43.768519616825884], [3.0570597724827286, 43.782641043208976], [3.049402198661958, 43.80382793190341], [3.0602924932316915, 43.80942874668814], [3.0598559764719786, 43.8316473799454], [3.089161041674374, 43.83475002166805], [3.129188579676226, 43.81693696893768], [3.209694860701851, 43.8129603323146], [3.2490369949799924, 43.82957970414178], [3.251093231989111, 43.84207470180914], [3.2344586173849077, 43.85756325069015], [3.275074750407491, 43.898352311519034], [3.3179342390620543, 43.890982402561455], [3.3583594413044624, 43.913832893255005]]]}, "properties": {"code": "34", "nom": "H\u00e9rault"}}, {"type": "Feature", "geometry": {"type": "MultiPolygon", "coordinates": [[[[-2.1237080247752895, 48.6044100285603], [-2.141418514151318, 48.63150826238565], [-2.1110187885946092, 48.639371270835035], [-2.0731195987308073, 48.639848527788644], [-2.0550968709795594, 48.62731181103318], [-2.030265589793804, 48.623037585858], [-2.0335527005150444, 48.60945056178775], [-2.0135087146521657, 48.58752054847777], [-2.006894935706843, 48.56611290198358], [-2.0462129661682633, 48.54401486364402], [-2.044804968300762, 48.56420276394202], [-2.0924894843076234, 48.572462492473], [-2.1233140883470694, 48.58901274793282], [-2.1237080247752895, 48.6044100285603]]], [[[-1.9480369010443914, 48.53880790488251], [-1.9611498133853817, 48.55028465234394], [-1.9919510225165333, 48.59410622069773], [-2.0087091801575645, 48.60763335351246], [-2.025977992976761, 48.634440306350065], [-2.0259623321650078, 48.651529854005666], [-1.9952407599257496, 48.66014163675909], [-1.9698282134951834, 48.686323125327455], [-1.938080197743341, 48.69445682698749], [-1.9058385211153706, 48.69048099448555], [-1.8905012399508623, 48.69894290465139], [-1.8485728474073226, 48.69470909677442], [-1.8364331812622583, 48.68121682888067], [-1.862720260590434, 48.66727765633872], [-1.8716564802790996, 48.64741056211108], [-1.8450734275301934, 48.61636825056999], [-1.7739813304009915, 48.60347255264488], [-1.6611080846074195, 48.61074343781696], [-1.571087121326364, 48.62644574305228], [-1.5395886706131567, 48.59990995187043], [-1.5429924815935763, 48.580444133540496], [-1.5189153941473403, 48.56659421958314], [-1.5332845735947223, 48.548008242217605], [-1.5195667662578034, 48.54001612578908], [-1.4956341385339116, 48.508901592854826], [-1.4899474351423645, 48.4893748476061], [-1.4492619036481307, 48.48610480553381], [-1.4291375679083818, 48.46255700303843], [-1.3825547062366061, 48.4568090552251], [-1.3446860862323986, 48.47306856926301], [-1.3286586444430455, 48.49624141596003], [-1.2792064911793741, 48.50916990134831], [-1.2722484935647256, 48.533924823055], [-1.206555726308375, 48.54220594454138], [-1.1883677623098592, 48.52868744833374], [-1.1709940931325373, 48.53107346572728], [-1.1470794109416749, 48.517497772579], [-1.1305430914657242, 48.52170438546665], [-1.0701645143702043, 48.50849381419032], [-1.0757201292558587, 48.499394433638884], [-1.06581502082362, 48.4511898364817], [-1.0830222073820854, 48.43355484623164], [-1.0771281225801501, 48.41169597169672], [-1.0539346752839132, 48.383988802654805], [-1.0646345421184056, 48.36828025341763], [-1.0450195299623026, 48.327727830000974], [-1.0820973324543777, 48.298390519589205], [-1.1015118599620337, 48.26179752391566], [-1.0736642370047438, 48.20075616092018], [-1.0796054903163383, 48.18347699576321], [-1.0602909002161003, 48.150112461248], [-1.04960608939875, 48.08980493060165], [-1.023283345569893, 48.06891120315209], [-1.0346655165784813, 48.03361464779431], [-1.018202579829028, 48.012309356573546], [-1.0212610284765602, 47.99494016247969], [-1.0709701077191276, 47.98180281363006], [-1.1026711686637318, 47.98906278289821], [-1.1260769059410864, 47.97331126695682], [-1.1539806565642339, 47.96582146885006], [-1.1595139860083212, 47.939220868111676], [-1.176229425978116, 47.89739680946678], [-1.1966267612194066, 47.88926967278471], [-1.1892286738461781, 47.8675257247478], [-1.2139598200974668, 47.84431487401968], [-1.2160077396105768, 47.83115457607098], [-1.2382517343256678, 47.80999146297073], [-1.2458823462890538, 47.776717547680406], [-1.318489521021141, 47.79233158240722], [-1.360603817710753, 47.798432206803135], [-1.3904279688415837, 47.828280801153184], [-1.4178432025307772, 47.82748441208516], [-1.4651862054088018, 47.83460451273148], [-1.475255403833222, 47.82540410017005], [-1.4666150070573418, 47.8074975400483], [-1.5042371318422498, 47.8009448646891], [-1.5280651896409132, 47.78584499709324], [-1.5934074072820492, 47.77605009178189], [-1.6163557701095264, 47.76415676086167], [-1.635569613301689, 47.74266025266195], [-1.6381801885560439, 47.72231564110314], [-1.6556020388557997, 47.71053299603197], [-1.6911255411567772, 47.71282712864092], [-1.7236704751667482, 47.698676218818825], [-1.752032319383817, 47.70741764750666], [-1.7724163023563184, 47.69845339608558], [-1.8225344895568474, 47.70628736859361], [-1.8640133393104241, 47.7069846705491], [-1.9363047156903395, 47.68664646647229], [-1.9546408028570217, 47.67170187943092], [-1.9690539759076384, 47.688369032568346], [-2.0093556937669623, 47.67137826011831], [-2.0357262501792506, 47.668539150280836], [-2.050619855103944, 47.65113784113771], [-2.0747365598102796, 47.65166099544987], [-2.097035597340287, 47.63135984401428], [-2.1143465125517733, 47.64948078140733], [-2.104362517130758, 47.67679662818726], [-2.1226631940444274, 47.68266972251208], [-2.1193410051181774, 47.71063202277528], [-2.131472084919135, 47.72224026215694], [-2.108708446187951, 47.736577355949336], [-2.05870429699438, 47.73825600134232], [-2.0847208937394774, 47.76271449098266], [-2.1281864076334727, 47.76137577244934], [-2.072263910083875, 47.79043840708027], [-2.07046358794415, 47.81140390317735], [-2.0495260703928677, 47.816917397929046], [-2.035760594626103, 47.83230046155979], [-2.0516011501156974, 47.84056453938214], [-2.05159236139944, 47.858773023325405], [-2.0912481690997526, 47.8434473982296], [-2.0963111903663836, 47.862554271425815], [-2.1162985684590643, 47.88095628988424], [-2.104913226347623, 47.90237571011746], [-2.0847410993122524, 47.90544356892739], [-2.079088544973962, 47.91952249839454], [-2.098673563613805, 47.93553710123405], [-2.1112032705184025, 47.959278246467555], [-2.143950368919052, 47.983469165776214], [-2.174134646718617, 47.97976235737829], [-2.2048365524509523, 47.99406221955531], [-2.2328964298568574, 47.998867256915695], [-2.282925404888046, 47.99091881499263], [-2.2795950136703538, 48.02636073132026], [-2.2418711140864542, 48.05284164383506], [-2.193720023024239, 48.05137966801874], [-2.1703797438923407, 48.06358155989515], [-2.1873980178837424, 48.08098581530162], [-2.2332446439270166, 48.07562787634504], [-2.255362117704863, 48.065686457906594], [-2.255541810894401, 48.10943651832076], [-2.287278430400511, 48.133745563458476], [-2.2832479885362944, 48.14529870453187], [-2.248230377893739, 48.15279776234215], [-2.2247373292770836, 48.17059701877417], [-2.219796763889133, 48.20213436033515], [-2.1843775145100226, 48.213137604790425], [-2.1869612472272957, 48.24637857003084], [-2.162901712976404, 48.25626974900393], [-2.126853803195948, 48.25976994927449], [-2.110118931164646, 48.2529034820783], [-2.0762583662242795, 48.28371148397488], [-2.0532925486538485, 48.29832786130155], [-2.014100529199395, 48.27953190980406], [-1.998266241844134, 48.296980554393514], [-1.9548327221541828, 48.317109845291775], [-1.9668973217216907, 48.3428189820063], [-1.9290791323813683, 48.34704210576775], [-1.947720243456438, 48.36894464609711], [-1.9384653904593245, 48.391389339464936], [-1.9367895889503266, 48.420070240063225], [-1.9519092329646253, 48.42918354147581], [-1.9486347678108729, 48.446456041738884], [-1.923895933613775, 48.460907740617046], [-1.9268720731463556, 48.47686450947533], [-1.9110132247187712, 48.51741534739239], [-1.9251126755890333, 48.54530394613221], [-1.9480369010443914, 48.53880790488251]]]]}, "properties": {"code": "35", "nom": "Ille-et-Vilaine"}}, {"type": "Feature", "geometry": {"type": "Polygon", "coordinates": [[[1.32666554504539, 47.186225424714024], [1.4014266290701616, 47.21244937239578], [1.4241047321761513, 47.22954437481808], [1.4484622479605171, 47.23796792120677], [1.4815998938388473, 47.239163055882926], [1.5245337678448851, 47.22597700817113], [1.539459756494749, 47.25652806281719], [1.566277084478891, 47.261616837192406], [1.59104001493485, 47.25746333923802], [1.5924281213159723, 47.27667661628705], [1.6504371377870972, 47.27317015052999], [1.6659002787349648, 47.25778142355442], [1.7058305011298698, 47.26587806828036], [1.715953376298902, 47.276776997807374], [1.7397902842883757, 47.2549073525034], [1.77611073651641, 47.23138256399343], [1.8088371356765827, 47.23387535753442], [1.8390792420529518, 47.219308157716554], [1.8422371270362656, 47.17758044921177], [1.8234729723307537, 47.173942852701636], [1.8100544192382355, 47.15615809030652], [1.7776202085696244, 47.13240064713366], [1.793670861418607, 47.12090886272082], [1.8226530300255424, 47.122071863013495], [1.8488587784887625, 47.10936986097168], [1.882721849834433, 47.1019495456428], [1.9184124209566409, 47.10482799182933], [1.9664139793909294, 47.12541751372791], [1.9966600854821617, 47.12699833408193], [2.024534600265164, 47.104448294258844], [2.0483747223375235, 47.10602450452247], [2.05567516887427, 47.07168995789588], [2.0297138722809316, 47.04747052812152], [2.0933838995940373, 47.01573583572996], [2.1088559092730397, 46.99719111950124], [2.0702028641356307, 46.95442291025531], [2.0706986163554206, 46.93399643786306], [2.109999619994995, 46.91338987501182], [2.1460169903433157, 46.91750721360478], [2.154834385411464, 46.91162948370054], [2.1390397070573326, 46.888569836472456], [2.106948767251103, 46.87213575040175], [2.0782472483795438, 46.83892644966574], [2.048810332345124, 46.82944826814363], [2.072503508712849, 46.808814332303335], [2.1032165162358063, 46.79543413838327], [2.116649522348319, 46.779717208437596], [2.0929846391107216, 46.75496838536534], [2.065751312591214, 46.742494802064904], [2.111303456191762, 46.71160114289773], [2.1554479927780568, 46.69216020128774], [2.138670574914567, 46.66743461292721], [2.1894467123408132, 46.64214127258008], [2.187486147291389, 46.61672498199302], [2.1671454437331246, 46.588979151612705], [2.1732125948301104, 46.56618677203497], [2.158700190947214, 46.557346281682186], [2.1810826759773936, 46.52903506403956], [2.2043972607989812, 46.48439997524806], [2.193160461276067, 46.47025540007179], [2.1565419224007676, 46.46152623851912], [2.154348029342259, 46.43408051549606], [2.1677857181383846, 46.42406650081809], [2.129684686571857, 46.41986520092511], [2.088941803334241, 46.40890318674806], [2.074201476301987, 46.41984302086565], [2.044395406151348, 46.42134446075375], [1.9930823669027022, 46.43091738935582], [1.978108199916569, 46.439771706882276], [1.9243082864873586, 46.431902226728816], [1.909176472236739, 46.44350179050311], [1.883436954441824, 46.43255455176469], [1.8195004176655625, 46.430038338950894], [1.7983765894227512, 46.45481762095847], [1.747590198721343, 46.45002145600438], [1.7601258090399783, 46.42758992898391], [1.7277004157566196, 46.38940888777561], [1.710900805328006, 46.39205717074327], [1.6836025202595086, 46.41817777856285], [1.6448464161558112, 46.38681584908517], [1.6143011395442397, 46.405298584782024], [1.5696928311710425, 46.4054957864533], [1.5462010463391824, 46.39346394164149], [1.543962708576285, 46.416887448744504], [1.5223068332769556, 46.42652499450049], [1.462936752493747, 46.375350693466984], [1.4353808001913293, 46.363844088424806], [1.4151905101137505, 46.34721849587296], [1.4090311642821585, 46.3613359928752], [1.3835265726019255, 46.374757364316125], [1.3560228953092233, 46.40012317441316], [1.3223399070687456, 46.38965357258241], [1.3030567860553472, 46.37099465262579], [1.2604032451287535, 46.37878248650986], [1.2191909673622259, 46.36592410433378], [1.2047624195766258, 46.387692968021526], [1.1772799568053671, 46.38395162215293], [1.2109861172875847, 46.42936675668184], [1.1516045347766355, 46.449236175811976], [1.152977857618218, 46.47295586110232], [1.1349676142912506, 46.495261976149834], [1.1491434460646581, 46.50220256803704], [1.1082908975477561, 46.53150940181887], [1.08759324171297, 46.538172760099805], [1.0206069888359919, 46.53709643301311], [1.0147644249831798, 46.56776399882199], [0.987237034592862, 46.56556286906366], [0.9408377357519268, 46.581410311122475], [0.9158653080538118, 46.59663148752451], [0.8943018154002151, 46.62573665182289], [0.9065157405117292, 46.64774942034653], [0.9084421594440936, 46.6826701222059], [0.9279553620387494, 46.69539122809664], [0.9010383725080395, 46.73609229312116], [0.8674688807081561, 46.74821910504847], [0.884637875531021, 46.75486872319864], [0.9252287975177681, 46.757176324942904], [0.9469595959139807, 46.73670637149566], [0.9590385851297228, 46.73775035471489], [0.9833806433152704, 46.76418354026803], [1.011690169362143, 46.75780474174544], [0.987243902482599, 46.79818923636699], [1.0032488288235037, 46.81410411812478], [1.022251434317954, 46.86391503191526], [1.0338011309915904, 46.90747018486123], [1.0380284215747493, 46.9420186917126], [1.0635443101027082, 46.95731046262916], [1.0498776400419192, 46.98064041873546], [1.0736483557273722, 47.00265445404348], [1.0840420847936154, 47.021019619722956], [1.1102641592923617, 47.02923293261394], [1.1321442636157986, 47.02762569675012], [1.1818533493699115, 47.04081998846271], [1.1955887210148548, 47.02953520853475], [1.253119794649933, 47.021765630239194], [1.2776118302465334, 47.04039666478023], [1.2937693555688192, 47.07225420538248], [1.3121550924937646, 47.0718848367818], [1.3188363969257677, 47.104914121347655], [1.355725988719157, 47.10878543596063], [1.3653609997076237, 47.12205127770916], [1.3467111123061792, 47.168764854539475], [1.32666554504539, 47.186225424714024]]]}, "properties": {"code": "36", "nom": "Indre"}}, {"type": "Feature", "geometry": {"type": "Polygon", "coordinates": [[[0.6144311990931555, 47.69421364605317], [0.6313085686496198, 47.709099413081624], [0.6747744974506991, 47.699004075610326], [0.701006484813832, 47.68458422067955], [0.7386942552766614, 47.696124610338615], [0.7689302951021508, 47.68497280116767], [0.8349728165936311, 47.67716533256789], [0.8595037193186879, 47.669207269893576], [0.8436538464911009, 47.645477850792176], [0.8638905035844368, 47.59963034358335], [0.8989296726576519, 47.60470549484694], [0.9190111731399363, 47.63260906008665], [0.9917892369385366, 47.62002605530995], [0.9867433094857044, 47.59068498133699], [1.0037237984188345, 47.58435868340903], [1.0147853330259788, 47.60470741380823], [1.0333525357335172, 47.60701157045949], [1.0763363652479012, 47.563221554317444], [1.0464291767245975, 47.536720528819714], [1.0739220708330763, 47.51210138412339], [1.0945042162450278, 47.469318385564065], [1.1128833087567993, 47.46591695745825], [1.1333660737875422, 47.44894991839347], [1.1144031703140151, 47.42842030526633], [1.093707046251301, 47.42905551300356], [1.1215488811681436, 47.382432672337416], [1.1043501548322552, 47.370150192490236], [1.1228695110868157, 47.35644850071685], [1.106312735447246, 47.331083370539545], [1.0948532977686622, 47.3285366431566], [1.1079035040639091, 47.29948400233637], [1.127510095723219, 47.29676734084024], [1.1623243677400883, 47.272335282824905], [1.1732084801290505, 47.285312153710144], [1.194077711170585, 47.282955427790995], [1.2233351560525534, 47.29417679425747], [1.2433106673289427, 47.2738511703364], [1.2753776194772806, 47.25665618088809], [1.2945860121083586, 47.23735505703783], [1.32666554504539, 47.186225424714024], [1.3467111123061792, 47.168764854539475], [1.3653609997076237, 47.12205127770916], [1.355725988719157, 47.10878543596063], [1.3188363969257677, 47.104914121347655], [1.3121550924937646, 47.0718848367818], [1.2937693555688192, 47.07225420538248], [1.2776118302465334, 47.04039666478023], [1.253119794649933, 47.021765630239194], [1.1955887210148548, 47.02953520853475], [1.1818533493699115, 47.04081998846271], [1.1321442636157986, 47.02762569675012], [1.1102641592923617, 47.02923293261394], [1.0840420847936154, 47.021019619722956], [1.0736483557273722, 47.00265445404348], [1.0498776400419192, 46.98064041873546], [1.0635443101027082, 46.95731046262916], [1.0380284215747493, 46.9420186917126], [1.0338011309915904, 46.90747018486123], [1.022251434317954, 46.86391503191526], [1.0032488288235037, 46.81410411812478], [0.987243902482599, 46.79818923636699], [1.011690169362143, 46.75780474174544], [0.9833806433152704, 46.76418354026803], [0.9590385851297228, 46.73775035471489], [0.9469595959139807, 46.73670637149566], [0.9252287975177681, 46.757176324942904], [0.884637875531021, 46.75486872319864], [0.8674688807081561, 46.74821910504847], [0.8279817587178017, 46.776816236170745], [0.8119017840639386, 46.79450796471714], [0.8093213661875756, 46.827858093390724], [0.7521109761823577, 46.86086544125436], [0.704324392050786, 46.903293353155846], [0.7062532556123257, 46.937154623849935], [0.692569282364634, 46.97430706301784], [0.6362054885332586, 46.985451805972254], [0.6188741963763473, 47.00746096968646], [0.5669489614197056, 47.00227037444166], [0.5783449036180749, 46.97981081817415], [0.6011756847806528, 46.97309082433285], [0.6015594112278456, 46.95910993478791], [0.5644222278144092, 46.95552996701939], [0.5392917082788095, 46.960220880583776], [0.5027297280171042, 46.9579123909043], [0.44480383249233546, 46.94114889283753], [0.4387096602536596, 46.929582071059045], [0.3665152631758488, 46.94955720761298], [0.3248406111614126, 46.93065213256517], [0.31122704760535835, 46.93783959199593], [0.30073625724988334, 46.97382765864781], [0.3081773026194614, 46.99988348323911], [0.2986715021217093, 47.01959741824875], [0.3093302509672645, 47.04413338267026], [0.29823142261819696, 47.05391872520871], [0.2718544387898612, 47.04638904119169], [0.2455423301785185, 47.07128604001384], [0.20800102904621295, 47.05323202361692], [0.1742206159576792, 47.07127519606643], [0.20095302486598468, 47.09125887635545], [0.18146114771856547, 47.11438824881292], [0.15685150997252176, 47.103344382080465], [0.1347219236888625, 47.1078700305567], [0.13613090268194533, 47.121580554147506], [0.07637120084195233, 47.12393194888823], [0.05382761471070587, 47.16373008265526], [0.06659419807362671, 47.18979325990068], [0.0532775371077964, 47.19718486964462], [0.07249546123856535, 47.22050992119078], [0.06792548837999822, 47.2473308040697], [0.0785963884113725, 47.28394130124859], [0.11746224213975613, 47.33234274537884], [0.14729836062565832, 47.34537579230401], [0.14939629089256964, 47.36226337889678], [0.18295674766364445, 47.38033212018486], [0.16799336737564852, 47.3869314962575], [0.1676400513828326, 47.405415942568375], [0.18528045906678275, 47.42473344937359], [0.1812364735767597, 47.4526491231434], [0.20921732522172254, 47.49365838444261], [0.22010925240137172, 47.50195329711621], [0.22484312443395177, 47.52727704290141], [0.20150359657525238, 47.544318760659884], [0.2150171714816557, 47.57064544903573], [0.23453424561335756, 47.577982037960055], [0.2300017263531844, 47.60839829191704], [0.2592506238809073, 47.61225007215638], [0.27798986367452727, 47.59737754800952], [0.32305499229698215, 47.59299821090531], [0.3395858922127171, 47.579470515833165], [0.37848363992659617, 47.568525933307754], [0.4025770030261876, 47.57851243241093], [0.39696475621012467, 47.59398591871484], [0.36465541592168343, 47.62601597769362], [0.396250654091774, 47.640846063055804], [0.4239064036884163, 47.61782807903746], [0.449927725905683, 47.619326961976206], [0.45663070361835445, 47.63882641156769], [0.49841790772099426, 47.644762985249095], [0.5168171483414108, 47.6548633763592], [0.5446201655241357, 47.656594675363216], [0.5599236683507411, 47.67081925112141], [0.5847693599955615, 47.66857981952678], [0.6148109083098767, 47.682749216116356], [0.6144311990931555, 47.69421364605317]]]}, "properties": {"code": "37", "nom": "Indre-et-Loire"}}, {"type": "Feature", "geometry": {"type": "Polygon", "coordinates": [[[5.623748035268078, 45.61326832676418], [5.623027366443004, 45.60428439343032], [5.675167496407929, 45.552447358553074], [5.671709636036369, 45.53657315102359], [5.690155380407807, 45.52805094541753], [5.71223316468065, 45.505057950484435], [5.719054346580329, 45.48422397831694], [5.73637233564262, 45.47254042424704], [5.731970000928497, 45.45281667211181], [5.740104011811925, 45.43734623286918], [5.782081150720109, 45.44065533936711], [5.820296539907869, 45.421184335243574], [5.854272829475331, 45.41656686156957], [5.8797384015593375, 45.406796712103805], [5.891004502554541, 45.39221582440636], [5.909619159426924, 45.3904002917266], [5.901623412018766, 45.41803604702067], [5.9205757281996165, 45.446107810736585], [5.92551858695235, 45.46607303539041], [5.915370443544101, 45.47644734987887], [5.966169653050879, 45.49230872138139], [5.991189721035916, 45.47515424577151], [6.010911085643492, 45.4732028948577], [6.008517618674313, 45.45384805163827], [6.049753851710852, 45.43791952965108], [6.090976636521003, 45.444017712369956], [6.097443053810049, 45.43210624582376], [6.13250773126349, 45.43338472055341], [6.144660957447894, 45.41359714609229], [6.177450938299202, 45.39316148783122], [6.194758976954228, 45.35224190534863], [6.1844503207792245, 45.31794850760671], [6.160203556675586, 45.31249020082116], [6.131944929909637, 45.288287215984546], [6.140875621531491, 45.261921460435985], [6.125696481423486, 45.244270268835855], [6.159477588169717, 45.202453059383735], [6.161919245441667, 45.188407230805964], [6.143789597164076, 45.15455037021851], [6.16131722681015, 45.151009138334466], [6.189207693158913, 45.163732283277994], [6.227710427654607, 45.142718202360385], [6.248933790379999, 45.14966269770901], [6.265373167502132, 45.139612058658614], [6.260566197557925, 45.12684791386632], [6.229388123209472, 45.108750055807405], [6.243017832342709, 45.06906387836911], [6.2200801563699395, 45.06536793621533], [6.203927022398643, 45.012469165084845], [6.251755823777455, 44.99669933009644], [6.300180534522452, 45.00397824625707], [6.321848392012048, 45.000080059582814], [6.3148150406516885, 44.98018487183722], [6.3285028218875325, 44.969718924476524], [6.3289997583261135, 44.94731911410858], [6.3588400606704845, 44.941284471463], [6.354621853701313, 44.92359576979837], [6.358440638759468, 44.89205674340702], [6.350781709377172, 44.88120395797154], [6.354685212537601, 44.85597093285778], [6.336319027358193, 44.84836943493937], [6.300679811301804, 44.87347754001874], [6.269405725021001, 44.87047437006196], [6.25054409332542, 44.85265497741959], [6.196382213093447, 44.85897725265292], [6.1707886083957675, 44.85422409321522], [6.128361780211359, 44.86189793671716], [6.111944264637026, 44.844104598030206], [6.056880845755912, 44.81648809334095], [6.030210546238997, 44.838096097754196], [6.004863991929379, 44.82044164675532], [5.979181680039922, 44.81858485233257], [5.94951924784745, 44.80453012289717], [5.977781702799108, 44.79098097178422], [5.9801466158902254, 44.78117807160656], [5.92220546362268, 44.75408063667132], [5.900145988864039, 44.75831810886521], [5.888833543818295, 44.74880281266777], [5.846789359515513, 44.75162114202083], [5.82777670542201, 44.7400904212036], [5.801469996094522, 44.706778512869995], [5.757110126926433, 44.6960374105235], [5.7387858126735685, 44.712419126045255], [5.708698705355806, 44.720924547440156], [5.647101681531142, 44.724098953876464], [5.627084872571889, 44.75246442874924], [5.583886354820008, 44.76534387074039], [5.582046117791262, 44.777862736908396], [5.538609682625281, 44.77435333052135], [5.4641587549688655, 44.79242749679306], [5.484766003910795, 44.82306199061912], [5.463794835880649, 44.82597088831498], [5.475071217930305, 44.86759688581832], [5.483647138020397, 44.92229059824822], [5.477674326344703, 44.96675249985711], [5.493108370230375, 44.99650387405212], [5.480457675487145, 45.013866206651436], [5.466222808609953, 45.05369264423919], [5.482962641076428, 45.083813985829416], [5.4594242070232415, 45.084354048653296], [5.449788835244156, 45.070783659173316], [5.388382939418146, 45.03613916354605], [5.3438842908647155, 45.04990301119417], [5.317097625615876, 45.05144543143657], [5.300641951274725, 45.06258684321087], [5.248350471901153, 45.06093433768146], [5.226123302713108, 45.07917959620953], [5.1833365351237415, 45.08488121016097], [5.171188406008603, 45.06901345142979], [5.148624024939402, 45.07523359417633], [5.162894297608516, 45.0984305870661], [5.187438130822191, 45.12083055585071], [5.188573507748233, 45.171268538792575], [5.165271150444932, 45.1998716765054], [5.184576231954122, 45.231193647083316], [5.176540876984406, 45.2484020449113], [5.121425532367965, 45.24833591809063], [5.138525456127068, 45.29621886821675], [5.075414977696186, 45.28182474686916], [5.054318727576239, 45.319054679747346], [5.019860000114205, 45.32012334781686], [5.00965209426827, 45.34223102677266], [4.989191483458711, 45.34404664083611], [4.960882968689533, 45.329431946438525], [4.927837287858217, 45.322467078582974], [4.879709663152382, 45.2969314761542], [4.858798773300606, 45.30895383074844], [4.800493926884063, 45.298360661142944], [4.769929030711337, 45.316015123688956], [4.761388480871705, 45.34063001021366], [4.772556757363274, 45.35486449672088], [4.755996992712002, 45.36567226076598], [4.755804203494391, 45.39641527650575], [4.744760477737733, 45.42132931211987], [4.758664794548146, 45.43109160083594], [4.756935570818616, 45.45570734978024], [4.775917949204341, 45.45421052340817], [4.782279555986659, 45.47220452723034], [4.8412638959614664, 45.50060628572331], [4.868481734036511, 45.5234402120416], [4.864438371893341, 45.5373424891419], [4.840117013694024, 45.543291913290595], [4.808696981728118, 45.5723005698916], [4.828114865183135, 45.58789311790868], [4.85277784466551, 45.57887851405256], [4.864457684448963, 45.59360146128447], [4.901457719834113, 45.606267804658444], [4.927527809638902, 45.605706962994894], [4.9719731415095545, 45.61268302966118], [4.997963145407583, 45.60341491364353], [5.0047455923475, 45.62311113752578], [5.038083762231331, 45.61507172104689], [5.035148740524161, 45.63720294798379], [5.058062092364437, 45.65324362294234], [5.059543480830934, 45.66509793238911], [5.1081318769103605, 45.68802493937274], [5.131061214476138, 45.7077086126494], [5.159431081299061, 45.7088530167123], [5.126011929215237, 45.73790916787724], [5.094526879742294, 45.739453359509234], [5.093091174921406, 45.766089791057205], [5.068368951685849, 45.765473881827624], [5.059330594890989, 45.79197852353507], [5.089312645190639, 45.784275022180616], [5.101067478338776, 45.81337808264365], [5.1603687442585455, 45.80231368825673], [5.176892976082814, 45.7934833284559], [5.191532760208242, 45.771688000938774], [5.221074288749879, 45.76845271626348], [5.266894883868229, 45.78936901099017], [5.288915017040864, 45.81112188995001], [5.302019342914551, 45.84764710800802], [5.329298728282268, 45.86357404303832], [5.351020842949957, 45.883709517437694], [5.413134793996487, 45.85221987973304], [5.434944676804955, 45.831093776494285], [5.422469140800665, 45.80730767616671], [5.457406410775327, 45.78099315590627], [5.482525465260449, 45.754586398783026], [5.516232131684801, 45.73225264077732], [5.52567323556446, 45.71672537840989], [5.5455415978088505, 45.71359345746488], [5.5757522584808825, 45.69178828956468], [5.552743866622332, 45.67988793690172], [5.586411372003499, 45.66707375970352], [5.602655500360425, 45.651527036877965], [5.623748035268078, 45.61326832676418]]]}, "properties": {"code": "38", "nom": "Is\u00e8re"}}, {"type": "Feature", "geometry": {"type": "Polygon", "coordinates": [[[5.518538729512594, 47.30418661945213], [5.531653812708307, 47.28437396080552], [5.572097032797981, 47.2684421265039], [5.574464664810694, 47.25405893079992], [5.602110210787404, 47.26053058449396], [5.641087079328796, 47.255902139031384], [5.67598472782394, 47.27574753150103], [5.698725742766405, 47.264996774959506], [5.719658737830903, 47.24039349857038], [5.720409103677726, 47.2199367429909], [5.754029730428721, 47.20619762753816], [5.7615922644946265, 47.193351935732494], [5.786363077074669, 47.1880831609518], [5.785253964111757, 47.1730387486781], [5.811467446057154, 47.16905381606456], [5.820691451026131, 47.144415939401], [5.8045619988542985, 47.1133407822186], [5.768548742190094, 47.08943503996254], [5.784717290338706, 47.054912309682756], [5.740853599399733, 47.031142664947374], [5.749513452394782, 47.01724338346852], [5.787650426326096, 47.02060775116385], [5.810142553295952, 47.04676497151418], [5.818320069354114, 47.01634936206399], [5.838703245735162, 47.00893073323631], [5.9110704645310355, 46.99949662045942], [5.928902914958152, 46.981557598992175], [5.945444530036826, 46.98892069091779], [5.968560305501438, 46.98044449059873], [5.979788604869103, 46.963477609202336], [5.9640723607092, 46.94807945340021], [5.996550634911118, 46.93349025460158], [5.9826340237056, 46.90845204586353], [6.011720201418477, 46.88892677308902], [6.005778412779799, 46.8730528372109], [6.026247153653252, 46.86409173600443], [6.034013122897841, 46.84959669047568], [6.065722840490433, 46.85966779654168], [6.091004700025405, 46.84186203649593], [6.134201093056517, 46.82606829489227], [6.175722465411307, 46.80024737987558], [6.206667229738774, 46.766127080274636], [6.185275300570877, 46.75514278256941], [6.180271003478625, 46.741575238392656], [6.139950483346064, 46.7252665040831], [6.11296041814117, 46.707745262586364], [6.069828479910839, 46.689524885344895], [6.105519201667375, 46.65048282928723], [6.059172114439157, 46.62611096798534], [6.048566902902156, 46.60772285612786], [6.131429786217584, 46.55374316497247], [6.1381085470292716, 46.55766039903405], [6.1564485471743415, 46.54546781327305], [6.112697563396416, 46.50963869187334], [6.096828928594163, 46.481206078469945], [6.073927085793577, 46.46394600628466], [6.085838952286885, 46.440997039522614], [6.06400848181829, 46.41622698893153], [6.029516385230691, 46.38681597881577], [5.983619269600146, 46.36236225578993], [5.94141074779852, 46.309447376328514], [5.918004636082658, 46.30919342038628], [5.908938421371525, 46.283951620059554], [5.894626274200642, 46.286605180505944], [5.878362837898188, 46.26923930243743], [5.849846074176259, 46.26206360332615], [5.76565366968616, 46.26829459697285], [5.725183003095842, 46.26072920479395], [5.715004075499846, 46.281794854191894], [5.714717731644379, 46.30876884774591], [5.6845818644582415, 46.31092471469043], [5.649352566100887, 46.33949973060812], [5.617647005041448, 46.32909642404822], [5.597401953530867, 46.29717016200506], [5.566359117801653, 46.29405393089148], [5.542037828826235, 46.27020190870743], [5.5202584619727855, 46.264154428816624], [5.4730553115738125, 46.26506376332347], [5.4568376845310524, 46.27447818647901], [5.475143359983399, 46.314983312313444], [5.466922894957274, 46.32326983579511], [5.437795113853317, 46.31511297122548], [5.425824019124199, 46.33893598335614], [5.401973542783007, 46.33904473846451], [5.373462288620209, 46.35223630468514], [5.375550503997551, 46.380228055197534], [5.341420750039618, 46.40179770821096], [5.298803013245869, 46.41268163222961], [5.319500329420964, 46.430811362520714], [5.310560613770375, 46.446766420719875], [5.3233509593207256, 46.462505958303325], [5.373305922688233, 46.460100694018294], [5.415741925117894, 46.47313865941284], [5.40775059526701, 46.50005419367624], [5.384819294338149, 46.51562428945251], [5.359203918767164, 46.52256069453744], [5.369638182241569, 46.58033249938761], [5.405690744011141, 46.58167055755078], [5.417107587832548, 46.61545539475532], [5.441107903009741, 46.637540014709465], [5.415503039920619, 46.654982421219465], [5.422089954439316, 46.673031501871684], [5.395359314315539, 46.68505154004584], [5.407751223773992, 46.69588136597287], [5.393640625030492, 46.728633357928615], [5.361096638423232, 46.73098281339333], [5.366370235232235, 46.75127756992356], [5.390414912053985, 46.76783202725685], [5.352854015210384, 46.793190147243955], [5.3329251666131325, 46.796100557884984], [5.3285860378953895, 46.8129521008927], [5.409821779763356, 46.83254621337176], [5.4488892034635485, 46.82627111311263], [5.462804105486921, 46.84077447546622], [5.4592864241149215, 46.855244785634916], [5.418370968481785, 46.86028266347864], [5.401826175213913, 46.868321923377145], [5.403416904275394, 46.88995270444294], [5.390761534745653, 46.89436876615946], [5.3633777404924405, 46.88326000729678], [5.328705057646148, 46.8902268196612], [5.306862019346935, 46.92461572569682], [5.308497060036723, 46.93735552157344], [5.274765609317477, 46.93484664855668], [5.260170972283091, 46.94558220686418], [5.255236339191406, 46.97988809464049], [5.278877381251384, 46.99902304373498], [5.302902725063236, 47.002995600434], [5.310049747453535, 47.018020896757406], [5.275326877554134, 47.02693403703708], [5.2839203158010815, 47.04791289990898], [5.322186205925132, 47.07298220144242], [5.386025055163915, 47.08197683820708], [5.410655482578915, 47.11409007735421], [5.408710637565267, 47.12607417258199], [5.439973300314684, 47.1443971913906], [5.459209017913762, 47.18344166980506], [5.447990684518002, 47.19618128392872], [5.48000850446928, 47.21736948822585], [5.474016456865987, 47.23108930134431], [5.485950818628809, 47.25097372798523], [5.488282961724511, 47.28934747031664], [5.504737607495882, 47.28566080102212], [5.518538729512594, 47.30418661945213]]]}, "properties": {"code": "39", "nom": "Jura"}}, {"type": "Feature", "geometry": {"type": "Polygon", "coordinates": [[[-0.24283655874306692, 43.58497620901365], [-0.2763965148657968, 43.584761045574], [-0.30369046804673383, 43.560276850255974], [-0.33595845896027376, 43.55085163558024], [-0.35359679862890814, 43.561780875085], [-0.4060419475368964, 43.568225638621044], [-0.45203767058593636, 43.550435492790825], [-0.4634382109634287, 43.566589232141745], [-0.43347042112212875, 43.580338984734894], [-0.44992960469658516, 43.595703984518344], [-0.5076560922832347, 43.56923087293328], [-0.5105948945954394, 43.563209686236384], [-0.5571744316529481, 43.542797175106195], [-0.5670718315523744, 43.558215555933955], [-0.6008401126869658, 43.538204154807815], [-0.670807186170969, 43.5667169721834], [-0.7009707203498448, 43.56096357592762], [-0.7180970591845858, 43.54064303476207], [-0.7682806920100282, 43.57948154907272], [-0.7817805196343679, 43.564167159066834], [-0.8426740269835161, 43.55356012044782], [-0.8556394802658646, 43.541912093762534], [-0.8966906468904682, 43.55048921576566], [-0.9509135778063627, 43.53212326134325], [-0.9758267609662757, 43.53928445138307], [-0.98987372975074, 43.53346243559243], [-0.9933935609538049, 43.505388046842114], [-1.0265078502683154, 43.503370175677496], [-1.073598211038545, 43.51939437447959], [-1.109247829938908, 43.51412989565137], [-1.1195951980376606, 43.50151151366748], [-1.1625744604180746, 43.49153545937573], [-1.1639945144136432, 43.50839178467792], [-1.1315682094233597, 43.51069576475205], [-1.1708199655376668, 43.5456098839176], [-1.1956162981323255, 43.546095049204695], [-1.2173167238027949, 43.53073810827331], [-1.2888696900073222, 43.49872862084951], [-1.3274966286590806, 43.50492395449724], [-1.3679078186199811, 43.49490465671754], [-1.4153887215828598, 43.49717030109977], [-1.4311182651313608, 43.51461371523744], [-1.4641103174097, 43.51978418733692], [-1.4765954372767023, 43.539347276261424], [-1.5014142682685339, 43.526946780448405], [-1.5248665484221002, 43.52970134669009], [-1.491923614747195, 43.57231885753228], [-1.4600195931351083, 43.6202992244984], [-1.4424122520261093, 43.664405589349386], [-1.4365038283323686, 43.710565130021784], [-1.4102258105768295, 43.80324747446864], [-1.375345240406389, 43.91228735051265], [-1.3376743348128222, 44.05415734628098], [-1.3159842928578236, 44.130037493905746], [-1.2775403203119533, 44.31923983571922], [-1.2538901028077145, 44.4676042123461], [-1.1064909647292618, 44.502772891337074], [-1.0851664955491247, 44.53219457167761], [-1.0266309572095953, 44.5071249515487], [-0.9911544881491408, 44.511849168147315], [-0.9806969914576482, 44.48287893553743], [-1.0079983966164947, 44.43628954261453], [-0.9695842480121452, 44.429379805191715], [-0.9191704541834174, 44.44334436259599], [-0.9120213474779492, 44.43693794653607], [-0.8433457118512414, 44.41817667183869], [-0.8124255218387905, 44.420432411546486], [-0.7787977956453461, 44.429621612205196], [-0.7724266413748072, 44.4400689012159], [-0.7307029568976173, 44.446374662072536], [-0.6819329255443941, 44.444104603018644], [-0.6760254579024039, 44.45733288174258], [-0.6287774027434528, 44.44319224087455], [-0.627647611184293, 44.39814566253359], [-0.57097020407163, 44.38252695965793], [-0.528103107297291, 44.364654043262846], [-0.5176354697700613, 44.33911112646833], [-0.47887161721109855, 44.32489189867455], [-0.43183954131517804, 44.32257705443087], [-0.43013450581532475, 44.304781669300105], [-0.404736006733474, 44.28738094305708], [-0.38338729038705516, 44.28631066773658], [-0.3962403182108504, 44.237695224176385], [-0.38961736206091696, 44.20948462715673], [-0.31133609242726, 44.20327170097005], [-0.2721185290366108, 44.19380924623558], [-0.22344709828329407, 44.20589826380183], [-0.2260044378069046, 44.26478415652428], [-0.17860380229840828, 44.26119359476371], [-0.1664311622268672, 44.241645770485846], [-0.14068847985275829, 44.226404747689884], [-0.12947353060156191, 44.203862714468414], [-0.12915451548994408, 44.152409928751574], [-0.10518222695424868, 44.1551363597548], [-0.05985846246111547, 44.150817206299195], [-0.0035391663583750703, 44.149897854637146], [0.03459384382221056, 44.13065240342955], [0.13579733087558213, 44.12419368483945], [0.13673121582335918, 44.10987087477736], [0.10177914904503296, 44.08782254660348], [0.09431661158348077, 44.065613157677994], [0.0626980132929106, 44.00084249917964], [0.07604560969926086, 43.98314313658291], [0.05530723606827761, 43.957963973072], [0.07101167271921884, 43.93329587806085], [0.07251111881590214, 43.91379372164531], [0.05569199596666372, 43.8976445612464], [0.030793555000742517, 43.9005633671888], [-0.01861461418396192, 43.9313867432444], [0.00420637351659139, 43.94342582438924], [0.001446300333196457, 43.959885381064026], [-0.0361689246680343, 43.98374032755233], [-0.04653101813218577, 43.96104391789014], [-0.07235713337565827, 43.946531834485505], [-0.12468082668137451, 43.94434508821349], [-0.16632109560044633, 43.92805052482344], [-0.17595413172084393, 43.936327270993594], [-0.200087659676207, 43.914834830061565], [-0.2344384631811253, 43.899006040339785], [-0.19456201236331316, 43.881572646215844], [-0.19855660923175042, 43.86241563374058], [-0.19246168396068822, 43.81017700393666], [-0.2271397672790903, 43.808272976810954], [-0.20605373558746434, 43.7500763289867], [-0.19414330237233995, 43.737016685694684], [-0.2286074364319675, 43.715376271697906], [-0.2466545863762805, 43.71066950060451], [-0.23910333247309243, 43.69394560059394], [-0.2558984040423508, 43.679791305136796], [-0.23973019201148485, 43.67124152201394], [-0.243162288337736, 43.6545058231693], [-0.28211107433706983, 43.64307015979027], [-0.2777099095136678, 43.616204272478164], [-0.2472036903728421, 43.615949823145584], [-0.24283655874306692, 43.58497620901365]]]}, "properties": {"code": "40", "nom": "Landes"}}, {"type": "Feature", "geometry": {"type": "Polygon", "coordinates": [[[0.8412172317044129, 48.10306240932052], [0.8758906410789156, 48.10943550861685], [0.8909295923841402, 48.10206310395515], [0.9440295929845693, 48.11237193590575], [0.9502768856001645, 48.09927549241419], [0.9813105576003316, 48.119560230186515], [1.012548026499917, 48.132548614185936], [1.0387342870949972, 48.13165484141439], [1.0456264025684945, 48.11762847776995], [0.9915488801693668, 48.09741164653938], [1.0085477409246668, 48.0831267789959], [1.0260026950898764, 48.088407307781466], [1.1031936171142485, 48.08108800423722], [1.122713770015408, 48.035980030467925], [1.1666303937374705, 48.02739182079259], [1.1695601007353318, 48.00668912927458], [1.2096430686639739, 47.96850051668402], [1.2456512469484482, 47.979278052584], [1.262653160836444, 47.96284180147032], [1.2995800659732568, 47.96816150698365], [1.3086281518302283, 47.953853799768815], [1.343701298620938, 47.957530775683054], [1.3700158222874876, 47.95374905485532], [1.3869462890722553, 47.9812831788851], [1.4068828320031919, 47.97009659263769], [1.4372409526093535, 47.9764987201296], [1.4396560496498594, 48.01194932329023], [1.5201238283340488, 47.982278476987], [1.5648186289077217, 47.989771943729956], [1.5654541645457618, 47.97421749655934], [1.525499326800869, 47.94229204754703], [1.5254235639039053, 47.929113580200145], [1.5571710400083827, 47.91853552571645], [1.581422578383437, 47.90192694837693], [1.588137738369647, 47.8764265961909], [1.5579324839494983, 47.84812808991504], [1.5351015717504108, 47.839545777266615], [1.5337009096463892, 47.82052592915118], [1.57053819365027, 47.79658651597201], [1.571250855065289, 47.786963386235925], [1.5478779921036048, 47.76976159021967], [1.608594434126198, 47.73393326082299], [1.6266316344148937, 47.760971714419085], [1.675275323556801, 47.73862278622698], [1.7113085978372213, 47.73187770277278], [1.72806479545811, 47.699564603486614], [1.7399382527750795, 47.66153396917555], [1.7819763886541304, 47.65230252991529], [1.8451687786713176, 47.657075980599814], [1.8436947697611497, 47.68635321599452], [1.8701081905766355, 47.67418008034603], [1.8995427041357686, 47.67321863025759], [1.9341238444974078, 47.6794171004311], [1.943437380081729, 47.66008510917376], [2.00158311405148, 47.66867970749289], [2.008045857144552, 47.67730418039903], [2.066463070283871, 47.6743106765294], [2.0712946786313693, 47.681559290786815], [2.1397679887163026, 47.67737542400391], [2.148515572748776, 47.67042742106637], [2.20255850774907, 47.67814460514722], [2.2199555931269646, 47.667865521618396], [2.2409780083952664, 47.63734539809969], [2.2392136309887465, 47.62097830786331], [2.1979481169523365, 47.607172865315], [2.1537378905390843, 47.60082068488091], [2.1195753203342678, 47.58295161292573], [2.131269305993213, 47.550272515078134], [2.1956362774138967, 47.54857375639977], [2.2152905780056495, 47.52210707630713], [2.2178746796449196, 47.495343490555165], [2.247745015297621, 47.491732324776784], [2.2369731533510286, 47.4712635208768], [2.2478944881999485, 47.44140228778668], [2.24369191507804, 47.414818238040475], [2.2052259819019713, 47.40525327924356], [2.1886360612239333, 47.43774542166242], [2.1428436560395734, 47.40889739927532], [2.1170302440572, 47.41010870128665], [2.103653119991459, 47.39321656330969], [2.128211459230398, 47.331734733954534], [2.1515587241969385, 47.310723959822234], [2.1389909561599825, 47.28548622024678], [2.111689632581936, 47.279437465410155], [2.0772893478221053, 47.285804260444245], [2.03110991609486, 47.269807386211056], [1.998492852908483, 47.264047399335425], [1.940816059215001, 47.29013078285961], [1.9214647164538976, 47.26271748785687], [1.8947687643612021, 47.25466020007403], [1.9165941784807092, 47.23598592691221], [1.9038108872203174, 47.21524765964095], [1.8730051860601082, 47.20531826355262], [1.8554824505856486, 47.22040769184943], [1.8390792420529518, 47.219308157716554], [1.8088371356765827, 47.23387535753442], [1.77611073651641, 47.23138256399343], [1.7397902842883757, 47.2549073525034], [1.715953376298902, 47.276776997807374], [1.7058305011298698, 47.26587806828036], [1.6659002787349648, 47.25778142355442], [1.6504371377870972, 47.27317015052999], [1.5924281213159723, 47.27667661628705], [1.59104001493485, 47.25746333923802], [1.566277084478891, 47.261616837192406], [1.539459756494749, 47.25652806281719], [1.5245337678448851, 47.22597700817113], [1.4815998938388473, 47.239163055882926], [1.4484622479605171, 47.23796792120677], [1.4241047321761513, 47.22954437481808], [1.4014266290701616, 47.21244937239578], [1.32666554504539, 47.186225424714024], [1.2945860121083586, 47.23735505703783], [1.2753776194772806, 47.25665618088809], [1.2433106673289427, 47.2738511703364], [1.2233351560525534, 47.29417679425747], [1.194077711170585, 47.282955427790995], [1.1732084801290505, 47.285312153710144], [1.1623243677400883, 47.272335282824905], [1.127510095723219, 47.29676734084024], [1.1079035040639091, 47.29948400233637], [1.0948532977686622, 47.3285366431566], [1.106312735447246, 47.331083370539545], [1.1228695110868157, 47.35644850071685], [1.1043501548322552, 47.370150192490236], [1.1215488811681436, 47.382432672337416], [1.093707046251301, 47.42905551300356], [1.1144031703140151, 47.42842030526633], [1.1333660737875422, 47.44894991839347], [1.1128833087567993, 47.46591695745825], [1.0945042162450278, 47.469318385564065], [1.0739220708330763, 47.51210138412339], [1.0464291767245975, 47.536720528819714], [1.0763363652479012, 47.563221554317444], [1.0333525357335172, 47.60701157045949], [1.0147853330259788, 47.60470741380823], [1.0037237984188345, 47.58435868340903], [0.9867433094857044, 47.59068498133699], [0.9917892369385366, 47.62002605530995], [0.9190111731399363, 47.63260906008665], [0.8989296726576519, 47.60470549484694], [0.8638905035844368, 47.59963034358335], [0.8436538464911009, 47.645477850792176], [0.8595037193186879, 47.669207269893576], [0.8349728165936311, 47.67716533256789], [0.7689302951021508, 47.68497280116767], [0.7386942552766614, 47.696124610338615], [0.701006484813832, 47.68458422067955], [0.6747744974506991, 47.699004075610326], [0.6313085686496198, 47.709099413081624], [0.6144311990931555, 47.69421364605317], [0.5805178732790718, 47.71232800971273], [0.6116040970811059, 47.728130849502094], [0.6207093570907236, 47.747478130583154], [0.6512736394121261, 47.75525397111593], [0.7248506777855144, 47.79889099623824], [0.7452461943264459, 47.82624263074177], [0.7745788175007324, 47.83968729513432], [0.7573343557395469, 47.8911737517487], [0.7805065684044099, 47.91037691407999], [0.8091382962389404, 47.91066255080899], [0.8171444727137281, 47.93447148791446], [0.8454683997304765, 47.9413323536207], [0.8376537080820077, 47.96869214349436], [0.8186564019800159, 47.9892543363892], [0.8323705747596303, 47.996592919852844], [0.8405346727531238, 48.021049640847735], [0.7975514233427093, 48.03724057968432], [0.8011883732648392, 48.0715172542445], [0.8430226369432118, 48.07264184794484], [0.8412172317044129, 48.10306240932052]]]}, "properties": {"code": "41", "nom": "Loir-et-Cher"}}, {"type": "Feature", "geometry": {"type": "Polygon", "coordinates": [[[3.8995333931893303, 46.27590543921817], [3.9094002908986636, 46.25772625699907], [3.8901323277345172, 46.21449064143864], [3.9135641774619283, 46.20692040053432], [3.972545422490283, 46.20271202778806], [3.9817875015959623, 46.176336440402444], [4.0304983004444725, 46.169772418692666], [4.051958867651804, 46.181688397585496], [4.104090700200876, 46.19839492284894], [4.133393277727922, 46.17732129820146], [4.188443814996147, 46.17512895597164], [4.18453492610967, 46.188021124528625], [4.207908679923857, 46.194835796707316], [4.224689888463, 46.177995310819746], [4.257372590726873, 46.18473517832983], [4.257119428326002, 46.157287705187656], [4.2818305705425415, 46.156597324529926], [4.292313251311721, 46.17248235017095], [4.3157404325049695, 46.17203342079279], [4.362151387631787, 46.195596184477786], [4.388079599211451, 46.21978851671503], [4.422612723182659, 46.2025561207876], [4.395991931108271, 46.18913351748368], [4.438590902796802, 46.16787882969539], [4.410785750373344, 46.13662430946693], [4.380275754005176, 46.150004219111246], [4.361588426954295, 46.13845862089166], [4.321566636697419, 46.1292227390098], [4.306153355734185, 46.10204949110961], [4.309660723089374, 46.079736904576485], [4.285739765481103, 46.05353257676386], [4.254288650960761, 46.05273202617171], [4.262156206087431, 46.0353981231568], [4.312509748657016, 46.00559232184622], [4.300566276670547, 45.99131120846098], [4.249195496150678, 45.9953837193519], [4.298100713331312, 45.96566297835176], [4.293912264205216, 45.95339953385285], [4.34518756578921, 45.928106708428984], [4.34541858135298, 45.915369145765204], [4.32322164118184, 45.90393193479993], [4.342152967764877, 45.87717650941675], [4.357305400190197, 45.867818212138175], [4.396210392438567, 45.860049159409144], [4.376223580241809, 45.82463846230085], [4.375871288793124, 45.782079121045285], [4.3493620257561165, 45.77130357540371], [4.373503657509452, 45.74949633164302], [4.397995092909568, 45.751428954900874], [4.3738410092708815, 45.7118281564325], [4.365920195904948, 45.67115339597], [4.391675108287153, 45.6629035906777], [4.410284239143385, 45.632050806327356], [4.440485898400948, 45.62348155684874], [4.44944567617998, 45.607317262662356], [4.501195680541532, 45.585509531030695], [4.521074741734986, 45.57279549516226], [4.568607549526933, 45.583472510511605], [4.582929001860563, 45.57473357946033], [4.625186588148891, 45.5690598812714], [4.636946590180618, 45.54563402439237], [4.672311111048541, 45.5702781100426], [4.684974417954742, 45.55444421417092], [4.6505036163787885, 45.52825095564595], [4.661754663860458, 45.486753449800155], [4.700228209366997, 45.478251319676815], [4.721827573373719, 45.49439543048306], [4.739409870606086, 45.48659464798714], [4.756935570818616, 45.45570734978024], [4.758664794548146, 45.43109160083594], [4.744760477737733, 45.42132931211987], [4.755804203494391, 45.39641527650575], [4.755996992712002, 45.36567226076598], [4.725825842131706, 45.36180904894751], [4.7004091166444315, 45.345742863727835], [4.680129607940992, 45.34625617395863], [4.614497435388506, 45.30983662841341], [4.621039470679837, 45.29121612407326], [4.598597055879653, 45.28948570433069], [4.590638055650433, 45.27303681774206], [4.602422910281466, 45.25170405771358], [4.565520406201406, 45.247958129182955], [4.540549370042042, 45.23475108941549], [4.483134616383878, 45.23644648192782], [4.418571110077435, 45.275424101661066], [4.369667772097112, 45.26036388974016], [4.358165874707906, 45.2813072908644], [4.365602171309155, 45.30106532546477], [4.33189877989193, 45.31806910411131], [4.36629429373957, 45.337097928842844], [4.346191897357872, 45.36229645766761], [4.308195090413248, 45.370806841748106], [4.290739610203065, 45.358581485433724], [4.271696633410009, 45.35982598379431], [4.244524979129677, 45.384914673287405], [4.226432364238226, 45.389716036582385], [4.193308884127496, 45.384562275069875], [4.17881972832703, 45.39254145153728], [4.149768797104822, 45.38455824320961], [4.1540322116079285, 45.36460333540307], [4.121367666873119, 45.36908660993613], [4.083541528780984, 45.358094161343104], [4.062397034876466, 45.33910649399259], [4.043265536912594, 45.355946107018674], [4.016059141026905, 45.328622335814885], [4.002609357264608, 45.355903224229436], [3.9859297079746523, 45.371846404559236], [3.937395868986861, 45.37201990198935], [3.9169404058247803, 45.33940170910745], [3.897408424881887, 45.3570837817156], [3.8892315945582094, 45.39452005881283], [3.899187761612733, 45.410307649293415], [3.9601432570462634, 45.44344571733884], [3.972751884382159, 45.46143771943691], [3.966604497321932, 45.472189147410184], [3.9844000736338567, 45.49411557572152], [3.964839538556207, 45.503218682032596], [3.9459486995868804, 45.54447980125801], [3.954348408158434, 45.555962683335494], [3.935548097136248, 45.57675205994888], [3.903596234209209, 45.599022466324875], [3.8846825953282202, 45.60275694217335], [3.86173367803394, 45.62272878464922], [3.823453198078696, 45.63241694241682], [3.776946294898936, 45.6908405345388], [3.7827600945783164, 45.706694635321], [3.7586724976385866, 45.74600532878878], [3.727105164096888, 45.75553371264516], [3.7310653997028584, 45.77483343230172], [3.6906934795455935, 45.79217071537155], [3.7116170222098575, 45.79955113302971], [3.72534244009261, 45.82707398650144], [3.7315424899852925, 45.87016039642116], [3.7543707578917007, 45.88603083611283], [3.7234546463589506, 45.92186686966796], [3.6940178008729885, 45.930732356412385], [3.693841059729285, 45.94949142878095], [3.7088966387640045, 45.97378446779926], [3.741274273248646, 45.96600368355748], [3.778005233789911, 45.97179985823387], [3.8237895718712145, 45.98735259327228], [3.8283904088914604, 45.99948536067427], [3.80676406021388, 46.04562293029198], [3.806993754653765, 46.061272645914705], [3.8218816515656036, 46.08798379604504], [3.8025614332413635, 46.11032928945375], [3.789761994058612, 46.15485133205715], [3.8078602164262896, 46.16159515953333], [3.7907469501208273, 46.18453497582482], [3.7902842093787883, 46.210905673837914], [3.768246928941596, 46.237829248308365], [3.802699984915529, 46.23850996581434], [3.8048868330812957, 46.25485708711847], [3.8690933059580366, 46.263723494024156], [3.8778066858099134, 46.275939918983156], [3.8995333931893303, 46.27590543921817]]]}, "properties": {"code": "42", "nom": "Loire"}}, {"type": "Feature", "geometry": {"type": "Polygon", "coordinates": [[[3.897408424881887, 45.3570837817156], [3.9169404058247803, 45.33940170910745], [3.937395868986861, 45.37201990198935], [3.9859297079746523, 45.371846404559236], [4.002609357264608, 45.355903224229436], [4.016059141026905, 45.328622335814885], [4.043265536912594, 45.355946107018674], [4.062397034876466, 45.33910649399259], [4.083541528780984, 45.358094161343104], [4.121367666873119, 45.36908660993613], [4.1540322116079285, 45.36460333540307], [4.149768797104822, 45.38455824320961], [4.17881972832703, 45.39254145153728], [4.193308884127496, 45.384562275069875], [4.226432364238226, 45.389716036582385], [4.244524979129677, 45.384914673287405], [4.271696633410009, 45.35982598379431], [4.290739610203065, 45.358581485433724], [4.308195090413248, 45.370806841748106], [4.346191897357872, 45.36229645766761], [4.36629429373957, 45.337097928842844], [4.33189877989193, 45.31806910411131], [4.365602171309155, 45.30106532546477], [4.358165874707906, 45.2813072908644], [4.369667772097112, 45.26036388974016], [4.418571110077435, 45.275424101661066], [4.483134616383878, 45.23644648192782], [4.489604429758615, 45.224787898710176], [4.477266258728365, 45.20978594447126], [4.472540720426905, 45.179408906886586], [4.447480119407685, 45.16118502386361], [4.446118275212825, 45.13169134188572], [4.376558944791765, 45.1443595905019], [4.37022058732025, 45.13029910308921], [4.400229848141373, 45.11600398371944], [4.372571367591827, 45.10480297518196], [4.346190894999054, 45.06964388927494], [4.359614567276412, 45.05568487734863], [4.378014671826731, 45.05427007966308], [4.379067913162388, 45.03617454254133], [4.338428544649489, 45.02671076147119], [4.314677006361451, 45.03079389328605], [4.297239439669978, 45.01702262504178], [4.289827924670836, 44.99730682920296], [4.311668803625915, 44.97177463884522], [4.251555903015938, 44.958924064540234], [4.221702631142119, 44.96133612938675], [4.216572079556928, 44.933567915009554], [4.1899324439493, 44.91419030432338], [4.179951268724776, 44.88730128359599], [4.156154791813548, 44.87333360834132], [4.103743185520496, 44.87725256159482], [4.068313356371929, 44.86746929959503], [4.0338762761727365, 44.8710458107922], [4.020171384284056, 44.84572694383834], [4.028374858328879, 44.834081003006155], [3.988454902516046, 44.813419515634884], [3.944536875109786, 44.82322023968674], [3.937001123548729, 44.7954172172997], [3.919817199492905, 44.77460034297932], [3.8895265818183935, 44.75196027421232], [3.862527190139651, 44.743863434670935], [3.836561503873052, 44.74784401669704], [3.8428722355724365, 44.767658069140836], [3.8025469466502706, 44.78217403491838], [3.752688285784399, 44.820978132154096], [3.7444352015394076, 44.83779866715789], [3.722885793793205, 44.8309902964175], [3.6690230882043697, 44.828879139980735], [3.67181554273005, 44.843385113427054], [3.6548748534796442, 44.87421590375256], [3.6264516856693065, 44.88025029795416], [3.5943359966689914, 44.87542977006506], [3.5980411899153943, 44.85950943658448], [3.588921232126889, 44.8263980463694], [3.5397490121099957, 44.82817873595921], [3.5056510328808947, 44.823846640197424], [3.4782424266646075, 44.80967976284068], [3.458847484667369, 44.839932137298916], [3.4418003889561284, 44.85422679293021], [3.4357113347213044, 44.880244038151794], [3.410379964997872, 44.91777749816426], [3.4158326368156513, 44.92853462204254], [3.40455052934818, 44.956397735743366], [3.38636652116385, 44.952743854804055], [3.3613425807398936, 44.97141170967897], [3.34795071948085, 44.97386741391429], [3.349918646764341, 45.00260138512903], [3.337173969362221, 45.02533946243554], [3.3114877307075306, 45.02276714381717], [3.3002890808475738, 45.03204489436342], [3.300037167089146, 45.05612205325275], [3.3142746780569206, 45.08502161586657], [3.3340673163073404, 45.11112985018295], [3.3013685993945794, 45.12408985771677], [3.2880332175079103, 45.12042440957931], [3.2606073460103326, 45.17094202255946], [3.27247945333649, 45.20918164911843], [3.239572097735146, 45.21694671205992], [3.220952339250761, 45.244178044330745], [3.228040568209475, 45.26635049790692], [3.2125769046776993, 45.28063487720399], [3.167616208952322, 45.280135013197906], [3.1595874385219407, 45.29128516779879], [3.1179979977042014, 45.284187297622225], [3.0999431470714955, 45.316251503364], [3.1134170784877164, 45.32717903792977], [3.1034981328800555, 45.35437310008832], [3.1680632240379363, 45.352259807508], [3.220912377077928, 45.37892046186799], [3.290691872112179, 45.401821892426035], [3.30631987673738, 45.41954639101777], [3.324323216190769, 45.40643003851577], [3.355951003761219, 45.42270452498479], [3.37740750048678, 45.40195065808154], [3.4636110218729947, 45.40187938765357], [3.4797803281462016, 45.42109945505887], [3.501320580432494, 45.42757868705258], [3.5209066851487667, 45.40241117172981], [3.5630771718254137, 45.39491340017769], [3.5880474177320365, 45.375226810928446], [3.5903478302934047, 45.35722324299155], [3.6186259166992305, 45.33771043696724], [3.6631634778409548, 45.36157929015898], [3.679853380401792, 45.38418941501764], [3.705828237197212, 45.3607062251683], [3.7722554467335283, 45.34919188352554], [3.7899965323666374, 45.35387675419062], [3.7856753429070356, 45.37076437810785], [3.804943044201567, 45.392104461166284], [3.8352859719724157, 45.37605158297855], [3.837685746380872, 45.365713933149365], [3.869748727932898, 45.355825177974914], [3.897408424881887, 45.3570837817156]]]}, "properties": {"code": "43", "nom": "Haute-Loire"}}, {"type": "Feature", "geometry": {"type": "Polygon", "coordinates": [[[-2.45848916517333, 47.44812172071826], [-2.453433891770773, 47.46207445240776], [-2.4230264761460525, 47.477112579344045], [-2.3999436811786463, 47.45598156061156], [-2.370968184053226, 47.46338717496278], [-2.354869937092447, 47.454890712840786], [-2.31286829291468, 47.46446874947645], [-2.3131355987939677, 47.48590211028132], [-2.2991284429653516, 47.50047998605304], [-2.2613604986657707, 47.51360628741794], [-2.244282758246302, 47.49360064884759], [-2.1908096601747804, 47.51205628181908], [-2.1832952625867295, 47.49169698467854], [-2.1541846873077226, 47.496364126798106], [-2.1560219978896007, 47.52202803044017], [-2.0985539306805943, 47.53395835736954], [-2.096505468974894, 47.57236562280809], [-2.10372254987444, 47.58943141752024], [-2.0869285812433267, 47.60277534815358], [-2.084994306680996, 47.62123305096733], [-2.097035597340287, 47.63135984401428], [-2.0747365598102796, 47.65166099544987], [-2.050619855103944, 47.65113784113771], [-2.0357262501792506, 47.668539150280836], [-2.0093556937669623, 47.67137826011831], [-1.9690539759076384, 47.688369032568346], [-1.9546408028570217, 47.67170187943092], [-1.9363047156903395, 47.68664646647229], [-1.8640133393104241, 47.7069846705491], [-1.8225344895568474, 47.70628736859361], [-1.7724163023563184, 47.69845339608558], [-1.752032319383817, 47.70741764750666], [-1.7236704751667482, 47.698676218818825], [-1.6911255411567772, 47.71282712864092], [-1.6556020388557997, 47.71053299603197], [-1.6381801885560439, 47.72231564110314], [-1.635569613301689, 47.74266025266195], [-1.6163557701095264, 47.76415676086167], [-1.5934074072820492, 47.77605009178189], [-1.5280651896409132, 47.78584499709324], [-1.5042371318422498, 47.8009448646891], [-1.4666150070573418, 47.8074975400483], [-1.475255403833222, 47.82540410017005], [-1.4651862054088018, 47.83460451273148], [-1.4178432025307772, 47.82748441208516], [-1.3904279688415837, 47.828280801153184], [-1.360603817710753, 47.798432206803135], [-1.318489521021141, 47.79233158240722], [-1.2458823462890538, 47.776717547680406], [-1.2355437776358398, 47.757046555422306], [-1.2545772523262662, 47.733641751506994], [-1.2154187219671249, 47.718817804901974], [-1.1951181057962028, 47.72154902070605], [-1.1894960789668845, 47.69916325132362], [-1.1749295691501485, 47.694565013829596], [-1.1824294262619501, 47.6680046714435], [-1.1608077767122782, 47.65632049258235], [-1.1579089209094204, 47.63660321755249], [-1.137956817334609, 47.619736138890346], [-1.1006492140245874, 47.62068366379477], [-1.0564895204285647, 47.601479248609785], [-1.026009375226936, 47.599308629561634], [-1.0068639898836467, 47.58905339488284], [-1.0525094143946503, 47.56363638662836], [-1.0397778230870207, 47.54883710607215], [-1.0444575006084293, 47.50550106908369], [-1.0086170505041334, 47.489110660531026], [-0.9674825559179046, 47.492800296900974], [-0.9672169416067916, 47.468248780242014], [-0.9542208546281663, 47.4539097574189], [-0.9610616341565943, 47.418146960038484], [-0.9500724202369605, 47.40418985727392], [-0.9508302510459343, 47.38350557596203], [-0.9748672757080542, 47.371382608948814], [-1.0178737847602033, 47.36506226317233], [-1.0787286518898893, 47.370791947022845], [-1.1082260597696614, 47.36577684975045], [-1.167609698077546, 47.365887235139574], [-1.182960128465649, 47.35431013426607], [-1.2286336711215902, 47.34992378396915], [-1.2612216058119492, 47.34085259435289], [-1.2998771573086019, 47.33762366530587], [-1.3358228427021601, 47.3189666448679], [-1.3443707665147786, 47.300912351608176], [-1.3017706698751919, 47.30303238335918], [-1.2798655849130829, 47.29443954491049], [-1.279481478733716, 47.274997858626456], [-1.251834385400758, 47.248391505350874], [-1.2283649350807286, 47.239712044540795], [-1.1980384206236745, 47.252940714686886], [-1.1809669432498426, 47.24081046650355], [-1.1880521879881976, 47.219792216059965], [-1.1784570598013726, 47.193390310739396], [-1.1634008936162523, 47.18546752937314], [-1.175868309084218, 47.16311976069785], [-1.207726991440738, 47.1438706405948], [-1.2374293726181724, 47.13493300477958], [-1.2258419448390925, 47.11944408223294], [-1.2423703743532273, 47.10123014862037], [-1.170292292370527, 47.093053598552416], [-1.145027574182689, 47.06837675006014], [-1.1155386203739606, 47.06269707451897], [-1.1170476687025708, 47.04013159004134], [-1.1485704887534398, 47.029545162586565], [-1.200679265181828, 47.04002068735864], [-1.230646678052403, 47.0647662671337], [-1.248272600668004, 47.068248451977425], [-1.2683044893940385, 47.08474885032919], [-1.2903251112226377, 47.07019181205101], [-1.2946349782361042, 47.03948346966515], [-1.3124114592110108, 47.03350963450989], [-1.3627515861913184, 47.04068820066417], [-1.3786124689367814, 47.03085386698655], [-1.363022131692666, 47.005231806651935], [-1.3775094300897999, 46.990940454807415], [-1.3590587331965938, 46.98113458794234], [-1.3729857700949506, 46.95218446660972], [-1.4181594787532137, 46.943057239909116], [-1.4582677297055284, 46.92583846037384], [-1.4715165512848787, 46.93291787054446], [-1.4572082927387657, 46.95464665401728], [-1.4769594857010369, 46.98097074445235], [-1.469172627780506, 47.00198697021648], [-1.4759335714372155, 47.029463554503664], [-1.4998449288829532, 47.04068947453796], [-1.515724271893768, 47.027732420842334], [-1.5552723334553664, 47.01533738692226], [-1.542665987015755, 47.00327217070728], [-1.5543623514658027, 46.97816341773942], [-1.5309030377362816, 46.94498074264914], [-1.527927453698693, 46.92377826735825], [-1.5007668577856463, 46.88389115282979], [-1.5485110748777025, 46.86007983436468], [-1.634820511862539, 46.87837868837905], [-1.6645131258008816, 46.874779205029014], [-1.6870033984268769, 46.89055113474326], [-1.7202546726947285, 46.88456447923729], [-1.7371139932046213, 46.89680599083098], [-1.7362508076850236, 46.91143568904478], [-1.7513270577094098, 46.929611815604666], [-1.77556460551789, 46.92540682943319], [-1.8309821821134158, 46.932033724154486], [-1.8318237164160205, 46.953809822447525], [-1.872614380314098, 46.95312868208426], [-1.9174428113267457, 46.97508381963422], [-1.9166202315157645, 46.991518959422415], [-1.9432276192598639, 46.99471092059494], [-1.9688489284381314, 47.02767329905578], [-1.980414486742876, 47.02890649407564], [-2.0047172984420274, 47.06145903008165], [-2.032603631969014, 47.07351687202541], [-2.0534725301465024, 47.09412159709027], [-2.114087677200522, 47.10989368059357], [-2.1555864883203406, 47.11283045616817], [-2.1776732744717013, 47.1220648516062], [-2.214466888230872, 47.123901610790035], [-2.226823218085358, 47.13094036238744], [-2.226132030050598, 47.15227424383228], [-2.167064477781809, 47.16618049901811], [-2.1583713304619327, 47.20905347867946], [-2.1805520828108604, 47.23299057764472], [-2.1705404081241095, 47.23975355445233], [-2.169993937357407, 47.26847661211524], [-2.1873645299124624, 47.28061948952369], [-2.245373274313404, 47.25599310446833], [-2.2698943084243393, 47.23956836515538], [-2.301643363345213, 47.23640440229174], [-2.339599042924339, 47.25518767687217], [-2.3697489457624465, 47.27743476237253], [-2.398380900159916, 47.28144600126307], [-2.441973190559724, 47.26058258477878], [-2.4555196699772877, 47.26813905362376], [-2.513904074004327, 47.284623375273924], [-2.502914104344962, 47.328751209072664], [-2.5211551419585674, 47.35881029297989], [-2.5589409930083042, 47.374567573551786], [-2.5341025675524826, 47.38296506334218], [-2.483893499163002, 47.412419341696214], [-2.4508581636576396, 47.425325950967114], [-2.45848916517333, 47.44812172071826]]]}, "properties": {"code": "44", "nom": "Loire-Atlantique"}}, {"type": "Feature", "geometry": {"type": "Polygon", "coordinates": [[[2.936314411640624, 48.1633917441478], [2.9712637126470374, 48.15183377076339], [2.990882804955562, 48.15249378691091], [3.0294654865478936, 48.13320717199774], [3.0498962046090887, 48.088837886069456], [3.0504714242752176, 48.072334131124755], [3.0883177986514796, 48.05393639481059], [3.1040899600034066, 48.01354534990655], [3.1245523178040195, 48.006029252910174], [3.1284501214452565, 47.97097324034548], [3.0784722436737018, 47.93141992007049], [3.0646112850926173, 47.93051941081648], [3.00722631015934, 47.895294555605346], [3.0053630487182557, 47.86404745363208], [3.029058320822418, 47.857123076441624], [3.0297012521374107, 47.83508204151216], [3.0125379851547156, 47.834374131761656], [3.0281191130010834, 47.80064806639638], [3.023798094359226, 47.78655467899923], [2.988221260489061, 47.78603448891204], [2.954736881556772, 47.77555900512353], [2.9496989968031038, 47.76587258709822], [2.9145173600355263, 47.76938033260984], [2.8566660682192713, 47.76092647077394], [2.848796639073614, 47.72588667336868], [2.858973240721994, 47.71131839341009], [2.911669508308486, 47.69146053421784], [2.9181549279743337, 47.66979136771246], [2.954234275262721, 47.64577868896602], [2.936290512560618, 47.63665230316903], [2.9403094506517125, 47.60348550057479], [2.9622747369522457, 47.57678810211018], [2.9765380120036067, 47.56942879709582], [2.95865823105343, 47.55738006412381], [2.914297452553034, 47.56597018271849], [2.890770179974213, 47.55309660602271], [2.8574899628231805, 47.552844658956644], [2.8489038940037736, 47.53754044480101], [2.8746252064056805, 47.52042311253978], [2.8346896177800054, 47.50891434033172], [2.8253483178196612, 47.49720762944185], [2.7968724826242704, 47.49670238161028], [2.7848278000315037, 47.51590818527616], [2.7671158140580423, 47.52510072819235], [2.722269834213415, 47.52137488790703], [2.7274074958054517, 47.498891999551546], [2.716060360099423, 47.48953015835246], [2.684437897133784, 47.482967548570784], [2.658459112358834, 47.48789924166263], [2.6558708896887775, 47.51039583983229], [2.612017744333409, 47.52638001278611], [2.616737946714408, 47.54089713523513], [2.596866741027346, 47.5564207348813], [2.5729159948690103, 47.560017104315655], [2.547268117212732, 47.57517784121953], [2.4991330263197966, 47.56751893993049], [2.475044546159242, 47.579880080920134], [2.439400020099367, 47.60949994575173], [2.402680868810648, 47.599506360587185], [2.3730210260695963, 47.585524572377516], [2.3424427416844122, 47.60527658931115], [2.3249512144551785, 47.60757115362496], [2.289632282146918, 47.62905507196624], [2.2392136309887465, 47.62097830786331], [2.2409780083952664, 47.63734539809969], [2.2199555931269646, 47.667865521618396], [2.20255850774907, 47.67814460514722], [2.148515572748776, 47.67042742106637], [2.1397679887163026, 47.67737542400391], [2.0712946786313693, 47.681559290786815], [2.066463070283871, 47.6743106765294], [2.008045857144552, 47.67730418039903], [2.00158311405148, 47.66867970749289], [1.943437380081729, 47.66008510917376], [1.9341238444974078, 47.6794171004311], [1.8995427041357686, 47.67321863025759], [1.8701081905766355, 47.67418008034603], [1.8436947697611497, 47.68635321599452], [1.8451687786713176, 47.657075980599814], [1.7819763886541304, 47.65230252991529], [1.7399382527750795, 47.66153396917555], [1.72806479545811, 47.699564603486614], [1.7113085978372213, 47.73187770277278], [1.675275323556801, 47.73862278622698], [1.6266316344148937, 47.760971714419085], [1.608594434126198, 47.73393326082299], [1.5478779921036048, 47.76976159021967], [1.571250855065289, 47.786963386235925], [1.57053819365027, 47.79658651597201], [1.5337009096463892, 47.82052592915118], [1.5351015717504108, 47.839545777266615], [1.5579324839494983, 47.84812808991504], [1.588137738369647, 47.8764265961909], [1.581422578383437, 47.90192694837693], [1.5571710400083827, 47.91853552571645], [1.5254235639039053, 47.929113580200145], [1.525499326800869, 47.94229204754703], [1.5654541645457618, 47.97421749655934], [1.5648186289077217, 47.989771943729956], [1.5201238283340488, 47.982278476987], [1.5266687471482352, 48.00726560320355], [1.512975755811939, 48.02872178084264], [1.545306911308587, 48.0445885217016], [1.5941156652809598, 48.03069992074373], [1.6138290938946773, 48.04498314926178], [1.6245928719693987, 48.067222742913955], [1.6556783876479508, 48.076176598146596], [1.6789955266507441, 48.065829398062704], [1.7448338583126362, 48.0661443495906], [1.797975547328593, 48.07686831186792], [1.8656712589157682, 48.08385719871519], [1.8843851938361136, 48.097661066466635], [1.9010631123528121, 48.129720309688054], [1.920402814020387, 48.14638533996389], [1.9033398897931277, 48.152806309750886], [1.9250485316689847, 48.17448662149941], [1.9514550396684471, 48.18958117854365], [1.9625953467362638, 48.22259665048149], [1.9654790051841269, 48.255466245296866], [1.9878756044776544, 48.268707563969706], [1.9940847180593788, 48.286585877943075], [2.0438104559378143, 48.2864493366448], [2.052708364877964, 48.29547390947902], [2.081503651069427, 48.29360440985604], [2.155707101498331, 48.30449560310474], [2.1806941723291215, 48.31168043030938], [2.2022493722769347, 48.344596745334684], [2.223911064819703, 48.3364180215832], [2.238046845675527, 48.316373357629175], [2.2954192430595457, 48.308226039086286], [2.312590884489921, 48.330802741661444], [2.3277014892177683, 48.33305786731142], [2.3633118415981462, 48.309600437933916], [2.402664267131608, 48.320719459421184], [2.4210918870276967, 48.298668261849855], [2.4237635277023717, 48.260297326582666], [2.452518016092004, 48.25003251288878], [2.4690901704508605, 48.255272821570486], [2.5068882455094257, 48.22598658432872], [2.523126693688509, 48.19489310648136], [2.5093663344872534, 48.18250926382449], [2.5063270278885916, 48.15643757520199], [2.4832376593500602, 48.164518230078265], [2.460116447222927, 48.13685254342551], [2.4903153051303115, 48.12660259180864], [2.521518685158647, 48.127300215727736], [2.537506945660482, 48.14033979679666], [2.570562642830993, 48.14081569138084], [2.602684217604197, 48.13148889808521], [2.6397338993017683, 48.1388605931352], [2.6634205012712795, 48.12220248073456], [2.7065470696044738, 48.12481924580505], [2.720460981753342, 48.136910896310766], [2.7551983055667155, 48.145653478490786], [2.7414685556447598, 48.15977844911796], [2.7989445730680167, 48.16827665010273], [2.7978126665223124, 48.14068615599144], [2.8208799789852854, 48.12966447731962], [2.868032820232008, 48.156433549044586], [2.936314411640624, 48.1633917441478]]]}, "properties": {"code": "45", "nom": "Loiret"}}, {"type": "Feature", "geometry": {"type": "Polygon", "coordinates": [[[1.4482615439322117, 45.01931315867405], [1.4763205638048942, 45.01844899314434], [1.4837421057409195, 45.03086980932878], [1.540647783113957, 45.04603881243799], [1.5520395032539256, 45.028473972211486], [1.5763138744588663, 45.04070102069764], [1.6260183242774706, 45.03386004522471], [1.6509837683346409, 45.02501608647879], [1.671411146688222, 45.00429795565169], [1.7026624491356241, 44.98782737758246], [1.711027619735059, 44.967294403504056], [1.7506251087427585, 44.95495947953577], [1.753916747572787, 44.94094903140229], [1.7746083879446204, 44.92353891590074], [1.787069584525844, 44.93223900793819], [1.8239145263410468, 44.92768244845694], [1.8311741137699509, 44.945489022453565], [1.8862717368855733, 44.95606762209103], [1.9081561620078975, 44.97842677184467], [1.9390707704475676, 44.9732241453493], [1.9407191588474306, 44.95514088145865], [1.9816624813968071, 44.97286584256669], [2.045437777493513, 44.98366934976922], [2.0629142919730623, 44.9765064055156], [2.080180633811985, 44.95404979923148], [2.0786199838878985, 44.93249880393721], [2.1081096992344133, 44.91064323067309], [2.0864964046718506, 44.90108537322011], [2.093387343737472, 44.872914160665985], [2.1398005030167444, 44.82382515219366], [2.166838986075325, 44.81171436877482], [2.1669553074507704, 44.773143530159075], [2.1534919160094748, 44.753107579025226], [2.1473467852230246, 44.720872889725285], [2.1526517256816478, 44.69982758494574], [2.1791523387104577, 44.6744488247748], [2.164998532757633, 44.66315186421785], [2.1694177928364127, 44.63806619142595], [2.207475285530841, 44.61553167652982], [2.193605072158649, 44.585919536206276], [2.169814750379143, 44.5914152242936], [2.148458414466492, 44.57058186258418], [2.1268932861145236, 44.57892133300102], [2.1052735405908587, 44.5712308351366], [2.083044956953958, 44.58742511394722], [2.057369025284242, 44.58290555966192], [2.020316538227445, 44.55550186478567], [1.9885498908449635, 44.55118208825662], [1.9562304028473732, 44.5184522370375], [1.906117994440278, 44.499870752169386], [1.8902881654773012, 44.50588875517498], [1.8799562054517298, 44.48383493649415], [1.8615755393539462, 44.48731998198506], [1.83959954163412, 44.475900168970036], [1.8526882779181688, 44.45921955120797], [1.8505304217987393, 44.435510430042704], [1.8731857077141336, 44.424139807111516], [1.8675016882668152, 44.39806363608371], [1.9068426542084775, 44.364872665176094], [1.882082857535903, 44.340065248844205], [1.826465277116675, 44.32358769097796], [1.7918320747165322, 44.33342155767223], [1.7745395287661794, 44.31236243680847], [1.755361660673192, 44.325821897882314], [1.6995029158165784, 44.313814281404504], [1.6516207663148532, 44.286805806785146], [1.6422791348823196, 44.270774261083055], [1.6156813561412897, 44.27840070659787], [1.616906636210223, 44.297528790899236], [1.5707268227394882, 44.30150251962804], [1.5872537911119244, 44.24900550804784], [1.5752251099432597, 44.23873127310143], [1.5417577750229903, 44.22781299250401], [1.5290793065479253, 44.235377109638385], [1.5096978064892344, 44.27344945044928], [1.4951499133483663, 44.27109950643376], [1.4732207948805132, 44.28421134803531], [1.4531769569737827, 44.26735663623184], [1.4535628583819051, 44.25411881791156], [1.380368119687147, 44.22485773308437], [1.3567953753702289, 44.204016861252555], [1.3437890556280911, 44.22428502732317], [1.3179163572182218, 44.23295776845425], [1.2842650178929034, 44.23519209123777], [1.284277976591082, 44.25174919798396], [1.304059855892509, 44.26295931081006], [1.2978031763342432, 44.29486040345977], [1.2680258772309094, 44.28148431232658], [1.2379955233318247, 44.27589295439949], [1.1957883877382156, 44.281420540652135], [1.159346881110355, 44.3106276809867], [1.1219514922437734, 44.31674824624536], [1.1134152586304344, 44.33885107169266], [1.081222945573455, 44.354384743572695], [1.0935208798901315, 44.365961836772776], [1.1274427936033644, 44.37298221773624], [1.133750630714704, 44.39298864277138], [1.1067222137699213, 44.39234711511698], [1.0640838318649115, 44.37851326503539], [1.0514255555669048, 44.39209372311952], [1.060650411597149, 44.40361122945944], [1.0574884025751128, 44.427669679196114], [1.0299753681284962, 44.43361948161042], [1.0213774342184947, 44.44445120337611], [1.0230092810371172, 44.47543907306224], [1.0090253989657336, 44.48004110906167], [1.0162314531417111, 44.50587117332308], [0.9824267786867313, 44.54548429761793], [1.029736286682771, 44.551976017460866], [1.0716976200447952, 44.56784537769172], [1.0751408247250982, 44.577324783565565], [1.0957075874791038, 44.59024337388754], [1.1537498404734852, 44.63882020403], [1.1466718447537778, 44.67034606645626], [1.1688078503397572, 44.680017048529535], [1.22455005545425, 44.6842663489296], [1.248270791913345, 44.70770636912258], [1.2794274292251306, 44.715831247801496], [1.3160508396721997, 44.74037462834149], [1.322817940494351, 44.76513318662047], [1.296243021698294, 44.7778123630601], [1.2996352435270742, 44.79691953728407], [1.3281098679785208, 44.80652884504556], [1.3641029713426986, 44.81156818641523], [1.3614038259537624, 44.84079526684299], [1.4019390596723829, 44.849446039670674], [1.4048386704545461, 44.86234716877302], [1.4397519128973866, 44.87494627874561], [1.4398566373102875, 44.8889508179699], [1.4106099419064448, 44.90896015297044], [1.4335895146429747, 44.93830164881089], [1.40926521871603, 45.00600178685703], [1.4482615439322117, 45.01931315867405]]]}, "properties": {"code": "46", "nom": "Lot"}}, {"type": "Feature", "geometry": {"type": "Polygon", "coordinates": [[[0.2973255098237856, 44.76228467395237], [0.3232866327071292, 44.74761897166385], [0.346186543626901, 44.7225420355276], [0.340537569558902, 44.70304824522456], [0.35961911790454776, 44.69100214687724], [0.3496189213624863, 44.66012732964435], [0.36900627419453386, 44.661175745652166], [0.41754944795275234, 44.64625042497145], [0.44565684789610666, 44.65274912995912], [0.47053010943012324, 44.66957916232141], [0.4875231075582992, 44.666678761175476], [0.5156727555160711, 44.678339438211495], [0.5461757009438561, 44.664653811569345], [0.5704204904951242, 44.67489859623235], [0.5771464644207092, 44.694023979180336], [0.6097310220706117, 44.69537205404958], [0.6300837174762535, 44.70504186396566], [0.6539964422514456, 44.696742561948255], [0.6609287903127476, 44.676687086290784], [0.7290670391461425, 44.67608019640507], [0.7798374176059383, 44.68338808872983], [0.7977266310515655, 44.701767285601186], [0.8270009642517767, 44.69188957907683], [0.8260869083147476, 44.675993641671084], [0.843404038496723, 44.66348079792942], [0.8363594164481827, 44.6385854946771], [0.8170042739845023, 44.62700147643911], [0.8373861616885234, 44.61609958290861], [0.8386686479648295, 44.60073353333194], [0.8699961633461998, 44.597307270914904], [0.8907495915923311, 44.61499646988759], [0.938715915523624, 44.63970350097892], [0.9908384393481793, 44.63713268673032], [1.014756458102413, 44.614096475712024], [1.0733204955931674, 44.595582525404495], [1.0751408247250982, 44.577324783565565], [1.0716976200447952, 44.56784537769172], [1.029736286682771, 44.551976017460866], [0.9824267786867313, 44.54548429761793], [1.0162314531417111, 44.50587117332308], [1.0090253989657336, 44.48004110906167], [1.0230092810371172, 44.47543907306224], [1.0213774342184947, 44.44445120337611], [1.0299753681284962, 44.43361948161042], [1.0574884025751128, 44.427669679196114], [1.060650411597149, 44.40361122945944], [1.0514255555669048, 44.39209372311952], [1.0640838318649115, 44.37851326503539], [1.0498031510072285, 44.36263857861528], [0.9960831328157144, 44.36864294446829], [0.9806308033981536, 44.35841947585265], [0.9500583334266814, 44.35976314594097], [0.9199180731590045, 44.384149730804495], [0.8982100442421902, 44.381369123534306], [0.8873307771559802, 44.36637485759437], [0.8961131685671826, 44.34622833470228], [0.8696283736168164, 44.309384546367944], [0.8951266314063179, 44.29679206245922], [0.916429926804432, 44.30219542177865], [0.9239584511688518, 44.28869614788378], [0.9504654080705977, 44.274984882924066], [0.9190898187097761, 44.238270029336576], [0.9292392370345569, 44.23025011826531], [0.9051836940209331, 44.19731593132676], [0.8596865515735523, 44.19273721850749], [0.8535753263369856, 44.17496072438758], [0.8722443454179576, 44.16786912488895], [0.8884779694239573, 44.14877042878723], [0.8687736555079509, 44.1263296946747], [0.8204870205722198, 44.143244018566314], [0.7950995188269604, 44.145608667033], [0.7962434549004299, 44.11513490164438], [0.7540526324371263, 44.10494098314301], [0.7384290025794918, 44.07517631749729], [0.7418847912050018, 44.06519923501575], [0.707796417778404, 44.05801693922403], [0.6876624158684242, 44.045888241623125], [0.6770868392750434, 44.02697200478653], [0.6316490534555541, 44.04949866816937], [0.6278895165319084, 44.06062754308569], [0.6022274135910171, 44.07371011611412], [0.5765096062579593, 44.075205934881076], [0.5650779969821476, 44.059221404780686], [0.5384274746319986, 44.05295246662407], [0.4858132156850541, 44.058600121652084], [0.4595156323439905, 44.05523744897399], [0.44244991475496404, 44.0287619833259], [0.39446331623218994, 44.01998446971625], [0.3815242105137543, 44.00637522428769], [0.3575675314065643, 44.01637987419657], [0.299563922705621, 43.99275637569358], [0.23519766394983782, 44.00847404202415], [0.22470724318893848, 44.019168066012675], [0.18957513112649763, 44.014641710019696], [0.1667631974496389, 43.99683417955631], [0.1634750890689333, 43.975927867916795], [0.1379369703469956, 43.976883130578564], [0.14096031674824933, 43.99467654310261], [0.07604560969926086, 43.98314313658291], [0.0626980132929106, 44.00084249917964], [0.09431661158348077, 44.065613157677994], [0.10177914904503296, 44.08782254660348], [0.13673121582335918, 44.10987087477736], [0.13579733087558213, 44.12419368483945], [0.03459384382221056, 44.13065240342955], [-0.0035391663583750703, 44.149897854637146], [-0.05985846246111547, 44.150817206299195], [-0.10518222695424868, 44.1551363597548], [-0.12915451548994408, 44.152409928751574], [-0.12947353060156191, 44.203862714468414], [-0.14068847985275829, 44.226404747689884], [-0.12013584466981135, 44.23674667953463], [-0.08804999010961528, 44.23886102586299], [-0.05336184991028127, 44.265764926478745], [-0.03298436987139304, 44.271725233652084], [-0.034811250980738076, 44.296725798024596], [-0.059508100967366126, 44.32137184585115], [-0.08575207965012982, 44.33761004988665], [-0.07881922376705748, 44.35369515694866], [-0.02996839148968028, 44.36051961592557], [-0.012122430998677084, 44.371315036223], [0.014724678596450859, 44.36661482670666], [0.018233646559888256, 44.389878791845064], [-0.002882225353325675, 44.40546555102971], [-0.012027062235710009, 44.42216048739268], [0.007529968364000282, 44.44714235059867], [-0.00964812423297182, 44.458953045356914], [-0.015453699893016518, 44.505062787136026], [0.01809835904410432, 44.52978491547094], [0.03685067130235277, 44.55377569309968], [0.07072066177634428, 44.54932864142863], [0.08618477510895356, 44.57628609745734], [0.15503121242167628, 44.61515967421126], [0.1826776591534784, 44.66107212400698], [0.16217020857686018, 44.670520278429166], [0.14155522468909407, 44.66553015383226], [0.13439127028221218, 44.681785671797996], [0.10990756955468833, 44.684238793464466], [0.10217651632957546, 44.699261620698685], [0.11781564233279757, 44.71279600247887], [0.13340494933362354, 44.70463342458088], [0.15300384600842007, 44.73048103978557], [0.1941659722396007, 44.743134942046765], [0.20145524828961092, 44.72314903553606], [0.22538308407055824, 44.761938628969595], [0.2557380828743981, 44.750109827832176], [0.2973255098237856, 44.76228467395237]]]}, "properties": {"code": "47", "nom": "Lot-et-Garonne"}}, {"type": "Feature", "geometry": {"type": "Polygon", "coordinates": [[[3.3613425807398936, 44.97141170967897], [3.38636652116385, 44.952743854804055], [3.40455052934818, 44.956397735743366], [3.4158326368156513, 44.92853462204254], [3.410379964997872, 44.91777749816426], [3.4357113347213044, 44.880244038151794], [3.4418003889561284, 44.85422679293021], [3.458847484667369, 44.839932137298916], [3.4782424266646075, 44.80967976284068], [3.5056510328808947, 44.823846640197424], [3.5397490121099957, 44.82817873595921], [3.588921232126889, 44.8263980463694], [3.5980411899153943, 44.85950943658448], [3.5943359966689914, 44.87542977006506], [3.6264516856693065, 44.88025029795416], [3.6548748534796442, 44.87421590375256], [3.67181554273005, 44.843385113427054], [3.6690230882043697, 44.828879139980735], [3.722885793793205, 44.8309902964175], [3.7444352015394076, 44.83779866715789], [3.752688285784399, 44.820978132154096], [3.8025469466502706, 44.78217403491838], [3.8428722355724365, 44.767658069140836], [3.836561503873052, 44.74784401669704], [3.862527190139651, 44.743863434670935], [3.8699370374536626, 44.67891759737075], [3.894746224001558, 44.651133585716494], [3.893726383489279, 44.61783889720629], [3.908306472806382, 44.606619160372716], [3.923566877594894, 44.57188476465967], [3.948773902996799, 44.57288654843654], [3.9817259440883355, 44.51510533136414], [3.987654659812161, 44.47277510314574], [3.998162987763964, 44.45979755586323], [3.9762196820180424, 44.441115482032224], [3.961144148606084, 44.41397029137253], [3.944362317344653, 44.39956750349231], [3.9079213910830926, 44.4026196632778], [3.8859181039452233, 44.38799905234691], [3.9127709736236946, 44.36850586796493], [3.9446647587995822, 44.31912094308078], [3.922858913740669, 44.30521794102567], [3.9362541551640287, 44.29349216194984], [3.9355689182657865, 44.2747470409525], [3.956793721250768, 44.27180072553845], [3.973127020352843, 44.2525823769431], [3.9461674161736497, 44.242375852165004], [3.9501597790209626, 44.223545860744586], [3.9387003573911197, 44.19367822410952], [3.959878514814277, 44.191253656704994], [3.9526044819739092, 44.170793726068595], [3.894888943932836, 44.14779538799471], [3.8720717351442726, 44.12886978328462], [3.8224027407450274, 44.13619346399231], [3.7969951126604835, 44.127389079486896], [3.762454627385766, 44.148796144815584], [3.72562362185747, 44.164239828951345], [3.706247388904811, 44.16469033158088], [3.6835417745626877, 44.18049607631633], [3.6577924199864618, 44.17331757538967], [3.637535082199747, 44.1758044419647], [3.632837509244816, 44.12122297377445], [3.607405064801489, 44.116029399262366], [3.5683776807910426, 44.12255725261015], [3.5464898950428156, 44.11382085664054], [3.505848181205205, 44.12627491460725], [3.4814122244595582, 44.12400876421138], [3.4397298934659637, 44.12909826593223], [3.4308257080086695, 44.14799915248837], [3.373648044830684, 44.170755872105644], [3.3577995033411128, 44.197910434234956], [3.317300542840415, 44.200240218868345], [3.2950015544682763, 44.20693612762719], [3.240325090398278, 44.190831778546034], [3.206607905788314, 44.18992834029595], [3.2250868325095428, 44.21260133894453], [3.2243422257594276, 44.23002883975091], [3.179876249541182, 44.24566454674947], [3.1606544387163025, 44.24539730394844], [3.153719168091856, 44.273805934751195], [3.124161021616368, 44.26032349700248], [3.1252288254578002, 44.28446357369579], [3.1542516260589815, 44.30837023621562], [3.133744886002754, 44.33033358238777], [3.119331633132198, 44.36409697183054], [3.1216683061653887, 44.388740994522394], [3.1405583752842663, 44.39261625444329], [3.1267210313580613, 44.41395827490389], [3.1417277742830882, 44.42845999235368], [3.1352323616083257, 44.454447756476476], [3.1158453488850872, 44.47555258933136], [3.100325843979618, 44.479978817970924], [3.068038879929246, 44.50286886512245], [3.083593896775788, 44.559014394432964], [3.0759067638703557, 44.572973678960665], [3.033175255143208, 44.59690534845544], [3.0123028502611833, 44.62190975589775], [2.981676986530433, 44.6446766126243], [3.0160096767820934, 44.713692453685596], [3.028593384774951, 44.73000325460999], [3.0310795010084504, 44.74941305751071], [3.0479974143057897, 44.765468479023006], [3.048093761431216, 44.80425398591603], [3.071476757431392, 44.834123173435586], [3.0994768968798603, 44.833588418089676], [3.0936395044401266, 44.853715932362164], [3.1054983095640436, 44.886774803102355], [3.1411028663826848, 44.903319692595886], [3.166012315445439, 44.874339110434526], [3.182311971252496, 44.863734531317185], [3.215966948855477, 44.8750364950506], [3.2366483203775314, 44.88797735233407], [3.2290980359662727, 44.90925048112522], [3.2496925236752454, 44.916237893044965], [3.243812024502196, 44.933528843936465], [3.286022962312807, 44.92637841429803], [3.2989394542854322, 44.938607376229236], [3.337948402304469, 44.955908780382266], [3.3613425807398936, 44.97141170967897]]]}, "properties": {"code": "48", "nom": "Loz\u00e8re"}}, {"type": "Feature", "geometry": {"type": "Polygon", "coordinates": [[[-1.2458823462890538, 47.776717547680406], [-1.2382517343256678, 47.80999146297073], [-1.1986209884138974, 47.795087631101424], [-1.1931389674383266, 47.78697417474339], [-1.152946550291737, 47.778006298929476], [-1.1226318940891669, 47.78417913959446], [-1.0676842898971974, 47.77297059421489], [-1.0204536348384041, 47.77298948127482], [-0.9784592276088574, 47.76203334334952], [-0.955206706607692, 47.76711117947228], [-0.9602944572916631, 47.7963079545433], [-0.9251020877476097, 47.78771562691841], [-0.8812984869415317, 47.763548188692084], [-0.8392941203736607, 47.75227330317501], [-0.8399853237495013, 47.768146096038514], [-0.816067662956568, 47.77122618643005], [-0.7838699174942475, 47.75058272701156], [-0.7593093892972002, 47.75375329055893], [-0.7417076584328766, 47.73810748626689], [-0.7103297199047672, 47.74460337209696], [-0.6714156583122058, 47.741118751584196], [-0.6537866615388507, 47.73338137800601], [-0.6108182423666896, 47.73568882741341], [-0.5847783552138252, 47.7583563948255], [-0.5328644845775566, 47.750826614212684], [-0.5096576702100792, 47.786039414506206], [-0.46447480825707566, 47.76859230202414], [-0.4545880132966191, 47.75647912746232], [-0.42831835229803605, 47.76761186364019], [-0.38561432621561664, 47.769116081601474], [-0.3817032700427246, 47.76056283993387], [-0.3749413527409204, 47.739263349746885], [-0.3340636977656885, 47.72116613990195], [-0.2867043357584838, 47.7193267262097], [-0.23897070389904987, 47.704236533845965], [-0.20237319489976208, 47.7252424835264], [-0.1823177464697087, 47.712899554202], [-0.20031003076883538, 47.69468965521296], [-0.2201912638722686, 47.68962152946947], [-0.19505682505367974, 47.66137704033336], [-0.19315724780649848, 47.6479165803738], [-0.15714474625449978, 47.64556263174295], [-0.13610057418750457, 47.634067825440376], [-0.1075909106103418, 47.65528707795732], [-0.07177191841107244, 47.658369330035505], [-0.05468293127308542, 47.64842261886652], [-0.004507638464452976, 47.64768842379034], [0.01704033105751261, 47.62110138156107], [0.05165930848592442, 47.606515201700375], [0.11568518986526223, 47.60572820554534], [0.13984161379263732, 47.59111878052602], [0.18492077212499186, 47.599519723895675], [0.1857971097487886, 47.61573515835152], [0.2300017263531844, 47.60839829191704], [0.23453424561335756, 47.577982037960055], [0.2150171714816557, 47.57064544903573], [0.20150359657525238, 47.544318760659884], [0.22484312443395177, 47.52727704290141], [0.22010925240137172, 47.50195329711621], [0.20921732522172254, 47.49365838444261], [0.1812364735767597, 47.4526491231434], [0.18528045906678275, 47.42473344937359], [0.1676400513828326, 47.405415942568375], [0.16799336737564852, 47.3869314962575], [0.18295674766364445, 47.38033212018486], [0.14939629089256964, 47.36226337889678], [0.14729836062565832, 47.34537579230401], [0.11746224213975613, 47.33234274537884], [0.0785963884113725, 47.28394130124859], [0.06792548837999822, 47.2473308040697], [0.07249546123856535, 47.22050992119078], [0.0532775371077964, 47.19718486964462], [0.06659419807362671, 47.18979325990068], [0.05382761471070587, 47.16373008265526], [0.03664297673522525, 47.160354293664795], [0.01901485826766373, 47.17575785031973], [-0.01073662557135027, 47.15750952036683], [-0.035959245982801084, 47.12509157253751], [-0.04416541443323743, 47.093242584398084], [-0.08590400471278307, 47.1010103974686], [-0.09805549141019346, 47.0913509263054], [-0.10212095637964737, 47.064797190818005], [-0.12838002979815127, 47.05442990559355], [-0.1476585466148043, 47.069854366674875], [-0.178486598699701, 47.0697670558895], [-0.1521214820209298, 47.10085428544302], [-0.1848398275184138, 47.10833699690516], [-0.20250740252740007, 47.09583787535414], [-0.2415379484520476, 47.10572466544675], [-0.2879290635736671, 47.10144071067538], [-0.3414640153397548, 47.08733467869207], [-0.3579271504355597, 47.09365187822681], [-0.3834553981375389, 47.08769862856716], [-0.4007795061579299, 47.07077103460959], [-0.42854910796633194, 47.07271663479802], [-0.4642554478540593, 47.06757786350008], [-0.46269733093798004, 47.08192636562548], [-0.4953402437613724, 47.082385217708435], [-0.5595318719263807, 47.06188673077478], [-0.5555783931772565, 47.04353316953107], [-0.5654683969778376, 47.01942614381194], [-0.61568293448452, 46.99293402227639], [-0.6438716820428597, 46.99351589442817], [-0.6758343487736584, 47.00172199082605], [-0.7156396951065868, 46.985502313803366], [-0.743365629187983, 47.00070367813692], [-0.7619520119905745, 46.992139886795954], [-0.7875770887198819, 47.00513718237798], [-0.8559224678754487, 46.979084161484536], [-0.8919599503022404, 46.975817849607864], [-0.9027847223499762, 46.99384133071281], [-0.9334603151811864, 47.008908043397554], [-0.9670342291507741, 47.00506278044761], [-1.0003954614147021, 47.02080439583092], [-1.0158832983469237, 47.00413844081306], [-1.0741287584409651, 47.008280037449445], [-1.1444802777855911, 47.02539165807213], [-1.1485704887534398, 47.029545162586565], [-1.1170476687025708, 47.04013159004134], [-1.1155386203739606, 47.06269707451897], [-1.145027574182689, 47.06837675006014], [-1.170292292370527, 47.093053598552416], [-1.2423703743532273, 47.10123014862037], [-1.2258419448390925, 47.11944408223294], [-1.2374293726181724, 47.13493300477958], [-1.207726991440738, 47.1438706405948], [-1.175868309084218, 47.16311976069785], [-1.1634008936162523, 47.18546752937314], [-1.1784570598013726, 47.193390310739396], [-1.1880521879881976, 47.219792216059965], [-1.1809669432498426, 47.24081046650355], [-1.1980384206236745, 47.252940714686886], [-1.2283649350807286, 47.239712044540795], [-1.251834385400758, 47.248391505350874], [-1.279481478733716, 47.274997858626456], [-1.2798655849130829, 47.29443954491049], [-1.3017706698751919, 47.30303238335918], [-1.3443707665147786, 47.300912351608176], [-1.3358228427021601, 47.3189666448679], [-1.2998771573086019, 47.33762366530587], [-1.2612216058119492, 47.34085259435289], [-1.2286336711215902, 47.34992378396915], [-1.182960128465649, 47.35431013426607], [-1.167609698077546, 47.365887235139574], [-1.1082260597696614, 47.36577684975045], [-1.0787286518898893, 47.370791947022845], [-1.0178737847602033, 47.36506226317233], [-0.9748672757080542, 47.371382608948814], [-0.9508302510459343, 47.38350557596203], [-0.9500724202369605, 47.40418985727392], [-0.9610616341565943, 47.418146960038484], [-0.9542208546281663, 47.4539097574189], [-0.9672169416067916, 47.468248780242014], [-0.9674825559179046, 47.492800296900974], [-1.0086170505041334, 47.489110660531026], [-1.0444575006084293, 47.50550106908369], [-1.0397778230870207, 47.54883710607215], [-1.0525094143946503, 47.56363638662836], [-1.0068639898836467, 47.58905339488284], [-1.026009375226936, 47.599308629561634], [-1.0564895204285647, 47.601479248609785], [-1.1006492140245874, 47.62068366379477], [-1.137956817334609, 47.619736138890346], [-1.1579089209094204, 47.63660321755249], [-1.1608077767122782, 47.65632049258235], [-1.1824294262619501, 47.6680046714435], [-1.1749295691501485, 47.694565013829596], [-1.1894960789668845, 47.69916325132362], [-1.1951181057962028, 47.72154902070605], [-1.2154187219671249, 47.718817804901974], [-1.2545772523262662, 47.733641751506994], [-1.2355437776358398, 47.757046555422306], [-1.2458823462890538, 47.776717547680406]]]}, "properties": {"code": "49", "nom": "Maine-et-Loire"}}, {"type": "Feature", "properties": {"code": "50", "nom": "Manche"}, "geometry": {"type": "MultiPolygon", "coordinates": [[[[-1.24053, 49.58545], [-1.24371, 49.58639], [-1.24488, 49.58717], [-1.24801, 49.5876], [-1.24895, 49.58826], [-1.24911, 49.59037], [-1.2474, 49.59141], [-1.24458, 49.59078], [-1.24274, 49.59128], [-1.23912, 49.58887], [-1.23896, 49.58775], [-1.24053, 49.58545]]], [[[-1.84184, 48.87556], [-1.84264, 48.8785], [-1.841, 48.87789], [-1.84184, 48.87556]]], [[[-1.5109, 48.63502], [-1.5132, 48.63585], [-1.5111, 48.63695], [-1.50962, 48.63597], [-1.5109, 48.63502]]], [[[-1.82137, 48.86824], [-1.82254, 48.86852], [-1.8245, 48.87061], [-1.82642, 48.87077], [-1.83084, 48.86822], [-1.83262, 48.86901], [-1.83175, 48.87007], [-1.83239, 48.87203], [-1.83363, 48.87298], [-1.83679, 48.87313], [-1.83719, 48.8763], [-1.83869, 48.87783], [-1.83387, 48.87747], [-1.8337, 48.87603], [-1.83585, 48.87565], [-1.83569, 48.87466], [-1.83205, 48.8752], [-1.82581, 48.87245], [-1.8244, 48.87277], [-1.82236, 48.87204], [-1.82085, 48.86854], [-1.82137, 48.86824]]], [[[-1.76603, 48.87183], [-1.76733, 48.87277], [-1.76782, 48.8745], [-1.76609, 48.87506], [-1.76603, 48.87183]]], [[[-1.11962, 49.35557], [-1.11692, 49.34368], [-1.11346, 49.32795], [-1.11331, 49.32669], [-1.1148, 49.32525], [-1.11758, 49.32364], [-1.12805, 49.31693], [-1.13697, 49.31162], [-1.13954, 49.30987], [-1.14071, 49.30601], [-1.13934, 49.30322], [-1.14034, 49.29977], [-1.1401, 49.29739], [-1.13715, 49.29365], [-1.13539, 49.29019], [-1.13468, 49.2868], [-1.1329, 49.28509], [-1.12984, 49.28465], [-1.1215, 49.28157], [-1.1204, 49.28056], [-1.12057, 49.27907], [-1.12198, 49.27759], [-1.12279, 49.27541], [-1.12395, 49.27433], [-1.1264, 49.2748], [-1.12686, 49.27641], [-1.12802, 49.27732], [-1.13119, 49.27835], [-1.13369, 49.27858], [-1.13486, 49.27752], [-1.13331, 49.27621], [-1.1325, 49.27444], [-1.13311, 49.2732], [-1.13577, 49.27127], [-1.13592, 49.27032], [-1.1342, 49.26938], [-1.12703, 49.26726], [-1.12699, 49.26861], [-1.12827, 49.27002], [-1.12816, 49.27142], [-1.12646, 49.27175], [-1.1237, 49.26975], [-1.12513, 49.26759], [-1.12418, 49.26582], [-1.12177, 49.26576], [-1.12193, 49.26404], [-1.12002, 49.26311], [-1.11808, 49.26407], [-1.11493, 49.2643], [-1.11172, 49.26256], [-1.11358, 49.26155], [-1.10413, 49.25237], [-1.10126, 49.25157], [-1.09976, 49.25193], [-1.09981, 49.25359], [-1.09889, 49.2551], [-1.09641, 49.25428], [-1.09446, 49.25182], [-1.09424, 49.24961], [-1.09535, 49.2476], [-1.09505, 49.24563], [-1.09262, 49.244], [-1.08822, 49.24615], [-1.08752, 49.24198], [-1.08435, 49.23992], [-1.08038, 49.23914], [-1.07994, 49.23771], [-1.0784, 49.23636], [-1.07816, 49.23389], [-1.07542, 49.23307], [-1.07354, 49.23155], [-1.07085, 49.2315], [-1.06581, 49.23025], [-1.06185, 49.22865], [-1.06219, 49.22765], [-1.06086, 49.22522], [-1.05839, 49.22521], [-1.05505, 49.22575], [-1.05267, 49.22663], [-1.05242, 49.22764], [-1.05035, 49.22799], [-1.0504, 49.22395], [-1.04902, 49.22305], [-1.04838, 49.22041], [-1.0465, 49.22115], [-1.04127, 49.22121], [-1.03743, 49.22226], [-1.03427, 49.22015], [-1.03613, 49.21718], [-1.03332, 49.21752], [-1.0324, 49.21391], [-1.02981, 49.2134], [-1.02905, 49.21229], [-1.0267, 49.212], [-1.02483, 49.2098], [-1.02645, 49.20827], [-1.02376, 49.20709], [-1.02425, 49.20386], [-1.02267, 49.20339], [-1.01997, 49.20419], [-1.01325, 49.20407], [-1.01131, 49.2049], [-1.00803, 49.20418], [-1.00734, 49.2011], [-1.00401, 49.20146], [-1.00111, 49.20137], [-0.99851, 49.20058], [-0.99645, 49.20064], [-0.99334, 49.19821], [-0.9905, 49.19879], [-0.98746, 49.19753], [-0.98817, 49.1949], [-0.98271, 49.19316], [-0.97879, 49.1931], [-0.97352, 49.19145], [-0.97328, 49.19298], [-0.96995, 49.19443], [-0.96493, 49.19746], [-0.95977, 49.19833], [-0.95786, 49.19959], [-0.9544, 49.20023], [-0.95253, 49.20218], [-0.95206, 49.20692], [-0.95053, 49.20829], [-0.94625, 49.20983], [-0.94596, 49.21055], [-0.94305, 49.21119], [-0.94179, 49.21197], [-0.94338, 49.21331], [-0.94464, 49.21338], [-0.94666, 49.2152], [-0.94149, 49.21703], [-0.94076, 49.21817], [-0.9376, 49.21604], [-0.93629, 49.21696], [-0.93312, 49.21589], [-0.93137, 49.21741], [-0.93236, 49.21805], [-0.92966, 49.22164], [-0.9293, 49.22476], [-0.93165, 49.22492], [-0.9326, 49.2257], [-0.93081, 49.22777], [-0.93078, 49.22936], [-0.92815, 49.22911], [-0.92631, 49.23037], [-0.926, 49.232], [-0.92077, 49.23058], [-0.92453, 49.22943], [-0.92442, 49.22674], [-0.92137, 49.22111], [-0.91827, 49.22106], [-0.91846, 49.21976], [-0.9157, 49.21848], [-0.9177, 49.21752], [-0.91324, 49.21549], [-0.90802, 49.21249], [-0.90626, 49.21069], [-0.90623, 49.20934], [-0.90464, 49.20705], [-0.90131, 49.20548], [-0.90087, 49.20297], [-0.8981, 49.2016], [-0.8958, 49.20289], [-0.88943, 49.20441], [-0.88726, 49.20146], [-0.89883, 49.19681], [-0.90445, 49.19472], [-0.9067, 49.19538], [-0.91287, 49.19214], [-0.91591, 49.18949], [-0.91091, 49.18945], [-0.91019, 49.1879], [-0.9111, 49.18617], [-0.90806, 49.18589], [-0.90608, 49.18383], [-0.91386, 49.18504], [-0.91613, 49.1844], [-0.91539, 49.18348], [-0.91638, 49.18192], [-0.91435, 49.18121], [-0.91418, 49.17874], [-0.91586, 49.17928], [-0.91839, 49.17817], [-0.92135, 49.17822], [-0.92419, 49.1745], [-0.92467, 49.17228], [-0.92405, 49.16915], [-0.9242, 49.16626], [-0.92591, 49.16405], [-0.92732, 49.16469], [-0.92983, 49.16434], [-0.93306, 49.16322], [-0.93327, 49.16222], [-0.93705, 49.16144], [-0.94109, 49.16303], [-0.94464, 49.16307], [-0.94699, 49.16581], [-0.94993, 49.16773], [-0.95349, 49.16704], [-0.95569, 49.16604], [-0.95888, 49.16239], [-0.95878, 49.16139], [-0.95694, 49.16015], [-0.95316, 49.1599], [-0.95063, 49.15916], [-0.94434, 49.15834], [-0.94337, 49.1588], [-0.93828, 49.15915], [-0.93594, 49.15891], [-0.93609, 49.158], [-0.93133, 49.15787], [-0.94086, 49.15246], [-0.93958, 49.15084], [-0.93716, 49.15064], [-0.93551, 49.14943], [-0.93303, 49.14612], [-0.93156, 49.14674], [-0.93009, 49.1444], [-0.92429, 49.14461], [-0.92268, 49.14119], [-0.91726, 49.14112], [-0.91526, 49.14081], [-0.91145, 49.13939], [-0.91051, 49.13866], [-0.90794, 49.13913], [-0.90375, 49.13587], [-0.90569, 49.13286], [-0.90144, 49.13207], [-0.89549, 49.1322], [-0.88659, 49.12943], [-0.88794, 49.12597], [-0.89145, 49.12172], [-0.89765, 49.11921], [-0.90118, 49.11853], [-0.90344, 49.11666], [-0.90785, 49.11367], [-0.91008, 49.11323], [-0.91341, 49.11485], [-0.91816, 49.11009], [-0.92055, 49.10673], [-0.92288, 49.10473], [-0.92465, 49.10238], [-0.9206, 49.10439], [-0.91802, 49.10482], [-0.91289, 49.10686], [-0.91072, 49.10845], [-0.90354, 49.1128], [-0.89783, 49.11449], [-0.89322, 49.11736], [-0.89135, 49.11935], [-0.89008, 49.11889], [-0.88831, 49.11588], [-0.88566, 49.11511], [-0.8822, 49.11672], [-0.87846, 49.1171], [-0.87934, 49.1159], [-0.87867, 49.11434], [-0.87614, 49.11221], [-0.87685, 49.11053], [-0.87674, 49.10779], [-0.87835, 49.10707], [-0.87696, 49.1058], [-0.87782, 49.10421], [-0.87796, 49.10221], [-0.87652, 49.09578], [-0.88058, 49.09071], [-0.87924, 49.08828], [-0.8756, 49.08484], [-0.87394, 49.08179], [-0.87051, 49.08028], [-0.87069, 49.07461], [-0.87019, 49.07214], [-0.8691, 49.07023], [-0.87036, 49.06986], [-0.86909, 49.0679], [-0.87103, 49.06596], [-0.87096, 49.06394], [-0.87286, 49.06262], [-0.87535, 49.05887], [-0.87674, 49.05519], [-0.88045, 49.05295], [-0.8818, 49.05274], [-0.88615, 49.05027], [-0.88611, 49.04947], [-0.89133, 49.04774], [-0.8918, 49.04555], [-0.89056, 49.04477], [-0.89038, 49.04295], [-0.88915, 49.04108], [-0.88635, 49.04136], [-0.88452, 49.03871], [-0.88053, 49.03851], [-0.87366, 49.04019], [-0.87315, 49.03881], [-0.86968, 49.03917], [-0.86861, 49.03835], [-0.86846, 49.03398], [-0.86235, 49.03466], [-0.86087, 49.03083], [-0.86256, 49.02641], [-0.86612, 49.02717], [-0.86945, 49.02703], [-0.87489, 49.02422], [-0.88071, 49.02442], [-0.88462, 49.02255], [-0.88666, 49.02209], [-0.88827, 49.02023], [-0.89099, 49.01884], [-0.8915, 49.01651], [-0.89383, 49.01312], [-0.89805, 49.00977], [-0.90032, 49.01231], [-0.90143, 49.01262], [-0.90511, 49.0114], [-0.90526, 49.00941], [-0.9069, 49.00424], [-0.90846, 49.00199], [-0.90954, 48.99944], [-0.90991, 48.99586], [-0.91099, 48.99354], [-0.91305, 48.9925], [-0.91554, 48.98891], [-0.91917, 48.98697], [-0.92913, 48.98048], [-0.93029, 48.97818], [-0.93523, 48.97526], [-0.93587, 48.97375], [-0.93958, 48.97086], [-0.94151, 48.96999], [-0.94241, 48.96799], [-0.94795, 48.96607], [-0.95071, 48.9655], [-0.95269, 48.96629], [-0.95496, 48.96632], [-0.95953, 48.96476], [-0.96124, 48.96245], [-0.96414, 48.96102], [-0.9658, 48.95917], [-0.96829, 48.95864], [-0.9708, 48.95726], [-0.97295, 48.95662], [-0.97621, 48.95635], [-0.9792, 48.95495], [-0.98379, 48.95423], [-0.98609, 48.95282], [-0.98877, 48.95193], [-0.99046, 48.95067], [-0.98979, 48.94974], [-0.98899, 48.94616], [-0.99305, 48.94154], [-0.99655, 48.94063], [-1.00089, 48.93911], [-1.00259, 48.93685], [-1.00529, 48.93538], [-1.00835, 48.93624], [-1.00959, 48.93939], [-1.01153, 48.941], [-1.01385, 48.94094], [-1.01796, 48.93992], [-1.01959, 48.93878], [-1.02426, 48.93816], [-1.02646, 48.93638], [-1.02899, 48.93639], [-1.03002, 48.93758], [-1.03211, 48.93811], [-1.03244, 48.93593], [-1.03439, 48.93556], [-1.03556, 48.93458], [-1.04032, 48.93439], [-1.04434, 48.93311], [-1.04711, 48.93055], [-1.05015, 48.92717], [-1.05476, 48.92461], [-1.05671, 48.92423], [-1.06205, 48.92241], [-1.06587, 48.92027], [-1.06127, 48.92081], [-1.05731, 48.92197], [-1.05315, 48.92389], [-1.04968, 48.92417], [-1.04173, 48.92189], [-1.03983, 48.92198], [-1.03826, 48.92293], [-1.03357, 48.92437], [-1.03106, 48.92554], [-1.02673, 48.92521], [-1.02262, 48.92709], [-1.01978, 48.92739], [-1.01784, 48.9262], [-1.01791, 48.9252], [-1.01967, 48.92397], [-1.0194, 48.9229], [-1.01354, 48.92227], [-1.01558, 48.91887], [-1.01511, 48.91727], [-1.01341, 48.9152], [-1.01566, 48.91221], [-1.017, 48.91182], [-1.01868, 48.90938], [-1.01926, 48.90765], [-1.02293, 48.90461], [-1.02851, 48.90117], [-1.03391, 48.9001], [-1.03763, 48.89888], [-1.04053, 48.89708], [-1.04427, 48.89589], [-1.04482, 48.89506], [-1.04919, 48.89403], [-1.05022, 48.89102], [-1.05249, 48.88835], [-1.0533, 48.88626], [-1.05727, 48.88231], [-1.05747, 48.88038], [-1.05917, 48.87726], [-1.06537, 48.87617], [-1.06822, 48.87308], [-1.07042, 48.87018], [-1.07114, 48.87087], [-1.074, 48.8707], [-1.07629, 48.86932], [-1.07777, 48.86779], [-1.07906, 48.86897], [-1.07943, 48.8704], [-1.08357, 48.87197], [-1.08603, 48.87205], [-1.08875, 48.87462], [-1.09054, 48.87903], [-1.0921, 48.87909], [-1.09852, 48.87609], [-1.09939, 48.87386], [-1.09802, 48.87087], [-1.09928, 48.86827], [-1.10165, 48.86686], [-1.10438, 48.86403], [-1.10645, 48.86342], [-1.10907, 48.86181], [-1.11267, 48.86153], [-1.11474, 48.86196], [-1.11981, 48.85658], [-1.12172, 48.85531], [-1.12205, 48.85224], [-1.12144, 48.8514], [-1.12116, 48.84822], [-1.12431, 48.84839], [-1.12608, 48.8494], [-1.12838, 48.8493], [-1.129, 48.85014], [-1.13149, 48.84949], [-1.13174, 48.8487], [-1.13457, 48.84825], [-1.13453, 48.84655], [-1.13926, 48.84195], [-1.14082, 48.84189], [-1.1402, 48.83976], [-1.14113, 48.83942], [-1.14169, 48.83755], [-1.14972, 48.83456], [-1.15089, 48.83471], [-1.15538, 48.83646], [-1.15708, 48.83637], [-1.15723, 48.83384], [-1.15859, 48.83271], [-1.15929, 48.8309], [-1.15949, 48.82612], [-1.15742, 48.82388], [-1.15289, 48.82227], [-1.15119, 48.82345], [-1.14574, 48.82239], [-1.14344, 48.82359], [-1.14253, 48.82326], [-1.1429, 48.82087], [-1.14057, 48.8195], [-1.13618, 48.8194], [-1.13348, 48.82052], [-1.1305, 48.82003], [-1.12952, 48.81753], [-1.12818, 48.8169], [-1.12564, 48.81765], [-1.1241, 48.81617], [-1.12136, 48.81598], [-1.11756, 48.81808], [-1.11579, 48.81835], [-1.11304, 48.81681], [-1.11236, 48.8149], [-1.10959, 48.81526], [-1.10828, 48.81606], [-1.10565, 48.81551], [-1.1023, 48.81426], [-1.10277, 48.81322], [-1.10209, 48.81131], [-1.09959, 48.80867], [-1.09938, 48.80746], [-1.09576, 48.80362], [-1.09469, 48.80072], [-1.09175, 48.79977], [-1.09211, 48.79512], [-1.09116, 48.79308], [-1.0931, 48.79252], [-1.09561, 48.79358], [-1.09753, 48.79375], [-1.10155, 48.79165], [-1.10116, 48.78972], [-1.09774, 48.7888], [-1.09604, 48.78583], [-1.09345, 48.78388], [-1.09094, 48.783], [-1.08947, 48.78151], [-1.08433, 48.77985], [-1.08254, 48.77777], [-1.07938, 48.77723], [-1.07783, 48.77764], [-1.0739, 48.77767], [-1.06982, 48.77613], [-1.06221, 48.77509], [-1.05873, 48.77335], [-1.05785, 48.77513], [-1.05465, 48.77725], [-1.05201, 48.77733], [-1.05038, 48.77949], [-1.04852, 48.78113], [-1.04505, 48.78316], [-1.0405, 48.78249], [-1.03739, 48.7828], [-1.03655, 48.78143], [-1.03035, 48.77946], [-1.02721, 48.77735], [-1.02624, 48.77597], [-1.02392, 48.77596], [-1.02085, 48.77479], [-1.01961, 48.77347], [-1.01268, 48.77178], [-1.01034, 48.77352], [-1.00954, 48.77571], [-1.00652, 48.77737], [-1.005, 48.77691], [-1.0008, 48.77723], [-0.99562, 48.77634], [-0.99532, 48.77698], [-0.99144, 48.77812], [-0.9877, 48.77806], [-0.98576, 48.77767], [-0.98212, 48.77597], [-0.9759, 48.77466], [-0.97329, 48.77334], [-0.97101, 48.77283], [-0.97016, 48.77429], [-0.97159, 48.77839], [-0.97168, 48.77974], [-0.96705, 48.78608], [-0.96129, 48.7845], [-0.95801, 48.78724], [-0.95691, 48.78704], [-0.95235, 48.78907], [-0.95105, 48.78924], [-0.94975, 48.78703], [-0.94745, 48.78633], [-0.94487, 48.78425], [-0.9429, 48.78349], [-0.94153, 48.78106], [-0.93993, 48.78056], [-0.94034, 48.77857], [-0.93813, 48.77818], [-0.93632, 48.77639], [-0.93629, 48.77517], [-0.93219, 48.77476], [-0.9284, 48.77406], [-0.9234, 48.7715], [-0.92286, 48.77066], [-0.91921, 48.76977], [-0.91684, 48.77019], [-0.91699, 48.77249], [-0.91422, 48.77063], [-0.91229, 48.77051], [-0.91238, 48.76867], [-0.90948, 48.76789], [-0.90539, 48.76782], [-0.90457, 48.76879], [-0.90041, 48.76778], [-0.89644, 48.76646], [-0.89557, 48.76777], [-0.89393, 48.76743], [-0.89347, 48.76574], [-0.88979, 48.76453], [-0.88444, 48.76095], [-0.88507, 48.75782], [-0.88264, 48.75618], [-0.87377, 48.75567], [-0.87084, 48.75575], [-0.86855, 48.75716], [-0.86681, 48.75978], [-0.86447, 48.76057], [-0.86079, 48.76044], [-0.85792, 48.76124], [-0.85388, 48.76388], [-0.84061, 48.76403], [-0.83732, 48.76488], [-0.83251, 48.76524], [-0.83115, 48.76636], [-0.82644, 48.76834], [-0.82286, 48.77185], [-0.82126, 48.77122], [-0.81972, 48.76969], [-0.82111, 48.76807], [-0.82129, 48.7664], [-0.82484, 48.76352], [-0.82807, 48.76279], [-0.83185, 48.76238], [-0.8341, 48.76132], [-0.83559, 48.76002], [-0.83614, 48.75812], [-0.83778, 48.75501], [-0.83789, 48.75356], [-0.84094, 48.75222], [-0.84209, 48.75102], [-0.84486, 48.74973], [-0.84926, 48.74844], [-0.85013, 48.74711], [-0.85209, 48.74575], [-0.85127, 48.74127], [-0.85114, 48.73507], [-0.85044, 48.73468], [-0.85088, 48.73219], [-0.84922, 48.73076], [-0.84644, 48.7306], [-0.84664, 48.72943], [-0.84311, 48.72894], [-0.83777, 48.72918], [-0.8368, 48.72791], [-0.83492, 48.72733], [-0.83297, 48.7276], [-0.83282, 48.72941], [-0.82979, 48.7312], [-0.83038, 48.73271], [-0.82846, 48.73358], [-0.82552, 48.73321], [-0.82044, 48.7315], [-0.81775, 48.73109], [-0.81585, 48.72912], [-0.80988, 48.72581], [-0.80773, 48.72542], [-0.8053, 48.72144], [-0.80631, 48.71911], [-0.80369, 48.71834], [-0.80317, 48.71665], [-0.80456, 48.71503], [-0.80449, 48.71386], [-0.80224, 48.71383], [-0.79883, 48.7124], [-0.79896, 48.71019], [-0.79462, 48.70819], [-0.79419, 48.70689], [-0.79035, 48.70407], [-0.78536, 48.70389], [-0.78126, 48.70234], [-0.77867, 48.70224], [-0.77869, 48.70139], [-0.77193, 48.69877], [-0.77155, 48.69703], [-0.76932, 48.69507], [-0.7648, 48.69357], [-0.76398, 48.69238], [-0.75932, 48.69188], [-0.7581, 48.69075], [-0.75555, 48.69013], [-0.74719, 48.69022], [-0.74324, 48.69011], [-0.74186, 48.68735], [-0.73644, 48.6866], [-0.73474, 48.68552], [-0.73564, 48.68464], [-0.73572, 48.68154], [-0.73627, 48.6795], [-0.73838, 48.67953], [-0.74077, 48.68085], [-0.74329, 48.68093], [-0.74554, 48.67892], [-0.74553, 48.67632], [-0.75143, 48.67517], [-0.75433, 48.67374], [-0.75492, 48.67457], [-0.75749, 48.67298], [-0.75948, 48.67023], [-0.75853, 48.66921], [-0.75999, 48.66428], [-0.76122, 48.6633], [-0.76611, 48.66204], [-0.76661, 48.66126], [-0.77107, 48.65897], [-0.77336, 48.65748], [-0.77282, 48.65331], [-0.77074, 48.64918], [-0.77096, 48.64728], [-0.7702, 48.64492], [-0.76868, 48.64338], [-0.76643, 48.64214], [-0.76454, 48.64012], [-0.76216, 48.6368], [-0.76262, 48.63536], [-0.76407, 48.63375], [-0.76208, 48.63101], [-0.75524, 48.62926], [-0.74721, 48.62771], [-0.74221, 48.62727], [-0.74113, 48.62626], [-0.73874, 48.62259], [-0.74135, 48.6209], [-0.75026, 48.62224], [-0.75242, 48.62214], [-0.75349, 48.62075], [-0.75355, 48.61832], [-0.75171, 48.61832], [-0.7523, 48.6157], [-0.75066, 48.6134], [-0.75034, 48.6104], [-0.75148, 48.6069], [-0.75195, 48.60356], [-0.75174, 48.60132], [-0.75461, 48.59827], [-0.75611, 48.59818], [-0.75826, 48.59475], [-0.76044, 48.59478], [-0.76193, 48.59379], [-0.76572, 48.59251], [-0.76673, 48.59123], [-0.76962, 48.58994], [-0.77036, 48.58866], [-0.76932, 48.58707], [-0.76939, 48.58392], [-0.7703, 48.58114], [-0.77349, 48.57904], [-0.77457, 48.57779], [-0.7741, 48.57568], [-0.77622, 48.57365], [-0.77399, 48.57303], [-0.77347, 48.57097], [-0.77317, 48.56729], [-0.77417, 48.56268], [-0.77665, 48.5622], [-0.77927, 48.55844], [-0.78584, 48.55606], [-0.78782, 48.55438], [-0.79016, 48.5517], [-0.79374, 48.55039], [-0.79826, 48.55], [-0.8059, 48.55077], [-0.80604, 48.54969], [-0.80891, 48.54787], [-0.80809, 48.54693], [-0.81341, 48.54535], [-0.8145, 48.5432], [-0.81691, 48.54143], [-0.8176, 48.53978], [-0.82105, 48.53627], [-0.82675, 48.53431], [-0.82577, 48.53271], [-0.82695, 48.53223], [-0.82713, 48.53053], [-0.83003, 48.53034], [-0.83091, 48.5292], [-0.83324, 48.52868], [-0.83698, 48.52696], [-0.83934, 48.52546], [-0.84702, 48.52155], [-0.85051, 48.51803], [-0.85276, 48.51495], [-0.85541, 48.51209], [-0.85649, 48.51182], [-0.85602, 48.50874], [-0.85642, 48.50553], [-0.86048, 48.50231], [-0.86036, 48.50146], [-0.86317, 48.50093], [-0.86478, 48.49959], [-0.8697, 48.49818], [-0.87209, 48.49843], [-0.8738, 48.49996], [-0.87647, 48.49929], [-0.88141, 48.49925], [-0.88395, 48.49764], [-0.88808, 48.49762], [-0.8926, 48.49623], [-0.89425, 48.49461], [-0.89603, 48.49486], [-0.89892, 48.49758], [-0.90007, 48.49754], [-0.9047, 48.49601], [-0.90915, 48.4967], [-0.91053, 48.49923], [-0.91631, 48.49964], [-0.91847, 48.50039], [-0.92271, 48.50332], [-0.92336, 48.50579], [-0.92265, 48.50761], [-0.92055, 48.50956], [-0.92235, 48.51113], [-0.92331, 48.51345], [-0.92838, 48.51339], [-0.93371, 48.51503], [-0.93899, 48.51511], [-0.94325, 48.51489], [-0.94505, 48.5143], [-0.94714, 48.51442], [-0.95214, 48.51698], [-0.9554, 48.51729], [-0.95806, 48.51536], [-0.96257, 48.5132], [-0.96425, 48.51082], [-0.96196, 48.50692], [-0.96213, 48.50421], [-0.96438, 48.50253], [-0.96528, 48.50079], [-0.96667, 48.50034], [-0.96963, 48.50098], [-0.97144, 48.5007], [-0.97141, 48.49729], [-0.97085, 48.49586], [-0.97225, 48.4946], [-0.9763, 48.49332], [-0.97788, 48.4935], [-0.98271, 48.4929], [-0.98575, 48.49381], [-0.98974, 48.49382], [-0.99292, 48.49274], [-0.99634, 48.49218], [-0.99929, 48.48958], [-1.004, 48.48917], [-1.00563, 48.49043], [-1.00753, 48.49047], [-1.0092, 48.49217], [-1.01266, 48.49328], [-1.0145, 48.49345], [-1.01755, 48.49232], [-1.01757, 48.49471], [-1.02058, 48.4953], [-1.02318, 48.49878], [-1.02673, 48.49808], [-1.02693, 48.49911], [-1.03047, 48.50126], [-1.03592, 48.50182], [-1.03762, 48.50375], [-1.03798, 48.50536], [-1.03939, 48.50604], [-1.04485, 48.50583], [-1.0481, 48.50772], [-1.04803, 48.50857], [-1.04981, 48.51], [-1.05302, 48.50922], [-1.05449, 48.51004], [-1.05534, 48.51249], [-1.05656, 48.51345], [-1.06044, 48.51494], [-1.0631, 48.51325], [-1.06172, 48.51055], [-1.06425, 48.50998], [-1.06597, 48.51055], [-1.06833, 48.51017], [-1.07016, 48.50849], [-1.07277, 48.50796], [-1.07725, 48.50891], [-1.08194, 48.5112], [-1.08353, 48.51072], [-1.08611, 48.51103], [-1.09116, 48.51042], [-1.09637, 48.51134], [-1.09832, 48.51295], [-1.10373, 48.51301], [-1.10737, 48.51551], [-1.11334, 48.5174], [-1.11502, 48.51834], [-1.11632, 48.52154], [-1.11986, 48.52175], [-1.12393, 48.52073], [-1.12965, 48.52118], [-1.12975, 48.52176], [-1.13378, 48.52214], [-1.13974, 48.51845], [-1.14708, 48.5175], [-1.15138, 48.51908], [-1.15409, 48.51904], [-1.15648, 48.52039], [-1.15751, 48.52235], [-1.16014, 48.52425], [-1.16196, 48.52424], [-1.16302, 48.52772], [-1.16991, 48.5311], [-1.17377, 48.53022], [-1.17738, 48.53043], [-1.18086, 48.52982], [-1.18278, 48.52814], [-1.1867, 48.52905], [-1.19025, 48.52845], [-1.19286, 48.52891], [-1.19546, 48.53126], [-1.19891, 48.5321], [-1.19892, 48.53601], [-1.20122, 48.53693], [-1.20183, 48.53881], [-1.20418, 48.54134], [-1.20689, 48.54219], [-1.20614, 48.54042], [-1.20638, 48.53883], [-1.20792, 48.53856], [-1.21061, 48.53934], [-1.21393, 48.53932], [-1.2175, 48.53691], [-1.22054, 48.53799], [-1.22204, 48.53903], [-1.22469, 48.53817], [-1.22526, 48.53739], [-1.22936, 48.53794], [-1.23121, 48.53743], [-1.23351, 48.53817], [-1.23871, 48.53782], [-1.24301, 48.54016], [-1.2466, 48.54027], [-1.24708, 48.54125], [-1.24924, 48.54186], [-1.24901, 48.54366], [-1.25427, 48.54327], [-1.25953, 48.54077], [-1.26233, 48.54027], [-1.26613, 48.53753], [-1.27225, 48.53392], [-1.27246, 48.53302], [-1.27083, 48.53217], [-1.2686, 48.52945], [-1.26936, 48.527], [-1.26957, 48.52406], [-1.27085, 48.52213], [-1.27311, 48.52058], [-1.27469, 48.5171], [-1.27761, 48.51539], [-1.277, 48.51433], [-1.27816, 48.51164], [-1.27812, 48.51011], [-1.27976, 48.50861], [-1.28244, 48.50826], [-1.28439, 48.50869], [-1.28596, 48.50981], [-1.28763, 48.50953], [-1.28825, 48.50699], [-1.29016, 48.50712], [-1.29306, 48.5062], [-1.29514, 48.50488], [-1.29642, 48.50282], [-1.29767, 48.50214], [-1.29865, 48.50012], [-1.30068, 48.49899], [-1.30562, 48.49901], [-1.30956, 48.4982], [-1.31228, 48.49834], [-1.31733, 48.49592], [-1.32181, 48.49979], [-1.32311, 48.49911], [-1.32633, 48.49874], [-1.32751, 48.49812], [-1.32897, 48.49586], [-1.32782, 48.49402], [-1.32873, 48.49267], [-1.3313, 48.49264], [-1.33129, 48.49156], [-1.32894, 48.48632], [-1.33041, 48.48596], [-1.33211, 48.48884], [-1.33721, 48.49115], [-1.33936, 48.49094], [-1.34176, 48.48852], [-1.34384, 48.48719], [-1.34554, 48.48376], [-1.34839, 48.48277], [-1.34939, 48.4817], [-1.34891, 48.47973], [-1.34714, 48.47682], [-1.34569, 48.47556], [-1.34469, 48.47307], [-1.34635, 48.47167], [-1.35057, 48.47117], [-1.35393, 48.46783], [-1.3573, 48.4669], [-1.36125, 48.4679], [-1.36279, 48.46694], [-1.36505, 48.46643], [-1.36784, 48.46201], [-1.36975, 48.46055], [-1.37575, 48.45919], [-1.37837, 48.45794], [-1.37987, 48.45608], [-1.38511, 48.45758], [-1.38742, 48.45767], [-1.38858, 48.45877], [-1.3922, 48.46104], [-1.39558, 48.46097], [-1.39762, 48.46198], [-1.39939, 48.46116], [-1.40435, 48.46153], [-1.40744, 48.46021], [-1.41092, 48.46064], [-1.41365, 48.46167], [-1.41501, 48.4628], [-1.41905, 48.4615], [-1.41972, 48.46043], [-1.42291, 48.46073], [-1.42569, 48.46173], [-1.42795, 48.46192], [-1.4295, 48.46299], [-1.4304, 48.46503], [-1.43418, 48.46661], [-1.43583, 48.46769], [-1.43688, 48.46922], [-1.44035, 48.47114], [-1.44036, 48.47226], [-1.43514, 48.47743], [-1.43713, 48.47886], [-1.44016, 48.48024], [-1.44146, 48.48132], [-1.44174, 48.48343], [-1.44357, 48.48425], [-1.44518, 48.48404], [-1.44888, 48.48558], [-1.45026, 48.4876], [-1.45386, 48.48779], [-1.45767, 48.48533], [-1.45898, 48.48487], [-1.46186, 48.48541], [-1.46426, 48.4875], [-1.46709, 48.48807], [-1.47319, 48.48539], [-1.47758, 48.4861], [-1.47933, 48.48716], [-1.48189, 48.48676], [-1.48332, 48.48856], [-1.48377, 48.49102], [-1.48525, 48.49093], [-1.48995, 48.48937], [-1.49097, 48.49213], [-1.48957, 48.49334], [-1.49044, 48.49412], [-1.48999, 48.49621], [-1.49142, 48.49707], [-1.49199, 48.49844], [-1.49375, 48.50023], [-1.49396, 48.50198], [-1.49564, 48.50449], [-1.4952, 48.50689], [-1.49725, 48.50862], [-1.49814, 48.51066], [-1.49969, 48.51132], [-1.50088, 48.51358], [-1.50312, 48.51634], [-1.50474, 48.51525], [-1.50577, 48.51729], [-1.50404, 48.51861], [-1.50704, 48.51963], [-1.50797, 48.52289], [-1.5098, 48.52287], [-1.51149, 48.52371], [-1.51227, 48.52504], [-1.51067, 48.52649], [-1.51399, 48.52808], [-1.51531, 48.53029], [-1.51778, 48.52984], [-1.51663, 48.53236], [-1.51836, 48.53293], [-1.5189, 48.53467], [-1.5159, 48.53792], [-1.52044, 48.53867], [-1.52025, 48.5399], [-1.52214, 48.5415], [-1.52657, 48.5427], [-1.52974, 48.54416], [-1.52941, 48.54606], [-1.53101, 48.54664], [-1.53269, 48.54631], [-1.53449, 48.55031], [-1.53308, 48.55332], [-1.53001, 48.55393], [-1.52948, 48.55484], [-1.52629, 48.55656], [-1.5294, 48.55993], [-1.52861, 48.56108], [-1.52671, 48.56205], [-1.52421, 48.56218], [-1.52415, 48.56326], [-1.52654, 48.56328], [-1.52739, 48.56473], [-1.52666, 48.56574], [-1.52452, 48.56536], [-1.52396, 48.56417], [-1.5217, 48.56475], [-1.51892, 48.56659], [-1.52193, 48.56964], [-1.52287, 48.57118], [-1.52666, 48.57353], [-1.5281, 48.57636], [-1.52775, 48.57907], [-1.52927, 48.57947], [-1.53165, 48.58124], [-1.53369, 48.58118], [-1.53552, 48.5803], [-1.53885, 48.57947], [-1.54102, 48.57943], [-1.54299, 48.58044], [-1.54402, 48.58739], [-1.54224, 48.59002], [-1.53722, 48.59875], [-1.53795, 48.59949], [-1.54708, 48.60152], [-1.54624, 48.60393], [-1.54446, 48.60624], [-1.55466, 48.60923], [-1.55455, 48.6095], [-1.56511, 48.61439], [-1.56607, 48.61428], [-1.56575, 48.62001], [-1.56818, 48.62411], [-1.57109, 48.62645], [-1.56325, 48.62775], [-1.54354, 48.63121], [-1.54225, 48.63117], [-1.52813, 48.62948], [-1.51865, 48.62724], [-1.51565, 48.61825], [-1.51223, 48.61787], [-1.51274, 48.61312], [-1.51194, 48.61321], [-1.51094, 48.61877], [-1.50248, 48.61923], [-1.49545, 48.62047], [-1.49008, 48.61767], [-1.48765, 48.61978], [-1.48362, 48.62032], [-1.48059, 48.61971], [-1.47864, 48.61824], [-1.47241, 48.6202], [-1.46341, 48.62241], [-1.45428, 48.62572], [-1.45363, 48.62421], [-1.45204, 48.62287], [-1.44869, 48.62348], [-1.44547, 48.62677], [-1.441, 48.62863], [-1.43906, 48.62988], [-1.43659, 48.63063], [-1.43308, 48.6326], [-1.43135, 48.634], [-1.42931, 48.63488], [-1.42553, 48.63793], [-1.42896, 48.64021], [-1.42889, 48.64107], [-1.42693, 48.64202], [-1.42648, 48.6433], [-1.42493, 48.64358], [-1.42141, 48.64185], [-1.42088, 48.63926], [-1.41826, 48.63988], [-1.41459, 48.63964], [-1.41352, 48.64166], [-1.40934, 48.64302], [-1.40756, 48.64271], [-1.40408, 48.6435], [-1.40242, 48.64319], [-1.39802, 48.64149], [-1.39541, 48.64392], [-1.39104, 48.64465], [-1.38835, 48.64397], [-1.38394, 48.64038], [-1.38237, 48.64026], [-1.3775, 48.64249], [-1.37404, 48.64237], [-1.36786, 48.64059], [-1.3666, 48.6364], [-1.36498, 48.63488], [-1.36289, 48.63413], [-1.35955, 48.63393], [-1.35466, 48.63201], [-1.35175, 48.63122], [-1.35332, 48.63341], [-1.35742, 48.63548], [-1.36123, 48.64112], [-1.36384, 48.64671], [-1.36569, 48.6471], [-1.36889, 48.64632], [-1.37328, 48.64685], [-1.3778, 48.65098], [-1.37987, 48.6515], [-1.38438, 48.65171], [-1.38734, 48.65134], [-1.39037, 48.65011], [-1.3932, 48.65052], [-1.3987, 48.65417], [-1.39961, 48.65553], [-1.40089, 48.65892], [-1.39975, 48.66188], [-1.39842, 48.66409], [-1.39517, 48.66693], [-1.38994, 48.6699], [-1.38714, 48.67251], [-1.38647, 48.67519], [-1.38361, 48.67974], [-1.38112, 48.68265], [-1.37599, 48.68507], [-1.37418, 48.68829], [-1.37611, 48.69039], [-1.37881, 48.69016], [-1.37889, 48.6893], [-1.37665, 48.68834], [-1.37683, 48.68631], [-1.37996, 48.68643], [-1.38515, 48.68293], [-1.38727, 48.68232], [-1.3885, 48.68062], [-1.39031, 48.67925], [-1.39337, 48.67838], [-1.39872, 48.67631], [-1.40119, 48.67398], [-1.40669, 48.67308], [-1.41279, 48.6709], [-1.41859, 48.67026], [-1.42268, 48.66859], [-1.42447, 48.66619], [-1.4295, 48.66706], [-1.43243, 48.66639], [-1.43601, 48.66329], [-1.43713, 48.65938], [-1.4395, 48.65547], [-1.44184, 48.6559], [-1.44577, 48.65477], [-1.44717, 48.65739], [-1.44664, 48.66285], [-1.44727, 48.66593], [-1.44929, 48.67], [-1.45244, 48.67116], [-1.4574, 48.67365], [-1.46089, 48.67403], [-1.46332, 48.67381], [-1.46811, 48.67878], [-1.47197, 48.68114], [-1.47548, 48.68174], [-1.47839, 48.6834], [-1.48384, 48.68533], [-1.48583, 48.68639], [-1.48987, 48.68585], [-1.49696, 48.68367], [-1.49929, 48.68449], [-1.50195, 48.68656], [-1.50494, 48.6874], [-1.50817, 48.69117], [-1.50988, 48.69575], [-1.50975, 48.69765], [-1.51048, 48.70014], [-1.51327, 48.70459], [-1.51539, 48.7047], [-1.51582, 48.70856], [-1.51719, 48.71041], [-1.517, 48.71222], [-1.51763, 48.71499], [-1.51987, 48.71779], [-1.52053, 48.71926], [-1.52317, 48.72253], [-1.52566, 48.72393], [-1.52646, 48.72711], [-1.52928, 48.73012], [-1.53324, 48.73138], [-1.53609, 48.73129], [-1.54034, 48.73163], [-1.54369, 48.73251], [-1.54876, 48.73306], [-1.55068, 48.73241], [-1.55272, 48.73243], [-1.55603, 48.73456], [-1.56018, 48.73547], [-1.56426, 48.73807], [-1.56634, 48.74115], [-1.56921, 48.74217], [-1.57101, 48.74422], [-1.57286, 48.7479], [-1.57365, 48.75098], [-1.57472, 48.75341], [-1.57417, 48.75579], [-1.57261, 48.75777], [-1.57035, 48.76882], [-1.57, 48.77897], [-1.56948, 48.77992], [-1.56935, 48.78823], [-1.57005, 48.79802], [-1.56935, 48.80295], [-1.56782, 48.80264], [-1.56863, 48.80594], [-1.57191, 48.80777], [-1.57214, 48.8124], [-1.57303, 48.81507], [-1.57294, 48.81732], [-1.57444, 48.82168], [-1.57581, 48.82343], [-1.57857, 48.8256], [-1.58268, 48.82599], [-1.58348, 48.82926], [-1.5868, 48.83144], [-1.59087, 48.83111], [-1.59083, 48.83261], [-1.59226, 48.83409], [-1.59401, 48.83474], [-1.60179, 48.8365], [-1.6073, 48.8346], [-1.60847, 48.83299], [-1.61168, 48.83287], [-1.61443, 48.83422], [-1.61208, 48.83556], [-1.61077, 48.83701], [-1.60569, 48.83745], [-1.60171, 48.83966], [-1.59917, 48.83952], [-1.59692, 48.84032], [-1.59582, 48.84189], [-1.59269, 48.84388], [-1.59197, 48.84516], [-1.58994, 48.84542], [-1.58717, 48.84646], [-1.58484, 48.84893], [-1.58159, 48.8544], [-1.57796, 48.86204], [-1.57638, 48.86623], [-1.57159, 48.88698], [-1.57139, 48.88969], [-1.57028, 48.89463], [-1.5689, 48.90315], [-1.56834, 48.90379], [-1.56721, 48.90775], [-1.56601, 48.91414], [-1.56485, 48.91849], [-1.56434, 48.92158], [-1.56265, 48.92613], [-1.55671, 48.93229], [-1.55324, 48.93421], [-1.55207, 48.93411], [-1.55121, 48.9318], [-1.55306, 48.9302], [-1.55542, 48.93053], [-1.55731, 48.92947], [-1.55839, 48.92758], [-1.55935, 48.92422], [-1.55689, 48.92237], [-1.55899, 48.92118], [-1.56064, 48.91783], [-1.56063, 48.91333], [-1.5592, 48.9119], [-1.55953, 48.9099], [-1.55673, 48.90631], [-1.55594, 48.90418], [-1.55688, 48.90301], [-1.55664, 48.90166], [-1.55411, 48.90014], [-1.55452, 48.89391], [-1.55177, 48.89351], [-1.55049, 48.89468], [-1.54993, 48.89636], [-1.55184, 48.89887], [-1.55138, 48.90176], [-1.55167, 48.90382], [-1.55013, 48.90509], [-1.55161, 48.90634], [-1.55155, 48.90833], [-1.55077, 48.91128], [-1.54923, 48.91183], [-1.5488, 48.91428], [-1.54845, 48.92005], [-1.54712, 48.9223], [-1.54856, 48.92509], [-1.54729, 48.9263], [-1.5447, 48.92991], [-1.54342, 48.93103], [-1.54531, 48.93686], [-1.54696, 48.93865], [-1.54954, 48.94019], [-1.55331, 48.94127], [-1.55556, 48.94119], [-1.55924, 48.93819], [-1.56095, 48.93912], [-1.56211, 48.94102], [-1.56251, 48.94528], [-1.56234, 48.94731], [-1.56134, 48.94946], [-1.56176, 48.95035], [-1.56179, 48.96476], [-1.56148, 48.97039], [-1.56256, 48.97099], [-1.56203, 48.98163], [-1.56091, 48.9846], [-1.55938, 48.98712], [-1.55898, 48.99169], [-1.55969, 48.99364], [-1.55967, 48.99684], [-1.56071, 49.00148], [-1.55941, 49.00212], [-1.55911, 48.99676], [-1.55776, 48.99789], [-1.5576, 49.00006], [-1.55533, 49], [-1.55551, 48.99801], [-1.55408, 48.99806], [-1.55153, 48.99163], [-1.55096, 48.9889], [-1.55225, 48.98776], [-1.55224, 48.98602], [-1.54977, 48.98687], [-1.5489, 48.98788], [-1.54826, 48.9902], [-1.54971, 48.99479], [-1.551, 48.99614], [-1.55171, 49.00004], [-1.55079, 49.00146], [-1.55079, 49.00326], [-1.55369, 49.00699], [-1.55719, 49.01075], [-1.55564, 49.01439], [-1.55462, 49.01548], [-1.55528, 49.02206], [-1.55416, 49.02439], [-1.55675, 49.02499], [-1.55681, 49.02665], [-1.55356, 49.02704], [-1.54687, 49.03014], [-1.54461, 49.02999], [-1.54357, 49.03165], [-1.54103, 49.03245], [-1.5398, 49.03417], [-1.53452, 49.03406], [-1.53185, 49.03322], [-1.52866, 49.03098], [-1.52723, 49.02919], [-1.52497, 49.02764], [-1.51996, 49.02637], [-1.51666, 49.02454], [-1.5135, 49.02344], [-1.50977, 49.02135], [-1.50876, 49.01909], [-1.50674, 49.01848], [-1.50553, 49.02037], [-1.50649, 49.02146], [-1.50641, 49.02458], [-1.50854, 49.02658], [-1.51129, 49.02755], [-1.5144, 49.02989], [-1.51837, 49.03142], [-1.51903, 49.03206], [-1.52476, 49.0335], [-1.52659, 49.03524], [-1.53146, 49.03696], [-1.53318, 49.03799], [-1.53718, 49.03915], [-1.54256, 49.04132], [-1.54306, 49.03991], [-1.5471, 49.0373], [-1.55063, 49.03789], [-1.55371, 49.03688], [-1.55819, 49.03637], [-1.56013, 49.03671], [-1.56117, 49.03586], [-1.56433, 49.03504], [-1.56946, 49.03171], [-1.57102, 49.02963], [-1.56982, 49.0276], [-1.57059, 49.026], [-1.57291, 49.02327], [-1.57703, 49.02001], [-1.57505, 49.01932], [-1.57834, 49.01574], [-1.57873, 49.01465], [-1.57771, 49.01302], [-1.57817, 49.01101], [-1.57611, 49.011], [-1.57492, 49.00901], [-1.57521, 49.00477], [-1.57653, 49.00328], [-1.57459, 49.00285], [-1.57439, 49.00142], [-1.57623, 49.00041], [-1.58162, 49.0027], [-1.58592, 49.00783], [-1.58923, 49.01509], [-1.59379, 49.0225], [-1.59516, 49.02601], [-1.59632, 49.03016], [-1.59888, 49.03737], [-1.6001, 49.0416], [-1.60076, 49.04567], [-1.60209, 49.051], [-1.60178, 49.0533], [-1.60062, 49.05329], [-1.60102, 49.05562], [-1.60009, 49.05601], [-1.5981, 49.05856], [-1.59789, 49.06527], [-1.59654, 49.06739], [-1.60187, 49.06981], [-1.60102, 49.07124], [-1.59732, 49.07294], [-1.59915, 49.07518], [-1.60235, 49.07593], [-1.60295, 49.0782], [-1.60713, 49.07828], [-1.60894, 49.08277], [-1.60974, 49.08251], [-1.60922, 49.07695], [-1.60827, 49.07518], [-1.60988, 49.07391], [-1.61023, 49.08182], [-1.61015, 49.08759], [-1.61043, 49.09293], [-1.60996, 49.09912], [-1.60883, 49.1056], [-1.60694, 49.11003], [-1.60258, 49.11563], [-1.59998, 49.11851], [-1.5981, 49.12236], [-1.59765, 49.12439], [-1.59475, 49.13193], [-1.59214, 49.13373], [-1.58942, 49.13044], [-1.58436, 49.1316], [-1.58107, 49.13167], [-1.58219, 49.13357], [-1.58602, 49.13533], [-1.58676, 49.13765], [-1.58629, 49.13951], [-1.58863, 49.13952], [-1.58989, 49.13813], [-1.59131, 49.13786], [-1.5926, 49.136], [-1.59417, 49.13991], [-1.59583, 49.14283], [-1.59668, 49.14676], [-1.59679, 49.15248], [-1.59722, 49.15354], [-1.59771, 49.16136], [-1.59819, 49.16482], [-1.59898, 49.16686], [-1.59871, 49.16974], [-1.60067, 49.17274], [-1.60181, 49.18094], [-1.60338, 49.18683], [-1.60411, 49.18828], [-1.60732, 49.19665], [-1.60688, 49.19788], [-1.6069, 49.20089], [-1.60515, 49.20374], [-1.60535, 49.20558], [-1.60684, 49.20953], [-1.60975, 49.2139], [-1.61354, 49.21683], [-1.61363, 49.21876], [-1.61166, 49.219], [-1.61137, 49.21789], [-1.60827, 49.21872], [-1.60597, 49.21844], [-1.60465, 49.21726], [-1.59894, 49.21724], [-1.59499, 49.21863], [-1.5902, 49.21974], [-1.58646, 49.22032], [-1.57964, 49.22263], [-1.57493, 49.2231], [-1.56998, 49.22133], [-1.56856, 49.22164], [-1.57008, 49.2234], [-1.57347, 49.22455], [-1.57569, 49.22573], [-1.57728, 49.22757], [-1.57978, 49.22874], [-1.58399, 49.23143], [-1.58637, 49.23388], [-1.58784, 49.23324], [-1.59204, 49.23332], [-1.59433, 49.23261], [-1.60278, 49.23182], [-1.60892, 49.23207], [-1.60919, 49.23273], [-1.61225, 49.23425], [-1.61321, 49.23665], [-1.61469, 49.23795], [-1.6149, 49.23366], [-1.617, 49.23161], [-1.62506, 49.22507], [-1.62582, 49.22329], [-1.62592, 49.21951], [-1.62523, 49.21849], [-1.62478, 49.21383], [-1.62256, 49.21094], [-1.62552, 49.21006], [-1.62964, 49.21267], [-1.63338, 49.21556], [-1.63612, 49.21808], [-1.64004, 49.22073], [-1.64738, 49.22989], [-1.64913, 49.23266], [-1.6497, 49.23471], [-1.65098, 49.2361], [-1.65416, 49.24145], [-1.65629, 49.24646], [-1.65652, 49.24767], [-1.65956, 49.25634], [-1.66128, 49.25971], [-1.66515, 49.26587], [-1.6676, 49.26871], [-1.6769, 49.27826], [-1.67821, 49.28014], [-1.67839, 49.28207], [-1.67676, 49.2851], [-1.67618, 49.28198], [-1.67465, 49.28013], [-1.67149, 49.28028], [-1.6682, 49.27965], [-1.66577, 49.28188], [-1.66462, 49.2821], [-1.66167, 49.28139], [-1.65995, 49.2788], [-1.65643, 49.27888], [-1.65736, 49.28182], [-1.66158, 49.28369], [-1.6652, 49.28681], [-1.66686, 49.28689], [-1.67052, 49.28442], [-1.67256, 49.28507], [-1.67411, 49.28713], [-1.67526, 49.28772], [-1.6831, 49.28762], [-1.6853, 49.2885], [-1.68775, 49.29062], [-1.6903, 49.29395], [-1.69351, 49.29879], [-1.69687, 49.30273], [-1.69995, 49.30847], [-1.70309, 49.31313], [-1.70507, 49.31549], [-1.70544, 49.31665], [-1.70808, 49.31991], [-1.70898, 49.32193], [-1.71117, 49.3251], [-1.71083, 49.32609], [-1.70891, 49.32693], [-1.70709, 49.32664], [-1.70496, 49.32495], [-1.70129, 49.32392], [-1.69784, 49.32453], [-1.69134, 49.32783], [-1.68739, 49.3275], [-1.68541, 49.32938], [-1.67792, 49.32963], [-1.67617, 49.32933], [-1.67417, 49.33022], [-1.6746, 49.33201], [-1.67751, 49.33132], [-1.68059, 49.33112], [-1.68392, 49.33042], [-1.68679, 49.33037], [-1.69012, 49.32962], [-1.69239, 49.32981], [-1.69531, 49.33079], [-1.69965, 49.33415], [-1.70189, 49.332], [-1.70401, 49.33093], [-1.70772, 49.32841], [-1.71005, 49.32842], [-1.7131, 49.32936], [-1.71575, 49.32881], [-1.71722, 49.32921], [-1.71846, 49.32759], [-1.71781, 49.32558], [-1.71942, 49.32498], [-1.72479, 49.32745], [-1.73321, 49.33499], [-1.73606, 49.33872], [-1.7403, 49.34326], [-1.74669, 49.34893], [-1.75003, 49.35092], [-1.75431, 49.35433], [-1.75832, 49.35783], [-1.75991, 49.35958], [-1.76472, 49.36356], [-1.76923, 49.3664], [-1.77137, 49.367], [-1.77707, 49.37095], [-1.7805, 49.3724], [-1.78353, 49.3732], [-1.7871, 49.37459], [-1.78625, 49.37593], [-1.78453, 49.37599], [-1.77798, 49.37361], [-1.77518, 49.37479], [-1.766, 49.37138], [-1.76303, 49.3705], [-1.75692, 49.36819], [-1.75587, 49.36896], [-1.75627, 49.37119], [-1.75865, 49.37336], [-1.76422, 49.37302], [-1.76992, 49.37516], [-1.77054, 49.37604], [-1.77004, 49.3784], [-1.77155, 49.38002], [-1.77777, 49.37933], [-1.78103, 49.37791], [-1.78424, 49.37766], [-1.78728, 49.37589], [-1.78849, 49.37467], [-1.78947, 49.36923], [-1.79087, 49.36946], [-1.79287, 49.37105], [-1.79616, 49.37251], [-1.79818, 49.3727], [-1.80003, 49.37178], [-1.80916, 49.3721], [-1.80904, 49.37551], [-1.81312, 49.3805], [-1.81556, 49.38406], [-1.81727, 49.38715], [-1.81983, 49.39048], [-1.82126, 49.39521], [-1.82278, 49.3984], [-1.82366, 49.40147], [-1.823, 49.41009], [-1.82317, 49.41365], [-1.82284, 49.41788], [-1.82299, 49.42383], [-1.82264, 49.4279], [-1.82341, 49.43773], [-1.82335, 49.43953], [-1.82462, 49.44539], [-1.82556, 49.44764], [-1.82677, 49.45292], [-1.83073, 49.46048], [-1.83484, 49.46663], [-1.83967, 49.47155], [-1.84101, 49.47091], [-1.84461, 49.47096], [-1.84542, 49.47327], [-1.84775, 49.47373], [-1.84494, 49.47658], [-1.84525, 49.48332], [-1.84483, 49.48649], [-1.84537, 49.49287], [-1.84641, 49.49863], [-1.84817, 49.50375], [-1.85089, 49.50883], [-1.85195, 49.51001], [-1.85388, 49.51075], [-1.86162, 49.51231], [-1.86451, 49.51203], [-1.86867, 49.51237], [-1.87157, 49.51303], [-1.87304, 49.5141], [-1.8756, 49.51496], [-1.87608, 49.51642], [-1.87742, 49.51665], [-1.88193, 49.51931], [-1.88215, 49.5203], [-1.884, 49.52158], [-1.88428, 49.52329], [-1.88661, 49.52635], [-1.88568, 49.52814], [-1.88548, 49.52999], [-1.88647, 49.53338], [-1.88516, 49.53505], [-1.88534, 49.53634], [-1.88784, 49.53563], [-1.88529, 49.5414], [-1.88305, 49.54183], [-1.87639, 49.54496], [-1.87225, 49.54583], [-1.87125, 49.54709], [-1.86873, 49.54844], [-1.86588, 49.54917], [-1.86442, 49.55062], [-1.85992, 49.55066], [-1.85792, 49.55139], [-1.85735, 49.5538], [-1.85454, 49.55634], [-1.85341, 49.5611], [-1.85089, 49.56233], [-1.85043, 49.56355], [-1.84692, 49.56367], [-1.84401, 49.56693], [-1.84276, 49.57103], [-1.84103, 49.57173], [-1.84126, 49.57452], [-1.839, 49.5764], [-1.84149, 49.57887], [-1.84193, 49.58147], [-1.84157, 49.58536], [-1.84209, 49.5897], [-1.8419, 49.59097], [-1.84238, 49.59487], [-1.84237, 49.60365], [-1.84514, 49.61909], [-1.84584, 49.62154], [-1.85004, 49.63264], [-1.85244, 49.63788], [-1.85501, 49.64282], [-1.8603, 49.65019], [-1.86409, 49.65172], [-1.86687, 49.65414], [-1.87065, 49.65607], [-1.87235, 49.65732], [-1.87594, 49.65872], [-1.8792, 49.65883], [-1.88159, 49.65821], [-1.88444, 49.65923], [-1.8873, 49.65935], [-1.89041, 49.66171], [-1.8911, 49.66317], [-1.89284, 49.66406], [-1.89533, 49.66406], [-1.8962, 49.66533], [-1.89877, 49.66618], [-1.90217, 49.66601], [-1.90647, 49.66697], [-1.90907, 49.66567], [-1.91258, 49.66531], [-1.91782, 49.66579], [-1.92517, 49.66886], [-1.92874, 49.66931], [-1.92913, 49.67204], [-1.9334, 49.67247], [-1.93486, 49.67183], [-1.9382, 49.67257], [-1.93972, 49.67094], [-1.94121, 49.67146], [-1.93966, 49.67364], [-1.94131, 49.67493], [-1.9448, 49.6744], [-1.94689, 49.67454], [-1.94694, 49.67661], [-1.94619, 49.67835], [-1.94462, 49.68016], [-1.94107, 49.68161], [-1.94157, 49.68352], [-1.93896, 49.68362], [-1.93907, 49.68505], [-1.93628, 49.6879], [-1.93589, 49.6899], [-1.93644, 49.69376], [-1.93802, 49.69586], [-1.94033, 49.69709], [-1.94263, 49.69704], [-1.94428, 49.69779], [-1.94309, 49.69922], [-1.94535, 49.70198], [-1.94438, 49.70359], [-1.94695, 49.70441], [-1.94727, 49.70803], [-1.94704, 49.71021], [-1.94561, 49.71125], [-1.9435, 49.71412], [-1.94486, 49.71538], [-1.9464, 49.71464], [-1.94798, 49.71539], [-1.94808, 49.71723], [-1.94591, 49.71709], [-1.94447, 49.71903], [-1.94463, 49.72151], [-1.94341, 49.72411], [-1.9419, 49.72512], [-1.94219, 49.7261], [-1.93774, 49.72681], [-1.93552, 49.72621], [-1.93346, 49.72651], [-1.9301, 49.726], [-1.92609, 49.7271], [-1.9245, 49.72644], [-1.92207, 49.72647], [-1.92091, 49.7258], [-1.91746, 49.72525], [-1.91408, 49.72393], [-1.91149, 49.7239], [-1.91152, 49.72169], [-1.9083, 49.7214], [-1.9062, 49.72211], [-1.90338, 49.72072], [-1.90362, 49.71958], [-1.9003, 49.71886], [-1.89879, 49.71756], [-1.89523, 49.71571], [-1.89652, 49.71377], [-1.89655, 49.71156], [-1.89383, 49.70995], [-1.89185, 49.70943], [-1.89, 49.70825], [-1.88865, 49.7063], [-1.88291, 49.70571], [-1.87584, 49.70678], [-1.8712, 49.70853], [-1.87053, 49.70962], [-1.86568, 49.71277], [-1.86339, 49.71372], [-1.86266, 49.71486], [-1.85871, 49.71492], [-1.85871, 49.71658], [-1.85533, 49.71607], [-1.85333, 49.71633], [-1.85179, 49.7184], [-1.85013, 49.71706], [-1.85211, 49.71579], [-1.8521, 49.71484], [-1.85052, 49.7135], [-1.84821, 49.71246], [-1.84471, 49.71213], [-1.84289, 49.71283], [-1.83923, 49.71134], [-1.8377, 49.70959], [-1.83691, 49.70778], [-1.83556, 49.70656], [-1.83618, 49.70578], [-1.83568, 49.70399], [-1.83353, 49.70312], [-1.83139, 49.7032], [-1.8305, 49.70189], [-1.83181, 49.70094], [-1.83181, 49.69936], [-1.82841, 49.69858], [-1.82897, 49.69775], [-1.8271, 49.69278], [-1.82455, 49.69296], [-1.82511, 49.69158], [-1.82286, 49.69031], [-1.82089, 49.69083], [-1.8165, 49.68982], [-1.81524, 49.68887], [-1.80982, 49.68965], [-1.80606, 49.68786], [-1.80141, 49.68783], [-1.80028, 49.68855], [-1.79779, 49.68846], [-1.79306, 49.68674], [-1.79032, 49.68706], [-1.7851, 49.68541], [-1.78211, 49.68375], [-1.77819, 49.68245], [-1.77825, 49.68163], [-1.77535, 49.68157], [-1.77293, 49.68016], [-1.77034, 49.6807], [-1.76711, 49.68014], [-1.76064, 49.67825], [-1.75586, 49.67847], [-1.74278, 49.67803], [-1.73958, 49.67814], [-1.73537, 49.67748], [-1.729, 49.67756], [-1.72482, 49.67807], [-1.72157, 49.68008], [-1.71781, 49.67985], [-1.71149, 49.678], [-1.71167, 49.67619], [-1.70912, 49.67304], [-1.70444, 49.67086], [-1.7009, 49.66994], [-1.69636, 49.6697], [-1.69261, 49.67127], [-1.68928, 49.6722], [-1.68748, 49.67393], [-1.68394, 49.6722], [-1.68062, 49.67232], [-1.68047, 49.67034], [-1.67771, 49.6699], [-1.67833, 49.66898], [-1.68251, 49.66843], [-1.68403, 49.66743], [-1.68314, 49.66498], [-1.67968, 49.66172], [-1.67615, 49.65996], [-1.67242, 49.65765], [-1.66687, 49.65785], [-1.66434, 49.6582], [-1.65584, 49.65769], [-1.65191, 49.65647], [-1.64769, 49.6573], [-1.64598, 49.65843], [-1.64174, 49.65907], [-1.6385, 49.66022], [-1.63285, 49.66065], [-1.61545, 49.65818], [-1.61668, 49.65795], [-1.62937, 49.65968], [-1.63124, 49.65367], [-1.63075, 49.65202], [-1.62824, 49.64995], [-1.62586, 49.64895], [-1.62346, 49.64452], [-1.61951, 49.64438], [-1.619, 49.64485], [-1.61838, 49.64821], [-1.61657, 49.64894], [-1.61516, 49.64346], [-1.61241, 49.64368], [-1.61337, 49.64883], [-1.61193, 49.64898], [-1.61128, 49.64701], [-1.60858, 49.64616], [-1.60275, 49.6465], [-1.60346, 49.64993], [-1.60463, 49.65054], [-1.60568, 49.65578], [-1.60576, 49.65852], [-1.5999, 49.66073], [-1.59244, 49.65532], [-1.58936, 49.65266], [-1.58669, 49.65099], [-1.58439, 49.65234], [-1.57703, 49.65479], [-1.56846, 49.65693], [-1.56572, 49.65644], [-1.56152, 49.65513], [-1.55609, 49.65401], [-1.55402, 49.65403], [-1.55235, 49.6549], [-1.54776, 49.6546], [-1.54488, 49.65493], [-1.54376, 49.65406], [-1.54182, 49.65404], [-1.53718, 49.655], [-1.53183, 49.6551], [-1.52843, 49.65674], [-1.52829, 49.65831], [-1.52686, 49.65864], [-1.52514, 49.65721], [-1.52186, 49.65674], [-1.51914, 49.65844], [-1.51605, 49.6598], [-1.50906, 49.6608], [-1.50738, 49.6614], [-1.50397, 49.66398], [-1.49831, 49.66616], [-1.49654, 49.66649], [-1.4953, 49.66837], [-1.49349, 49.66907], [-1.49248, 49.67035], [-1.48989, 49.66927], [-1.48913, 49.66834], [-1.48693, 49.66852], [-1.48563, 49.67067], [-1.48645, 49.67226], [-1.48487, 49.67776], [-1.48193, 49.67926], [-1.47978, 49.67919], [-1.47572, 49.68139], [-1.47478, 49.68287], [-1.47549, 49.68384], [-1.4737, 49.68488], [-1.47264, 49.6864], [-1.47351, 49.68777], [-1.47826, 49.6899], [-1.47626, 49.69101], [-1.47617, 49.69345], [-1.47512, 49.6942], [-1.47451, 49.69621], [-1.47326, 49.69701], [-1.46975, 49.69658], [-1.46661, 49.69438], [-1.46388, 49.6943], [-1.46191, 49.6949], [-1.4611, 49.69331], [-1.45749, 49.69244], [-1.45511, 49.69121], [-1.45126, 49.6916], [-1.44441, 49.69458], [-1.44384, 49.69613], [-1.44171, 49.69637], [-1.4389, 49.69772], [-1.43596, 49.70011], [-1.43655, 49.70168], [-1.43272, 49.70036], [-1.43049, 49.70047], [-1.42619, 49.70242], [-1.42176, 49.70332], [-1.41933, 49.70331], [-1.41592, 49.70136], [-1.41343, 49.70147], [-1.40887, 49.70261], [-1.40512, 49.7026], [-1.39991, 49.70349], [-1.39401, 49.7062], [-1.38849, 49.70652], [-1.38582, 49.70623], [-1.3786, 49.70624], [-1.37099, 49.7073], [-1.36545, 49.70585], [-1.36175, 49.70542], [-1.3571, 49.70536], [-1.34984, 49.70207], [-1.34316, 49.70089], [-1.3357, 49.70157], [-1.3326, 49.70266], [-1.33027, 49.70116], [-1.32509, 49.69885], [-1.3184, 49.6983], [-1.3121, 49.69678], [-1.30936, 49.69638], [-1.30508, 49.69462], [-1.29985, 49.69352], [-1.2897, 49.6923], [-1.28651, 49.69344], [-1.28464, 49.6935], [-1.28058, 49.69462], [-1.27827, 49.69437], [-1.27675, 49.69541], [-1.27331, 49.69395], [-1.27084, 49.69528], [-1.2662, 49.69542], [-1.26685, 49.69465], [-1.26522, 49.69145], [-1.26758, 49.68864], [-1.26758, 49.68702], [-1.27145, 49.68487], [-1.27098, 49.68119], [-1.2721, 49.67944], [-1.26962, 49.67966], [-1.26688, 49.67844], [-1.26539, 49.67524], [-1.26193, 49.67328], [-1.25916, 49.67342], [-1.2584, 49.67249], [-1.26092, 49.67183], [-1.26279, 49.67078], [-1.26198, 49.6682], [-1.26017, 49.66992], [-1.25685, 49.6711], [-1.25647, 49.66683], [-1.25424, 49.66398], [-1.25183, 49.66315], [-1.25206, 49.6618], [-1.24834, 49.66006], [-1.24657, 49.65859], [-1.24457, 49.65775], [-1.24361, 49.65615], [-1.24173, 49.65508], [-1.23992, 49.65483], [-1.23913, 49.65364], [-1.23964, 49.65213], [-1.23851, 49.65082], [-1.23922, 49.65008], [-1.2424, 49.64998], [-1.24324, 49.6482], [-1.24211, 49.64688], [-1.24078, 49.64405], [-1.23796, 49.64135], [-1.23514, 49.63602], [-1.23448, 49.63276], [-1.23467, 49.6315], [-1.23063, 49.62744], [-1.23032, 49.62579], [-1.22795, 49.62302], [-1.22943, 49.62122], [-1.22955, 49.61914], [-1.22794, 49.61532], [-1.22901, 49.61267], [-1.22917, 49.60826], [-1.22866, 49.60607], [-1.22939, 49.60569], [-1.23294, 49.60679], [-1.23421, 49.60801], [-1.238, 49.60884], [-1.24233, 49.6102], [-1.24647, 49.61092], [-1.2483, 49.61244], [-1.2528, 49.6123], [-1.25429, 49.61266], [-1.25443, 49.61068], [-1.25693, 49.60717], [-1.25875, 49.60352], [-1.26379, 49.59675], [-1.26637, 49.59249], [-1.26599, 49.58997], [-1.26245, 49.58986], [-1.26144, 49.58836], [-1.26124, 49.58666], [-1.26229, 49.58482], [-1.26372, 49.58455], [-1.26762, 49.58196], [-1.27233, 49.57655], [-1.27322, 49.5735], [-1.27212, 49.57069], [-1.27471, 49.5713], [-1.27617, 49.57314], [-1.2754, 49.57483], [-1.27485, 49.57776], [-1.27182, 49.57808], [-1.26814, 49.58261], [-1.26975, 49.58383], [-1.27318, 49.58529], [-1.27716, 49.58656], [-1.27914, 49.58623], [-1.28322, 49.58714], [-1.28517, 49.58716], [-1.2889, 49.5862], [-1.29623, 49.58317], [-1.29731, 49.58112], [-1.29987, 49.57924], [-1.30194, 49.5761], [-1.30429, 49.57343], [-1.30423, 49.57175], [-1.30553, 49.57059], [-1.30669, 49.56655], [-1.30753, 49.56117], [-1.30876, 49.55529], [-1.30862, 49.55353], [-1.3096, 49.55179], [-1.30974, 49.54885], [-1.3092, 49.54734], [-1.30781, 49.5463], [-1.30747, 49.54178], [-1.30636, 49.53893], [-1.30264, 49.53526], [-1.29778, 49.52965], [-1.29691, 49.52792], [-1.29425, 49.52472], [-1.29128, 49.5222], [-1.28952, 49.51799], [-1.28779, 49.51691], [-1.28164, 49.51134], [-1.2796, 49.50911], [-1.27464, 49.50444], [-1.26937, 49.49991], [-1.26382, 49.49286], [-1.25838, 49.48641], [-1.25271, 49.4806], [-1.24255, 49.47318], [-1.23492, 49.46612], [-1.2283, 49.46052], [-1.22333, 49.45581], [-1.22093, 49.45408], [-1.21593, 49.44992], [-1.21082, 49.44597], [-1.20813, 49.44417], [-1.20105, 49.43862], [-1.19834, 49.43673], [-1.19256, 49.43218], [-1.18253, 49.42402], [-1.17483, 49.41651], [-1.17115, 49.41252], [-1.16759, 49.40719], [-1.16722, 49.40405], [-1.16468, 49.40017], [-1.16401, 49.39758], [-1.16173, 49.39175], [-1.16228, 49.38863], [-1.16363, 49.38638], [-1.16629, 49.38315], [-1.17327, 49.37843], [-1.17443, 49.37827], [-1.17768, 49.37938], [-1.17935, 49.37753], [-1.1791, 49.37317], [-1.17666, 49.36884], [-1.17606, 49.36642], [-1.17754, 49.36489], [-1.16395, 49.36666], [-1.1544, 49.36222], [-1.13884, 49.35841], [-1.13717, 49.35734], [-1.13605, 49.35404], [-1.12019, 49.35574], [-1.11962, 49.35557]]]]}}, {"type": "Feature", "geometry": {"type": "Polygon", "coordinates": [[[4.047972977986833, 49.40564229475753], [4.0769132710042255, 49.401612719003566], [4.188996868487692, 49.398693325461345], [4.2013073779715375, 49.38378396286446], [4.248321950611529, 49.38225603439192], [4.258398145436199, 49.36351577479519], [4.290937077765363, 49.34699963965571], [4.306756525620349, 49.32779732810991], [4.330894078223754, 49.32715621477832], [4.3541542998888705, 49.31616310169742], [4.376853871003221, 49.31699430474222], [4.393424577830647, 49.29708771300736], [4.418775444942886, 49.2851133003246], [4.459506424178967, 49.27757864272764], [4.541215512322572, 49.28622829426292], [4.575868215345435, 49.296651189312385], [4.594974261377573, 49.2707300343065], [4.6058938566008445, 49.26970402626851], [4.635511161128344, 49.232134393917896], [4.670374586913542, 49.24151155534761], [4.686074799511886, 49.256759043801544], [4.726823349053574, 49.25232502044604], [4.7442321118937505, 49.2414729109037], [4.788889603899746, 49.24134019593029], [4.815420265730455, 49.249854960398], [4.826941205469512, 49.23576093816036], [4.86275799597872, 49.24154352922503], [4.909606220926124, 49.26349853270867], [4.950989232683009, 49.23686584630137], [4.970761881963812, 49.23605865097721], [4.993377429884994, 49.20962536427259], [4.9397619983736725, 49.18506820457861], [4.953397966379194, 49.17195155260111], [4.974408367068746, 49.13340447110328], [4.99213130434257, 49.114899861463385], [5.005744190171552, 49.05987214490083], [4.96844159954904, 49.02290133721377], [5.0076814026818575, 49.03495195077163], [5.036321445219877, 49.02433254954083], [5.032675426761192, 48.99373965141204], [5.004646480636104, 48.98364213966209], [5.037904334159841, 48.9730160560533], [5.030128675561755, 48.95690245547182], [4.986405609443761, 48.93190826599592], [4.9362093920054075, 48.92214239512387], [4.915798542054488, 48.89979310962273], [4.924696402833776, 48.89135651199283], [4.924676889741789, 48.86463057973145], [4.93570201866688, 48.840631475686905], [4.888760929797642, 48.81720971453769], [4.889557040484959, 48.798206203700566], [4.934571757746961, 48.790360787111126], [4.947881817618987, 48.771602644481156], [4.990124563499123, 48.74183736486811], [5.009219993538869, 48.74139150464051], [5.011787133446862, 48.70669113644506], [4.988427677798425, 48.684418562233176], [4.9502952474979125, 48.6879545407904], [4.935102757331475, 48.67804414699184], [4.910378975054349, 48.68854676058441], [4.867775765589871, 48.66719674333675], [4.822713970971492, 48.67403036103939], [4.7816659214071615, 48.67019744127014], [4.772425267645258, 48.656461849317175], [4.807564203534146, 48.65430553938369], [4.850578327876817, 48.63991537290219], [4.850509978828629, 48.614183688167515], [4.829662115751189, 48.612481442983466], [4.796778242210989, 48.59529317207245], [4.769195892207036, 48.58868831063029], [4.776020152963706, 48.565957606678474], [4.799180099828292, 48.529779876249094], [4.718012145060739, 48.54199401283636], [4.670183207291811, 48.53188730232318], [4.635013531124556, 48.54446897027231], [4.6263828171661405, 48.554547535211604], [4.576487514925921, 48.549380130056875], [4.527473253110997, 48.52851621730074], [4.521965785232567, 48.54505196597459], [4.49528083286357, 48.53872358042404], [4.403076671568411, 48.561260233656824], [4.314917546995119, 48.61621957939382], [4.331760406442508, 48.63027354824816], [4.317329119564903, 48.65166491720243], [4.332773350334676, 48.67058273703408], [4.3255940122986445, 48.700277029531], [4.302615983872354, 48.71237740647513], [4.2523956317261185, 48.708651278525025], [4.233040648104506, 48.702313167606725], [4.161208977574132, 48.70564270827603], [4.131090952946843, 48.68615119823393], [4.079787822987737, 48.701118254412116], [4.058195208802969, 48.66627477909254], [4.030051914462845, 48.65914499071498], [4.001695483416846, 48.66387541820995], [3.98646950961592, 48.65506991614687], [3.977230864165596, 48.632216352927855], [3.9585488780832865, 48.622904721543364], [3.9492402192699783, 48.60343151995247], [3.916112422498775, 48.60703746596832], [3.9000544029762967, 48.574837870717545], [3.872574553060613, 48.58047608998417], [3.8586730804738507, 48.56033634110919], [3.8655808154248064, 48.537930954397474], [3.851404847916241, 48.523378465573664], [3.822742058660399, 48.516104417807576], [3.7947250716869743, 48.52769326968686], [3.7428823405595684, 48.5336960863688], [3.7041935334272225, 48.53348173230274], [3.688010554935591, 48.53996363936458], [3.643639260745969, 48.536262879171076], [3.6340147312950517, 48.54129833541425], [3.631866148641539, 48.570977927086886], [3.6042445587901217, 48.572452767827976], [3.579891832495665, 48.60485886515818], [3.5556137492385345, 48.62028467657408], [3.5190711976645597, 48.633474580141225], [3.5174997752390147, 48.64336703334491], [3.460426313142606, 48.65300999879329], [3.4406134906014127, 48.6636539025972], [3.4693877334848082, 48.68643581459289], [3.4643028353269045, 48.707377209765006], [3.4697275479340295, 48.73786507384338], [3.4443842525897947, 48.73668491350176], [3.4302049079731773, 48.756874901226034], [3.395834526122342, 48.75925128896011], [3.409426927872636, 48.78384005486431], [3.442913938608982, 48.78618495446326], [3.4321733352035433, 48.81226134369876], [3.484964362562067, 48.82500976544345], [3.4851874436586847, 48.851908494372864], [3.5083215469627684, 48.890402602371054], [3.528576443116953, 48.91214102895302], [3.5738538398044097, 48.92148321270002], [3.5744431375994288, 48.93901643224886], [3.601964878227183, 48.94505940416911], [3.591558411237313, 48.96037176960385], [3.620658549289589, 48.9659439788058], [3.6387510313501172, 49.002277384044845], [3.665158653762439, 49.00563193481009], [3.678113179313511, 49.01690766636074], [3.663950657450056, 49.03730898527378], [3.647726454659581, 49.04140800760242], [3.587608670612347, 49.03381324798993], [3.5877067932472952, 49.059394631367105], [3.6390535019551273, 49.08130605737889], [3.6117958918993924, 49.11808793409194], [3.6103983127772716, 49.13550196815309], [3.622246623748466, 49.151103693376655], [3.6534402301896542, 49.14869065051608], [3.6838349064164695, 49.15449185807903], [3.701623868432638, 49.14308771135046], [3.7487650521863713, 49.15708155419203], [3.7511478237665794, 49.17770096615194], [3.725444039996693, 49.173515945092305], [3.704392046963459, 49.181373023469], [3.697104870697589, 49.20547444963648], [3.662544752146768, 49.20897792079391], [3.670777136423702, 49.23959850877529], [3.65525456317135, 49.26285133857558], [3.6573162286122742, 49.291023347068474], [3.643938967409509, 49.31271547683784], [3.6989371212574853, 49.33195284253632], [3.7422207217091263, 49.33651301919691], [3.777534921928809, 49.35581577743615], [3.8224705767098395, 49.35696565512036], [3.84805797975596, 49.36391735212325], [3.8563548292895904, 49.381163036761194], [3.837686516500783, 49.39565820991326], [3.864856156264051, 49.40533685972032], [3.898159524095673, 49.39324676616779], [3.9252301838116423, 49.40757795776365], [3.9613090288565647, 49.37734494086453], [3.9949400464231957, 49.37789993445056], [4.0127284202980995, 49.358299141243386], [4.035496373111564, 49.359904159430094], [4.039913351175735, 49.397396867183815], [4.047972977986833, 49.40564229475753]]]}, "properties": {"code": "51", "nom": "Marne"}}, {"type": "Feature", "geometry": {"type": "Polygon", "coordinates": [[[4.670183207291811, 48.53188730232318], [4.718012145060739, 48.54199401283636], [4.799180099828292, 48.529779876249094], [4.776020152963706, 48.565957606678474], [4.769195892207036, 48.58868831063029], [4.796778242210989, 48.59529317207245], [4.829662115751189, 48.612481442983466], [4.850509978828629, 48.614183688167515], [4.850578327876817, 48.63991537290219], [4.807564203534146, 48.65430553938369], [4.772425267645258, 48.656461849317175], [4.7816659214071615, 48.67019744127014], [4.822713970971492, 48.67403036103939], [4.867775765589871, 48.66719674333675], [4.910378975054349, 48.68854676058441], [4.935102757331475, 48.67804414699184], [4.9502952474979125, 48.6879545407904], [4.988427677798425, 48.684418562233176], [5.008333278861154, 48.67023772723031], [4.992811815436962, 48.65827053404921], [5.00616236089035, 48.63348264533262], [4.99466786336989, 48.62182551829475], [5.0141448684428935, 48.610214170115775], [5.032284450963603, 48.61329817233609], [5.049692721915686, 48.631265806018796], [5.070374138899134, 48.59610309669313], [5.117905583758205, 48.58495445930086], [5.144873587885955, 48.562874491019556], [5.173113022339201, 48.55631460308862], [5.208425883036941, 48.53861075457746], [5.264870353729535, 48.51920792199762], [5.305623464696029, 48.51591327057272], [5.327278259522607, 48.50479938800887], [5.349469998299744, 48.48198867902053], [5.406054924803939, 48.46539304073884], [5.408498570986399, 48.445794580180355], [5.445157350390678, 48.425081250152175], [5.470061704426128, 48.42092884036511], [5.443801554148948, 48.412796111132934], [5.408721169498744, 48.38310019043649], [5.441572019947177, 48.38023164680497], [5.419996789966145, 48.36209610065057], [5.418230200002256, 48.339827299478394], [5.441808221286742, 48.33585087730688], [5.482149185087855, 48.35620132426793], [5.52236342294961, 48.34085020470289], [5.544667324256171, 48.31484393016795], [5.5879967536815585, 48.278489865685614], [5.611652001252659, 48.29181533437579], [5.65380919650419, 48.26852380977062], [5.640901189478503, 48.242354204929356], [5.677420725123087, 48.22898238922798], [5.6877917029501965, 48.23418465758911], [5.719343419026872, 48.21284553404126], [5.730982683815125, 48.18969958329602], [5.696740894208173, 48.18888423309182], [5.6822435704493275, 48.17570971343473], [5.68431870758825, 48.14504209497101], [5.656886341889701, 48.120399648852754], [5.629010103166862, 48.0844163929701], [5.65966986503565, 48.08486263156757], [5.740575630698962, 48.050043986724326], [5.77774789858366, 48.031361923263205], [5.793591975095584, 47.99070892021546], [5.778492027788896, 47.97800978811231], [5.787280985479235, 47.952596973102644], [5.850003923490582, 47.96283504722941], [5.884726375202079, 47.926047148569474], [5.890864473987194, 47.910829841401245], [5.869970150074121, 47.900706913078324], [5.851317308296247, 47.905988473584586], [5.805624457872526, 47.847311152266364], [5.76119123886598, 47.85933449216956], [5.744128331452809, 47.84867639845901], [5.746056257349712, 47.82359612703334], [5.732629873750381, 47.81759710089163], [5.699885101970957, 47.82390335263593], [5.681940162654595, 47.806412809419605], [5.679969716046147, 47.769967881716525], [5.705093217659827, 47.76911094285444], [5.709442412269412, 47.745127245662815], [5.693342993991239, 47.737537821735295], [5.684123936651815, 47.711966155758596], [5.690079801415203, 47.684838574927916], [5.6534056633858105, 47.67738242296545], [5.596682241448045, 47.67168603172257], [5.585005103022503, 47.69979015765272], [5.567204936430051, 47.70523436852804], [5.529778304397354, 47.67282923798152], [5.482567919490752, 47.684602874896335], [5.4460337898832885, 47.67077575883233], [5.406342872021028, 47.673400744473895], [5.405745536478159, 47.646866141018315], [5.37317594209649, 47.61838294374159], [5.374078595885573, 47.60454165278582], [5.354893869684326, 47.59131447740441], [5.340003771124325, 47.609065915523516], [5.299837418963084, 47.60492946802028], [5.252920215668424, 47.57694786282474], [5.238668295142944, 47.597284983235], [5.239232274239111, 47.61613009897604], [5.211414189836741, 47.64189107719557], [5.173597037303847, 47.65256871236608], [5.178340930532218, 47.680951862214265], [5.1282137463189255, 47.64769555171287], [5.084909015051583, 47.65725535909673], [5.0435872776506425, 47.676515292793226], [5.030001604156784, 47.70940841478221], [4.992275225837213, 47.688313503769756], [4.959844644041361, 47.69697375959394], [4.953807643894032, 47.70691553121908], [4.971770458339338, 47.73022100712152], [4.949610301299183, 47.765002530384045], [4.930742567556667, 47.76133580408352], [4.918299821120011, 47.7773135776728], [4.987227991995704, 47.8032996343454], [4.993918239441858, 47.81957144123197], [4.9683502146365655, 47.83194135820226], [4.9540942495981195, 47.8667681480835], [4.9282302679425625, 47.871121167237085], [4.928173323343671, 47.886876403893034], [4.901848449197037, 47.921289405231384], [4.87629817749016, 47.92022401352716], [4.857004574909452, 47.895855881593434], [4.828942462053263, 47.915128709594974], [4.866096820746109, 47.94050603305215], [4.845182055142008, 47.96125251907535], [4.811007449975246, 47.95932655708529], [4.785061370779013, 47.968869095555945], [4.794634345104126, 47.983197869158744], [4.789083695644797, 48.00782938255744], [4.749300809603172, 48.00425102648959], [4.719943437560306, 48.00889645519276], [4.704238250439468, 48.0202323762063], [4.711006682460102, 48.04991853541924], [4.688818526238874, 48.073127919250304], [4.708492447514134, 48.10012538889342], [4.730610406781701, 48.11820899817677], [4.7632776797863725, 48.11550181600475], [4.8193072949588815, 48.10319242346332], [4.835619390228278, 48.10855609279288], [4.829291938175258, 48.129608375504965], [4.850099917169891, 48.14175885538576], [4.837947597948636, 48.168959717850704], [4.862104268789182, 48.19962383107111], [4.844090578611303, 48.24161361141823], [4.857678156974527, 48.26856300069992], [4.842390138796092, 48.28357098511807], [4.850845034125924, 48.296245729889414], [4.814217580453079, 48.323010826658724], [4.8414713515268755, 48.339464111308324], [4.754719796035579, 48.36668089354523], [4.76018751621395, 48.38761245982979], [4.700747648353684, 48.39575121376588], [4.672923053694571, 48.44493692940629], [4.635723724779378, 48.456919205602716], [4.6493513522062, 48.47085769541501], [4.670183207291811, 48.53188730232318]]]}, "properties": {"code": "52", "nom": "Haute-Marne"}}, {"type": "Feature", "geometry": {"type": "Polygon", "coordinates": [[[-1.0701645143702043, 48.50849381419032], [-1.0605549892053183, 48.51534444794686], [-1.003998750116345, 48.489170559999316], [-0.9722539090536432, 48.49459678797466], [-0.9563792193607108, 48.5166180795957], [-0.9223589824244613, 48.512387467627654], [-0.895759002734999, 48.49483509679017], [-0.8603629154348681, 48.50145849652254], [-0.7975558085305263, 48.465278693659805], [-0.7778740724524535, 48.46541168200867], [-0.7796468261489741, 48.44602717779943], [-0.7572811397545338, 48.436551469912764], [-0.7151034623418729, 48.448949122074], [-0.7358573623603453, 48.46112222178988], [-0.730343478460553, 48.472706578375146], [-0.7020679300858332, 48.467206812159105], [-0.6662397250359153, 48.48588955148741], [-0.6510738694884249, 48.44394876336686], [-0.5986229162657322, 48.47101955265918], [-0.5502899127948604, 48.47423143238625], [-0.5304357344769987, 48.495166069981224], [-0.5050654278707298, 48.50579601256293], [-0.4781981375781819, 48.501570405632215], [-0.44380935670202487, 48.51374721178168], [-0.3676233888648988, 48.492944315128234], [-0.33820693066737895, 48.50050101655408], [-0.3202385045732452, 48.522920009526636], [-0.2715497531161014, 48.50745217404008], [-0.2629746987558156, 48.52359724467027], [-0.24146030977322894, 48.53711490462154], [-0.26180278773892185, 48.54789343136948], [-0.23435383691646136, 48.56233718214002], [-0.20693829348513745, 48.562944759163955], [-0.16938322355767327, 48.53697934057344], [-0.14460396356167668, 48.52775250488166], [-0.1663420949957147, 48.51558833305454], [-0.14362687075469976, 48.45472711281225], [-0.10641204070316028, 48.44752336948581], [-0.051896256193192464, 48.4532597698412], [-0.05735713318959158, 48.42850475869075], [-0.05453120471342586, 48.382003457815514], [-0.07781568991642306, 48.369011884149366], [-0.11216445619965741, 48.37424593844257], [-0.13797809431803487, 48.36135559567944], [-0.1322639799404977, 48.34367891800192], [-0.15624187430084163, 48.33878308965111], [-0.15462051452709383, 48.31399248085133], [-0.13808698398432823, 48.2934339795153], [-0.162366087633251, 48.26001034242559], [-0.16095933457080433, 48.23880560928454], [-0.14518119273289676, 48.224233621433555], [-0.14683706738655639, 48.205008919837425], [-0.1989536608764294, 48.17827619579444], [-0.24992127138834272, 48.157106805241526], [-0.25380835722539496, 48.13652925202679], [-0.2164164207043083, 48.11373479657783], [-0.23852128063613662, 48.08512943952702], [-0.22496575471956115, 48.0740005169816], [-0.2309424436035576, 48.058985357486335], [-0.27144577462211034, 48.06524304546605], [-0.31721069812097374, 48.04509335726533], [-0.3399323890629896, 48.01160216696548], [-0.3160042679648186, 48.00526279935535], [-0.2826331784456301, 47.958191807392794], [-0.2953214951501512, 47.944001512102375], [-0.33832856883634976, 47.93101420361583], [-0.37509534291502034, 47.93272853592671], [-0.39622906190687696, 47.92596685050878], [-0.40710509590818, 47.91084268048501], [-0.40516479150867374, 47.89292797578798], [-0.37698156137550093, 47.887202712966676], [-0.3743813069594822, 47.85830770196427], [-0.40938712543111205, 47.858367062871636], [-0.4478589178811479, 47.832216379452724], [-0.43408017720781095, 47.80905444470248], [-0.3882005825686289, 47.80531865639091], [-0.3754332123417834, 47.76723904317632], [-0.3817032700427246, 47.76056283993387], [-0.38561432621561664, 47.769116081601474], [-0.42831835229803605, 47.76761186364019], [-0.4545880132966191, 47.75647912746232], [-0.46447480825707566, 47.76859230202414], [-0.5096576702100792, 47.786039414506206], [-0.5328644845775566, 47.750826614212684], [-0.5847783552138252, 47.7583563948255], [-0.6108182423666896, 47.73568882741341], [-0.6537866615388507, 47.73338137800601], [-0.6714156583122058, 47.741118751584196], [-0.7103297199047672, 47.74460337209696], [-0.7417076584328766, 47.73810748626689], [-0.7593093892972002, 47.75375329055893], [-0.7838699174942475, 47.75058272701156], [-0.816067662956568, 47.77122618643005], [-0.8399853237495013, 47.768146096038514], [-0.8392941203736607, 47.75227330317501], [-0.8812984869415317, 47.763548188692084], [-0.9251020877476097, 47.78771562691841], [-0.9602944572916631, 47.7963079545433], [-0.955206706607692, 47.76711117947228], [-0.9784592276088574, 47.76203334334952], [-1.0204536348384041, 47.77298948127482], [-1.0676842898971974, 47.77297059421489], [-1.1226318940891669, 47.78417913959446], [-1.152946550291737, 47.778006298929476], [-1.1931389674383266, 47.78697417474339], [-1.1986209884138974, 47.795087631101424], [-1.2382517343256678, 47.80999146297073], [-1.2160077396105768, 47.83115457607098], [-1.2139598200974668, 47.84431487401968], [-1.1892286738461781, 47.8675257247478], [-1.1966267612194066, 47.88926967278471], [-1.176229425978116, 47.89739680946678], [-1.1595139860083212, 47.939220868111676], [-1.1539806565642339, 47.96582146885006], [-1.1260769059410864, 47.97331126695682], [-1.1026711686637318, 47.98906278289821], [-1.0709701077191276, 47.98180281363006], [-1.0212610284765602, 47.99494016247969], [-1.018202579829028, 48.012309356573546], [-1.0346655165784813, 48.03361464779431], [-1.023283345569893, 48.06891120315209], [-1.04960608939875, 48.08980493060165], [-1.0602909002161003, 48.150112461248], [-1.0796054903163383, 48.18347699576321], [-1.0736642370047438, 48.20075616092018], [-1.1015118599620337, 48.26179752391566], [-1.0820973324543777, 48.298390519589205], [-1.0450195299623026, 48.327727830000974], [-1.0646345421184056, 48.36828025341763], [-1.0539346752839132, 48.383988802654805], [-1.0771281225801501, 48.41169597169672], [-1.0830222073820854, 48.43355484623164], [-1.06581502082362, 48.4511898364817], [-1.0757201292558587, 48.499394433638884], [-1.0701645143702043, 48.50849381419032]]]}, "properties": {"code": "53", "nom": "Mayenne"}}, {"type": "Feature", "geometry": {"type": "Polygon", "coordinates": [[[5.470910130592771, 49.49720502129504], [5.541175427366362, 49.51526468551874], [5.556054418170868, 49.529249012712015], [5.593452750302351, 49.52190879652461], [5.615929213702141, 49.52712694494857], [5.636796547934622, 49.54504576700591], [5.663216639729165, 49.5527322793671], [5.701263034650679, 49.53951786025749], [5.7325201904510275, 49.544464906619325], [5.774412837219823, 49.56298255279729], [5.793930405166045, 49.551240203734956], [5.8369571912669995, 49.54247191409379], [5.836233336445646, 49.51985372493001], [5.869093663016168, 49.49878274863684], [5.893401083719673, 49.496909750110916], [5.9028920872339725, 49.48379495708393], [5.938573949545653, 49.47481323186841], [5.942282468750819, 49.43034622332949], [5.91204332139632, 49.40747659912329], [5.929562016978401, 49.40189069409503], [5.9327717047585935, 49.37015147282544], [5.956123967212049, 49.36159497798842], [5.962613221125637, 49.344866959890794], [5.94400804744167, 49.334644506896005], [5.985220799804532, 49.30517081937582], [6.006390696711231, 49.3079648171488], [6.000492336268631, 49.27537547287367], [6.006667263528377, 49.26028809283966], [6.0286095479587445, 49.24841255130629], [6.029385386695151, 49.23047199221416], [5.987627297222747, 49.20961691713355], [5.982834325573433, 49.18651522282689], [6.002250831363206, 49.185007006720355], [6.0261499402444025, 49.16511893599002], [5.981384937221558, 49.14445423565313], [6.00491999554859, 49.113988280244584], [5.997395942366339, 49.10784182738146], [5.931603285178869, 49.10910433832356], [5.924683336615274, 49.09212399499875], [5.9532001062961815, 49.05400525300155], [6.045110478908419, 49.013520358557074], [6.043435324319259, 48.977477915970994], [6.081322571612109, 48.96304750061741], [6.116912179457586, 48.967832850981594], [6.132207146051102, 48.93472094774055], [6.16233199123861, 48.94287521453305], [6.177120700704927, 48.934924104920626], [6.222641164054098, 48.93850513094841], [6.245534632278756, 48.92378375934002], [6.271977767337417, 48.9331355970772], [6.288337094198781, 48.9164057732219], [6.327264769799276, 48.90519552048261], [6.298269555306107, 48.88072376373154], [6.311714980584929, 48.863826545661276], [6.2888587554276025, 48.84323273382886], [6.338947107825573, 48.834058199828384], [6.330651430081595, 48.82330786866148], [6.370600538901966, 48.78462319426055], [6.394874246018456, 48.77476240981232], [6.433515038771951, 48.78904238593331], [6.453603381539952, 48.765894004837314], [6.489616200477496, 48.765575862224765], [6.511039646542062, 48.74880543901709], [6.5401903328498525, 48.75385918265721], [6.564255135947671, 48.74995572268137], [6.594835612692378, 48.72922173177475], [6.598965570952483, 48.71569079778236], [6.6236441629626235, 48.713682866112556], [6.638020827883166, 48.70287255743568], [6.658407329856351, 48.70804728628271], [6.68791954042715, 48.683627810294645], [6.733850339573668, 48.663755791166636], [6.757341859177665, 48.66339528935242], [6.782490229155465, 48.642725006759726], [6.810500233885349, 48.64743317270349], [6.836628311600907, 48.643091017748844], [6.8440535368717015, 48.62597500455583], [6.86360548586589, 48.62031667084879], [6.905122950842201, 48.61984409056823], [6.930006989091913, 48.6355511656451], [6.960798228747959, 48.60828605857016], [6.982896473118807, 48.61187146059442], [6.994503728351811, 48.59596380824709], [7.034244738955548, 48.58041837913675], [7.05703294231895, 48.55111677598128], [7.079359770973246, 48.53641761270014], [7.064487678486664, 48.52339791207404], [7.080630193411291, 48.51267454477156], [7.123165369028565, 48.513592265556596], [7.094019735640854, 48.512952288683174], [7.050540315367024, 48.49487862493578], [6.9829860045628855, 48.47905957978556], [6.894133940205172, 48.419480410764045], [6.866316381673087, 48.43184823377053], [6.828255495843522, 48.41660943907006], [6.815166528707746, 48.398846200565345], [6.768836777292687, 48.39954530354836], [6.760669183398023, 48.411666746640414], [6.6994983396482075, 48.41308754075586], [6.648289899981963, 48.433884724429255], [6.62369925487009, 48.473102199556955], [6.584971476704244, 48.46050916362013], [6.568134528831446, 48.438701194783874], [6.583870758203037, 48.417225395440674], [6.5337102147419674, 48.4313569295525], [6.500755073004984, 48.41423379500427], [6.450365847505534, 48.41505383549833], [6.422399441358526, 48.40728279397748], [6.3313164158672315, 48.404817172837355], [6.305674808715067, 48.41318887901744], [6.3012588451180624, 48.43051921403982], [6.270297573655838, 48.42610067601965], [6.260443354875095, 48.40640078999615], [6.23209682220264, 48.400225955022414], [6.178419125638964, 48.397598877997915], [6.147083853210351, 48.404242546398436], [6.152354370824704, 48.38097163461962], [6.116723785728533, 48.35403844099854], [6.097642409054446, 48.37159231795909], [6.066019115933426, 48.359278767448906], [6.053418454701744, 48.365636733016395], [6.025234465713196, 48.356969332010294], [6.004066285882898, 48.36147870334314], [5.960066474604184, 48.35072931908477], [5.944654250679005, 48.37581815056828], [5.954936403333502, 48.387329103706854], [5.935989530326643, 48.40287986588223], [5.879136424841787, 48.403869307586056], [5.859177083813666, 48.41623563816792], [5.8989549292934935, 48.44671533650002], [5.886926216153374, 48.45386839126565], [5.903569430927025, 48.48024393097157], [5.8881463197842825, 48.49400616317709], [5.856069666360071, 48.506844385585524], [5.8141526013422045, 48.49819514538156], [5.787024028409427, 48.48291106954139], [5.765154701602298, 48.49649260851312], [5.761049602880216, 48.521683894153604], [5.776263522421036, 48.54107814064725], [5.71608982178375, 48.561424169817386], [5.718661477131132, 48.59033867223855], [5.7647290820585555, 48.60790861161145], [5.772143533804788, 48.6202830387491], [5.7445806082888415, 48.653070921811086], [5.744957392577322, 48.67137758077308], [5.7646010210683505, 48.701073717982744], [5.75271389850188, 48.714164509499184], [5.719037232595988, 48.73290914785586], [5.714036349479591, 48.744533308856504], [5.741889978939901, 48.75279715005143], [5.740251235774411, 48.77265140486108], [5.767728814139585, 48.79014237286009], [5.781194766587596, 48.83501432221366], [5.765548217904568, 48.87307300517377], [5.7910610910637805, 48.88661747785826], [5.765854111109667, 48.89809074303494], [5.747161790828688, 48.91525787263704], [5.779494546763762, 48.925543676493376], [5.800245290300757, 48.94674605759089], [5.817089167952623, 48.94245503424679], [5.847269852543282, 48.95178377098051], [5.847464234333094, 48.96231608120681], [5.80326928510364, 48.98585252935934], [5.815223115374213, 48.99679278215558], [5.821881378508286, 49.022693614160396], [5.85417290109245, 49.04241757672373], [5.808379157586719, 49.075815388035736], [5.821401407633705, 49.08761132685174], [5.817853206320084, 49.11104150017413], [5.783813515045618, 49.11260817951947], [5.771295494951546, 49.10609592152142], [5.746940032204187, 49.12460282697201], [5.7598104959514655, 49.1500556297571], [5.744850073758657, 49.156560167159334], [5.765544232834611, 49.198088628043735], [5.725126551060128, 49.19564550252695], [5.719044394768754, 49.215986946421715], [5.7405557083585155, 49.23011722139386], [5.720933295684269, 49.24770674117828], [5.7307018275006305, 49.269793739617505], [5.760519022687266, 49.28011599684701], [5.768385347743778, 49.30323265211939], [5.731786006583374, 49.311343191085655], [5.721511174836554, 49.331722881180944], [5.738361460568846, 49.35203800497206], [5.703787894109554, 49.38822577419103], [5.6873570419508095, 49.39388035166439], [5.692251573142445, 49.415032283683246], [5.634565984546508, 49.43743606551583], [5.605732699304691, 49.420038245637656], [5.570360828663015, 49.42337579247067], [5.529099312496953, 49.40737462726648], [5.501152367426069, 49.40854921219478], [5.49401344811939, 49.39033314948081], [5.465505385541393, 49.39543214203441], [5.473184918539263, 49.410751894615125], [5.494194442210637, 49.40716409539809], [5.5082075510446815, 49.42126281023766], [5.479078499230624, 49.42581983768407], [5.484917984168407, 49.447407925985885], [5.464077098251315, 49.48166228909141], [5.470910130592771, 49.49720502129504]]]}, "properties": {"code": "54", "nom": "Meurthe-et-Moselle"}}, {"type": "Feature", "geometry": {"type": "Polygon", "coordinates": [[[4.950989232683009, 49.23686584630137], [4.964355608998914, 49.24744898908259], [5.0490438324721545, 49.285310734141504], [5.029829036850663, 49.31126357145343], [5.026436999727152, 49.33591387470532], [5.053405249590282, 49.35696721044802], [5.060208646165214, 49.3715170366231], [5.089930289451002, 49.370323496215384], [5.10414955392406, 49.38977780781045], [5.088196804414101, 49.40639195324937], [5.105323165099615, 49.42524686929281], [5.083514142411665, 49.48411961123408], [5.062396105126222, 49.49915347170529], [5.079628538782785, 49.50986338174908], [5.100584675318172, 49.53581688248469], [5.0894348019213345, 49.54153840662955], [5.118278729173794, 49.59307211738766], [5.144850262012005, 49.589890809096836], [5.162975033383016, 49.56353425622026], [5.2130512805303555, 49.573482704275165], [5.232756898423872, 49.56948078917659], [5.262709976999561, 49.54181962580043], [5.311770447172107, 49.55928969326421], [5.339875065404366, 49.59248374512851], [5.379377254594306, 49.59433240963621], [5.393536658328508, 49.61708773850276], [5.430990436352139, 49.592779697501115], [5.441967127749439, 49.55082330374587], [5.465066186620626, 49.53886525112502], [5.447572873980034, 49.517370291127484], [5.470910130592771, 49.49720502129504], [5.464077098251315, 49.48166228909141], [5.484917984168407, 49.447407925985885], [5.479078499230624, 49.42581983768407], [5.5082075510446815, 49.42126281023766], [5.494194442210637, 49.40716409539809], [5.473184918539263, 49.410751894615125], [5.465505385541393, 49.39543214203441], [5.49401344811939, 49.39033314948081], [5.501152367426069, 49.40854921219478], [5.529099312496953, 49.40737462726648], [5.570360828663015, 49.42337579247067], [5.605732699304691, 49.420038245637656], [5.634565984546508, 49.43743606551583], [5.692251573142445, 49.415032283683246], [5.6873570419508095, 49.39388035166439], [5.703787894109554, 49.38822577419103], [5.738361460568846, 49.35203800497206], [5.721511174836554, 49.331722881180944], [5.731786006583374, 49.311343191085655], [5.768385347743778, 49.30323265211939], [5.760519022687266, 49.28011599684701], [5.7307018275006305, 49.269793739617505], [5.720933295684269, 49.24770674117828], [5.7405557083585155, 49.23011722139386], [5.719044394768754, 49.215986946421715], [5.725126551060128, 49.19564550252695], [5.765544232834611, 49.198088628043735], [5.744850073758657, 49.156560167159334], [5.7598104959514655, 49.1500556297571], [5.746940032204187, 49.12460282697201], [5.771295494951546, 49.10609592152142], [5.783813515045618, 49.11260817951947], [5.817853206320084, 49.11104150017413], [5.821401407633705, 49.08761132685174], [5.808379157586719, 49.075815388035736], [5.85417290109245, 49.04241757672373], [5.821881378508286, 49.022693614160396], [5.815223115374213, 48.99679278215558], [5.80326928510364, 48.98585252935934], [5.847464234333094, 48.96231608120681], [5.847269852543282, 48.95178377098051], [5.817089167952623, 48.94245503424679], [5.800245290300757, 48.94674605759089], [5.779494546763762, 48.925543676493376], [5.747161790828688, 48.91525787263704], [5.765854111109667, 48.89809074303494], [5.7910610910637805, 48.88661747785826], [5.765548217904568, 48.87307300517377], [5.781194766587596, 48.83501432221366], [5.767728814139585, 48.79014237286009], [5.740251235774411, 48.77265140486108], [5.741889978939901, 48.75279715005143], [5.714036349479591, 48.744533308856504], [5.719037232595988, 48.73290914785586], [5.75271389850188, 48.714164509499184], [5.7646010210683505, 48.701073717982744], [5.744957392577322, 48.67137758077308], [5.7445806082888415, 48.653070921811086], [5.772143533804788, 48.6202830387491], [5.7647290820585555, 48.60790861161145], [5.718661477131132, 48.59033867223855], [5.71608982178375, 48.561424169817386], [5.776263522421036, 48.54107814064725], [5.761049602880216, 48.521683894153604], [5.765154701602298, 48.49649260851312], [5.7385787703210624, 48.466071385805314], [5.713228409793979, 48.46034355947541], [5.67902361096049, 48.47139115386205], [5.6151325162349, 48.44043873717153], [5.564650216197492, 48.441090759508775], [5.520280149216775, 48.43239263092878], [5.510986594146936, 48.41821515231162], [5.470061704426128, 48.42092884036511], [5.445157350390678, 48.425081250152175], [5.408498570986399, 48.445794580180355], [5.406054924803939, 48.46539304073884], [5.349469998299744, 48.48198867902053], [5.327278259522607, 48.50479938800887], [5.305623464696029, 48.51591327057272], [5.264870353729535, 48.51920792199762], [5.208425883036941, 48.53861075457746], [5.173113022339201, 48.55631460308862], [5.144873587885955, 48.562874491019556], [5.117905583758205, 48.58495445930086], [5.070374138899134, 48.59610309669313], [5.049692721915686, 48.631265806018796], [5.032284450963603, 48.61329817233609], [5.0141448684428935, 48.610214170115775], [4.99466786336989, 48.62182551829475], [5.00616236089035, 48.63348264533262], [4.992811815436962, 48.65827053404921], [5.008333278861154, 48.67023772723031], [4.988427677798425, 48.684418562233176], [5.011787133446862, 48.70669113644506], [5.009219993538869, 48.74139150464051], [4.990124563499123, 48.74183736486811], [4.947881817618987, 48.771602644481156], [4.934571757746961, 48.790360787111126], [4.889557040484959, 48.798206203700566], [4.888760929797642, 48.81720971453769], [4.93570201866688, 48.840631475686905], [4.924676889741789, 48.86463057973145], [4.924696402833776, 48.89135651199283], [4.915798542054488, 48.89979310962273], [4.9362093920054075, 48.92214239512387], [4.986405609443761, 48.93190826599592], [5.030128675561755, 48.95690245547182], [5.037904334159841, 48.9730160560533], [5.004646480636104, 48.98364213966209], [5.032675426761192, 48.99373965141204], [5.036321445219877, 49.02433254954083], [5.0076814026818575, 49.03495195077163], [4.96844159954904, 49.02290133721377], [5.005744190171552, 49.05987214490083], [4.99213130434257, 49.114899861463385], [4.974408367068746, 49.13340447110328], [4.953397966379194, 49.17195155260111], [4.9397619983736725, 49.18506820457861], [4.993377429884994, 49.20962536427259], [4.970761881963812, 49.23605865097721], [4.950989232683009, 49.23686584630137]]]}, "properties": {"code": "55", "nom": "Meuse"}}, {"type": "Feature", "properties": {"code": "56", "nom": "Morbihan"}, "geometry": {"type": "MultiPolygon", "coordinates": [[[[-3.01322, 47.41074], [-3.01772, 47.41124], [-3.01572, 47.41247], [-3.01214, 47.41191], [-3.01322, 47.41074]]], [[[-3.42179, 47.62], [-3.42301, 47.62026], [-3.4267, 47.62345], [-3.42902, 47.62451], [-3.43039, 47.62363], [-3.43265, 47.62347], [-3.43354, 47.62555], [-3.43463, 47.62586], [-3.43557, 47.62779], [-3.43899, 47.62852], [-3.44054, 47.628], [-3.44054, 47.62678], [-3.44259, 47.62488], [-3.44464, 47.62468], [-3.4466, 47.62314], [-3.45052, 47.62344], [-3.45378, 47.62224], [-3.45577, 47.62268], [-3.4577, 47.62091], [-3.46024, 47.62156], [-3.46262, 47.62017], [-3.46537, 47.62148], [-3.46469, 47.62309], [-3.4696, 47.62474], [-3.47371, 47.62702], [-3.47642, 47.62729], [-3.47905, 47.62697], [-3.48101, 47.62845], [-3.48282, 47.628], [-3.48671, 47.62875], [-3.48566, 47.62949], [-3.48589, 47.63101], [-3.4845, 47.63112], [-3.48347, 47.63266], [-3.48959, 47.6319], [-3.49252, 47.63243], [-3.49689, 47.6351], [-3.50008, 47.63629], [-3.50082, 47.63814], [-3.50423, 47.63887], [-3.50626, 47.63972], [-3.50845, 47.64137], [-3.50826, 47.64205], [-3.51144, 47.64307], [-3.51247, 47.64513], [-3.51509, 47.64713], [-3.51361, 47.65013], [-3.51223, 47.65146], [-3.50915, 47.65134], [-3.5038, 47.65188], [-3.50248, 47.65321], [-3.50031, 47.65346], [-3.49389, 47.65333], [-3.49284, 47.65293], [-3.48486, 47.65266], [-3.48222, 47.65039], [-3.48014, 47.64978], [-3.47817, 47.65006], [-3.47573, 47.6491], [-3.47287, 47.64857], [-3.47027, 47.64914], [-3.46861, 47.64869], [-3.46575, 47.64933], [-3.46321, 47.64805], [-3.45961, 47.64567], [-3.45468, 47.64515], [-3.45287, 47.64438], [-3.44885, 47.64431], [-3.44731, 47.64299], [-3.44259, 47.64386], [-3.43755, 47.64406], [-3.43184, 47.64245], [-3.42991, 47.64304], [-3.42892, 47.64138], [-3.42713, 47.64084], [-3.42337, 47.63814], [-3.42272, 47.63718], [-3.42056, 47.63634], [-3.41681, 47.63427], [-3.41513, 47.63228], [-3.41542, 47.63136], [-3.41752, 47.62973], [-3.41884, 47.62781], [-3.41812, 47.62555], [-3.41993, 47.62433], [-3.42137, 47.62227], [-3.42179, 47.62]]], [[[-2.9974, 47.39276], [-2.99872, 47.39328], [-2.99932, 47.3947], [-2.99567, 47.39536], [-2.99561, 47.3941], [-2.9974, 47.39276]]], [[[-3.19531, 47.29175], [-3.19711, 47.29306], [-3.19484, 47.29353], [-3.19531, 47.29175]]], [[[-2.96893, 47.35552], [-2.97103, 47.35588], [-2.97266, 47.35761], [-2.97048, 47.3583], [-2.96854, 47.35753], [-2.96893, 47.35552]]], [[[-2.8837, 47.34309], [-2.88164, 47.34336], [-2.87646, 47.34324], [-2.8758, 47.3425], [-2.87257, 47.34345], [-2.86972, 47.34615], [-2.86855, 47.34778], [-2.86628, 47.34897], [-2.86336, 47.34897], [-2.86233, 47.34654], [-2.86249, 47.3435], [-2.86104, 47.34082], [-2.86231, 47.34023], [-2.86437, 47.33684], [-2.86842, 47.3363], [-2.86955, 47.33571], [-2.87455, 47.33526], [-2.87567, 47.3344], [-2.87624, 47.33216], [-2.87766, 47.3325], [-2.88027, 47.33198], [-2.88048, 47.33012], [-2.88243, 47.3303], [-2.88121, 47.3322], [-2.88192, 47.33335], [-2.8852, 47.33221], [-2.88737, 47.33337], [-2.88661, 47.33511], [-2.88864, 47.33692], [-2.89063, 47.33768], [-2.88878, 47.33903], [-2.88744, 47.34085], [-2.88808, 47.3433], [-2.89108, 47.34492], [-2.89165, 47.34669], [-2.89041, 47.34685], [-2.88801, 47.34466], [-2.8837, 47.34309]]], [[[-3.23545, 47.32382], [-3.23656, 47.32755], [-3.23833, 47.32665], [-3.24106, 47.32809], [-3.24361, 47.32838], [-3.2457, 47.32995], [-3.24862, 47.33067], [-3.24838, 47.33284], [-3.24965, 47.33341], [-3.24949, 47.3358], [-3.25098, 47.33609], [-3.25249, 47.33521], [-3.25391, 47.33749], [-3.25226, 47.3382], [-3.25512, 47.34081], [-3.25457, 47.34246], [-3.25592, 47.34262], [-3.25735, 47.34503], [-3.25492, 47.34704], [-3.25493, 47.3484], [-3.25682, 47.34875], [-3.25916, 47.35144], [-3.26006, 47.35058], [-3.26292, 47.35125], [-3.26355, 47.35226], [-3.26208, 47.35328], [-3.26243, 47.35416], [-3.26066, 47.35695], [-3.25918, 47.35797], [-3.26102, 47.35901], [-3.26281, 47.36212], [-3.26004, 47.36424], [-3.26184, 47.36695], [-3.25869, 47.36855], [-3.25905, 47.37002], [-3.26233, 47.37157], [-3.25613, 47.37326], [-3.25249, 47.372], [-3.24695, 47.37114], [-3.24653, 47.37207], [-3.24964, 47.37457], [-3.25142, 47.37444], [-3.25317, 47.37535], [-3.25228, 47.3776], [-3.24911, 47.37906], [-3.24888, 47.38183], [-3.25036, 47.38392], [-3.24956, 47.38585], [-3.24722, 47.38754], [-3.2447, 47.38762], [-3.24149, 47.38484], [-3.2416, 47.38339], [-3.23653, 47.38183], [-3.23501, 47.37939], [-3.23344, 47.37897], [-3.22961, 47.3792], [-3.22747, 47.37835], [-3.22341, 47.37832], [-3.2199, 47.37962], [-3.21753, 47.37792], [-3.21865, 47.37593], [-3.2182, 47.37289], [-3.21988, 47.37173], [-3.21949, 47.37053], [-3.21642, 47.37297], [-3.21635, 47.37361], [-3.21163, 47.37294], [-3.21035, 47.3734], [-3.20796, 47.3727], [-3.20645, 47.37093], [-3.20306, 47.37213], [-3.20061, 47.37225], [-3.19967, 47.37022], [-3.19685, 47.36981], [-3.19621, 47.3675], [-3.19464, 47.36721], [-3.19352, 47.36591], [-3.19091, 47.36504], [-3.18968, 47.36407], [-3.18564, 47.36417], [-3.18296, 47.36457], [-3.17954, 47.36415], [-3.17351, 47.36177], [-3.17175, 47.36136], [-3.16614, 47.36226], [-3.16338, 47.36199], [-3.16023, 47.36236], [-3.15901, 47.364], [-3.15729, 47.36462], [-3.15538, 47.36155], [-3.15654, 47.36064], [-3.15595, 47.35873], [-3.15606, 47.35656], [-3.15367, 47.35392], [-3.15305, 47.3499], [-3.15347, 47.34753], [-3.15126, 47.34547], [-3.14904, 47.34436], [-3.14918, 47.34332], [-3.14526, 47.34319], [-3.14566, 47.33934], [-3.1453, 47.33846], [-3.14649, 47.33714], [-3.14632, 47.3348], [-3.1425, 47.33182], [-3.14098, 47.33117], [-3.13856, 47.32899], [-3.13605, 47.32844], [-3.13163, 47.32801], [-3.12861, 47.32897], [-3.12396, 47.32882], [-3.12539, 47.32659], [-3.12405, 47.32517], [-3.11966, 47.32375], [-3.11255, 47.32431], [-3.11382, 47.32308], [-3.11102, 47.31902], [-3.10475, 47.3167], [-3.10086, 47.31558], [-3.09312, 47.31513], [-3.09051, 47.31616], [-3.08593, 47.31614], [-3.08367, 47.31666], [-3.08094, 47.31661], [-3.07917, 47.31737], [-3.0762, 47.31687], [-3.07476, 47.31771], [-3.07231, 47.31706], [-3.0702, 47.3172], [-3.06675, 47.31655], [-3.0624, 47.31486], [-3.06054, 47.31283], [-3.05824, 47.31172], [-3.0559, 47.30817], [-3.05794, 47.30673], [-3.0608, 47.30745], [-3.06474, 47.30709], [-3.0655, 47.30551], [-3.06553, 47.30376], [-3.06632, 47.30187], [-3.06531, 47.30097], [-3.06682, 47.29955], [-3.06803, 47.29715], [-3.06766, 47.29604], [-3.0722, 47.29501], [-3.0724, 47.29442], [-3.07532, 47.29257], [-3.07715, 47.28834], [-3.07493, 47.2874], [-3.07592, 47.28605], [-3.07737, 47.28594], [-3.07858, 47.28484], [-3.08121, 47.284], [-3.08496, 47.28377], [-3.08656, 47.28307], [-3.08823, 47.2806], [-3.09184, 47.2784], [-3.09618, 47.27878], [-3.09679, 47.28015], [-3.09449, 47.28166], [-3.09464, 47.28314], [-3.09622, 47.28297], [-3.09878, 47.28403], [-3.10001, 47.28316], [-3.10192, 47.28433], [-3.10663, 47.28505], [-3.10761, 47.28686], [-3.11004, 47.28796], [-3.11227, 47.28767], [-3.11344, 47.28875], [-3.11717, 47.28775], [-3.11998, 47.2892], [-3.12077, 47.29043], [-3.12289, 47.29055], [-3.1261, 47.2895], [-3.12767, 47.28803], [-3.13023, 47.28705], [-3.1308, 47.28811], [-3.13419, 47.28772], [-3.13621, 47.28798], [-3.13965, 47.28597], [-3.14221, 47.28761], [-3.13782, 47.28881], [-3.13909, 47.28956], [-3.14186, 47.28943], [-3.1482, 47.29309], [-3.15237, 47.29371], [-3.15704, 47.29331], [-3.15807, 47.29236], [-3.16063, 47.29481], [-3.16055, 47.29647], [-3.16276, 47.2961], [-3.16425, 47.29778], [-3.16547, 47.29723], [-3.16743, 47.29831], [-3.16764, 47.30159], [-3.16915, 47.30157], [-3.16893, 47.30004], [-3.17116, 47.30048], [-3.17383, 47.30184], [-3.17538, 47.3015], [-3.17752, 47.29913], [-3.17972, 47.29863], [-3.18241, 47.29904], [-3.18229, 47.29589], [-3.18428, 47.29534], [-3.18894, 47.29489], [-3.19269, 47.2939], [-3.19617, 47.29373], [-3.1967, 47.2943], [-3.19982, 47.29496], [-3.20077, 47.29636], [-3.20214, 47.29688], [-3.20103, 47.29959], [-3.20287, 47.29941], [-3.20462, 47.29843], [-3.20645, 47.29631], [-3.20573, 47.29386], [-3.20809, 47.29362], [-3.21205, 47.29532], [-3.214, 47.2936], [-3.21686, 47.29382], [-3.21838, 47.29244], [-3.22099, 47.29516], [-3.22474, 47.29628], [-3.22496, 47.29771], [-3.22325, 47.2978], [-3.2233, 47.29965], [-3.22502, 47.30015], [-3.22712, 47.29991], [-3.23253, 47.30231], [-3.23381, 47.30121], [-3.23595, 47.30147], [-3.23885, 47.30313], [-3.2385, 47.30554], [-3.2407, 47.30625], [-3.23844, 47.30811], [-3.24119, 47.30834], [-3.2419, 47.30944], [-3.24425, 47.30855], [-3.24488, 47.31073], [-3.2464, 47.3126], [-3.24828, 47.3135], [-3.24961, 47.31668], [-3.24588, 47.3165], [-3.24418, 47.3174], [-3.24433, 47.32005], [-3.24366, 47.32071], [-3.24006, 47.3217], [-3.23968, 47.32311], [-3.23792, 47.32469], [-3.23545, 47.32382]]], [[[-2.94815, 47.37334], [-2.94896, 47.37488], [-2.95087, 47.37533], [-2.95286, 47.37736], [-2.95657, 47.37791], [-2.95573, 47.38015], [-2.95662, 47.38183], [-2.95872, 47.38363], [-2.96078, 47.38421], [-2.96196, 47.38348], [-2.96486, 47.38461], [-2.96741, 47.38418], [-2.96984, 47.38528], [-2.97396, 47.38532], [-2.97718, 47.38769], [-2.97688, 47.38929], [-2.97975, 47.38952], [-2.97966, 47.3906], [-2.98373, 47.39343], [-2.98563, 47.39321], [-2.9862, 47.39422], [-2.98902, 47.39463], [-2.99208, 47.39331], [-2.99368, 47.39342], [-2.99375, 47.39473], [-2.99236, 47.39547], [-2.99179, 47.39703], [-2.99431, 47.39899], [-2.99039, 47.40237], [-2.98857, 47.39938], [-2.98431, 47.39922], [-2.98181, 47.40015], [-2.98121, 47.39878], [-2.97898, 47.39708], [-2.97707, 47.39658], [-2.97139, 47.39355], [-2.96914, 47.39361], [-2.96773, 47.39282], [-2.96579, 47.39331], [-2.96329, 47.39284], [-2.96065, 47.39372], [-2.95911, 47.39361], [-2.95819, 47.39222], [-2.95454, 47.39103], [-2.95175, 47.39088], [-2.94993, 47.39133], [-2.94899, 47.39245], [-2.9453, 47.3928], [-2.94132, 47.39488], [-2.93938, 47.3947], [-2.93899, 47.39345], [-2.9404, 47.39226], [-2.9438, 47.39112], [-2.9484, 47.3892], [-2.95153, 47.38734], [-2.95344, 47.38513], [-2.95395, 47.38367], [-2.9531, 47.38118], [-2.94963, 47.3803], [-2.94815, 47.37334]]], [[[-3.2514, 47.38631], [-3.25302, 47.38784], [-3.25305, 47.38929], [-3.24912, 47.38926], [-3.25007, 47.38691], [-3.2514, 47.38631]]], [[[-2.59313, 47.52759], [-2.59179, 47.52688], [-2.59191, 47.5253], [-2.59361, 47.52495], [-2.59472, 47.52617], [-2.59313, 47.52759]]], [[[-3.13883, 47.71281], [-3.13646, 47.71377], [-3.13674, 47.71205], [-3.13883, 47.71281]]], [[[-2.85956, 47.55989], [-2.86089, 47.56191], [-2.86063, 47.56462], [-2.86113, 47.56776], [-2.86185, 47.56971], [-2.85988, 47.57201], [-2.86007, 47.57331], [-2.85874, 47.57602], [-2.85809, 47.5789], [-2.857, 47.58007], [-2.85715, 47.5829], [-2.85622, 47.58573], [-2.85613, 47.58741], [-2.85698, 47.59012], [-2.85578, 47.59071], [-2.85385, 47.59414], [-2.85168, 47.59518], [-2.85128, 47.59854], [-2.85281, 47.59981], [-2.85519, 47.60039], [-2.85397, 47.60139], [-2.85172, 47.60103], [-2.85032, 47.59894], [-2.84866, 47.59829], [-2.84611, 47.59944], [-2.84247, 47.60451], [-2.84022, 47.60538], [-2.83887, 47.6072], [-2.83675, 47.60599], [-2.83789, 47.604], [-2.83927, 47.5997], [-2.84087, 47.59904], [-2.84194, 47.59701], [-2.83991, 47.59462], [-2.84067, 47.59351], [-2.83792, 47.59191], [-2.83526, 47.59204], [-2.83389, 47.59309], [-2.83211, 47.59326], [-2.82832, 47.59131], [-2.82446, 47.59066], [-2.82393, 47.58857], [-2.82539, 47.58783], [-2.82761, 47.58945], [-2.83199, 47.58997], [-2.8347, 47.58913], [-2.8374, 47.58735], [-2.8395, 47.58905], [-2.84506, 47.59002], [-2.84676, 47.58972], [-2.8496, 47.58738], [-2.85162, 47.58351], [-2.85214, 47.58133], [-2.85159, 47.5791], [-2.85051, 47.57765], [-2.85285, 47.57566], [-2.85547, 47.57464], [-2.85571, 47.57291], [-2.85304, 47.57217], [-2.85357, 47.57076], [-2.85305, 47.56821], [-2.85109, 47.56726], [-2.84877, 47.56737], [-2.84886, 47.56619], [-2.85152, 47.56625], [-2.85453, 47.56571], [-2.85792, 47.56632], [-2.85934, 47.56518], [-2.85804, 47.56402], [-2.85837, 47.56202], [-2.85754, 47.56103], [-2.85956, 47.55989]]], [[[-2.80961, 47.57826], [-2.81267, 47.57893], [-2.81161, 47.58182], [-2.81362, 47.58394], [-2.8108, 47.58438], [-2.80796, 47.58604], [-2.80554, 47.58588], [-2.80476, 47.58681], [-2.81105, 47.58843], [-2.81287, 47.59068], [-2.80909, 47.59225], [-2.80796, 47.5923], [-2.80528, 47.59413], [-2.80216, 47.59558], [-2.80109, 47.59693], [-2.79896, 47.59694], [-2.79559, 47.59862], [-2.79511, 47.60134], [-2.79598, 47.6041], [-2.79474, 47.60564], [-2.79329, 47.60579], [-2.79221, 47.6044], [-2.79395, 47.60229], [-2.79393, 47.60153], [-2.79179, 47.60072], [-2.78973, 47.60082], [-2.78788, 47.59954], [-2.78656, 47.59483], [-2.78907, 47.59386], [-2.79225, 47.59363], [-2.79425, 47.59228], [-2.79449, 47.59073], [-2.79859, 47.58965], [-2.79931, 47.58755], [-2.80147, 47.58646], [-2.80354, 47.58168], [-2.80698, 47.58139], [-2.80754, 47.57961], [-2.80961, 47.57826]]], [[[-2.72741, 47.57259], [-2.72987, 47.57461], [-2.73347, 47.57886], [-2.73818, 47.58069], [-2.73787, 47.58164], [-2.73874, 47.58377], [-2.73643, 47.58405], [-2.73302, 47.58181], [-2.73032, 47.58139], [-2.72873, 47.58019], [-2.72668, 47.57961], [-2.72524, 47.5771], [-2.72405, 47.57644], [-2.72577, 47.57492], [-2.72741, 47.57259]]], [[[-2.78595, 47.56848], [-2.78727, 47.56911], [-2.78956, 47.56869], [-2.79111, 47.56952], [-2.79443, 47.57018], [-2.79539, 47.571], [-2.79435, 47.57348], [-2.79261, 47.5746], [-2.79349, 47.57627], [-2.79191, 47.57778], [-2.79253, 47.57942], [-2.79078, 47.57986], [-2.79138, 47.57703], [-2.79016, 47.57628], [-2.78596, 47.57547], [-2.78586, 47.57372], [-2.78907, 47.5725], [-2.78927, 47.57114], [-2.78595, 47.56848]]], [[[-2.75329, 47.6022], [-2.75727, 47.6054], [-2.75989, 47.60646], [-2.76266, 47.60548], [-2.7663, 47.60649], [-2.77026, 47.60613], [-2.76988, 47.60701], [-2.771, 47.61034], [-2.76887, 47.61043], [-2.76674, 47.60913], [-2.76489, 47.60985], [-2.7619, 47.6079], [-2.75955, 47.60706], [-2.75692, 47.60735], [-2.75474, 47.60682], [-2.75235, 47.60354], [-2.75329, 47.6022]]], [[[-2.77709, 47.58636], [-2.77861, 47.58639], [-2.78048, 47.58833], [-2.78017, 47.5893], [-2.78304, 47.59079], [-2.78331, 47.58952], [-2.78618, 47.58952], [-2.78306, 47.59309], [-2.78142, 47.59334], [-2.77903, 47.59273], [-2.77708, 47.59317], [-2.7753, 47.5955], [-2.77448, 47.5946], [-2.77482, 47.59268], [-2.77642, 47.59126], [-2.77745, 47.58874], [-2.77647, 47.58693], [-2.77709, 47.58636]]], [[[-2.90904, 47.56668], [-2.91015, 47.56709], [-2.91075, 47.56985], [-2.91057, 47.57211], [-2.912, 47.5757], [-2.91045, 47.57761], [-2.90875, 47.57724], [-2.90816, 47.57389], [-2.90828, 47.56983], [-2.90632, 47.56883], [-2.90668, 47.56774], [-2.90904, 47.56668]]], [[[-2.89901, 47.57105], [-2.90147, 47.5723], [-2.90013, 47.57353], [-2.89853, 47.57635], [-2.89608, 47.57642], [-2.89574, 47.57296], [-2.89901, 47.57105]]], [[[-2.72586, 47.5906], [-2.72945, 47.59256], [-2.72934, 47.59351], [-2.72758, 47.59543], [-2.72333, 47.59337], [-2.72272, 47.59267], [-2.72354, 47.59074], [-2.72586, 47.5906]]], [[[-2.88918, 47.56523], [-2.89041, 47.56685], [-2.88877, 47.57044], [-2.88889, 47.57165], [-2.88673, 47.57143], [-2.88664, 47.56977], [-2.8856, 47.56883], [-2.88656, 47.56703], [-2.88844, 47.56653], [-2.88918, 47.56523]]], [[[-2.78787, 47.56142], [-2.78919, 47.56203], [-2.79228, 47.56226], [-2.79531, 47.56474], [-2.79301, 47.56502], [-2.79107, 47.56353], [-2.78724, 47.56329], [-2.78787, 47.56142]]], [[[-2.7743, 47.61285], [-2.77564, 47.61347], [-2.77864, 47.61365], [-2.78423, 47.61552], [-2.78303, 47.61693], [-2.78073, 47.61595], [-2.77998, 47.61499], [-2.77476, 47.61488], [-2.7743, 47.61285]]], [[[-2.8469, 47.60959], [-2.85187, 47.61076], [-2.85237, 47.61173], [-2.85079, 47.61329], [-2.84837, 47.61241], [-2.84562, 47.61082], [-2.8469, 47.60959]]], [[[-2.8468, 47.55397], [-2.84741, 47.55611], [-2.84575, 47.55618], [-2.84451, 47.55715], [-2.84492, 47.56001], [-2.84263, 47.56038], [-2.84271, 47.55776], [-2.8442, 47.55531], [-2.8468, 47.55397]]], [[[-2.92842, 47.57739], [-2.92996, 47.5789], [-2.93082, 47.58143], [-2.92944, 47.58167], [-2.92583, 47.5789], [-2.92842, 47.57739]]], [[[-2.80915, 47.59424], [-2.81152, 47.59593], [-2.81293, 47.59812], [-2.81239, 47.59873], [-2.8085, 47.59647], [-2.80915, 47.59424]]], [[[-2.80512, 47.56079], [-2.8062, 47.56165], [-2.80757, 47.56406], [-2.80651, 47.56559], [-2.80336, 47.56326], [-2.80499, 47.56228], [-2.80512, 47.56079]]], [[[-2.83027, 47.55656], [-2.83209, 47.55743], [-2.83267, 47.55857], [-2.83124, 47.56026], [-2.82879, 47.55839], [-2.82904, 47.55689], [-2.83027, 47.55656]]], [[[-2.84854, 47.56021], [-2.85076, 47.5611], [-2.85039, 47.56287], [-2.84877, 47.56258], [-2.84671, 47.56128], [-2.84854, 47.56021]]], [[[-2.9298, 47.58391], [-2.93327, 47.58465], [-2.93302, 47.58548], [-2.93062, 47.58612], [-2.92867, 47.58603], [-2.9298, 47.58391]]], [[[-2.8046, 47.60714], [-2.80562, 47.60863], [-2.80269, 47.60867], [-2.8009, 47.60942], [-2.80051, 47.60759], [-2.80295, 47.60789], [-2.8046, 47.60714]]], [[[-2.74768, 47.5749], [-2.74993, 47.57621], [-2.74824, 47.57727], [-2.74633, 47.57618], [-2.74768, 47.5749]]], [[[-2.88379, 47.56525], [-2.88737, 47.56298], [-2.88607, 47.56546], [-2.88379, 47.56525]]], [[[-2.76314, 47.59036], [-2.76477, 47.59195], [-2.76232, 47.59216], [-2.76314, 47.59036]]], [[[-2.91346, 47.5777], [-2.91456, 47.57811], [-2.91461, 47.57987], [-2.91222, 47.57862], [-2.91346, 47.5777]]], [[[-2.86899, 47.57664], [-2.86955, 47.57762], [-2.86788, 47.57894], [-2.8666, 47.57811], [-2.86899, 47.57664]]], [[[-2.72368, 47.59848], [-2.72593, 47.59965], [-2.72346, 47.60043], [-2.72368, 47.59848]]], [[[-3.16005, 47.71906], [-3.15942, 47.72008], [-3.15621, 47.7201], [-3.15576, 47.71633], [-3.15654, 47.71354], [-3.15891, 47.71195], [-3.15841, 47.7103], [-3.15688, 47.70852], [-3.1587, 47.70673], [-3.16059, 47.707], [-3.16027, 47.70836], [-3.16204, 47.71058], [-3.16237, 47.71183], [-3.16111, 47.71392], [-3.1616, 47.7166], [-3.16356, 47.71876], [-3.16285, 47.72033], [-3.16005, 47.71906]]], [[[-3.17005, 47.68541], [-3.17199, 47.68559], [-3.17288, 47.68766], [-3.1702, 47.68878], [-3.16944, 47.68733], [-3.17005, 47.68541]]], [[[-3.17801, 47.68629], [-3.17983, 47.68711], [-3.17898, 47.68926], [-3.17764, 47.68974], [-3.17658, 47.68735], [-3.17801, 47.68629]]], [[[-3.18521, 47.68609], [-3.18693, 47.68794], [-3.18515, 47.68812], [-3.18391, 47.68714], [-3.18521, 47.68609]]], [[[-3.56484, 48.18575], [-3.56318, 48.18475], [-3.56074, 48.18221], [-3.55857, 48.18151], [-3.55554, 48.17988], [-3.54848, 48.17989], [-3.54578, 48.18044], [-3.54057, 48.17903], [-3.53654, 48.17869], [-3.53612, 48.17794], [-3.53042, 48.17873], [-3.52727, 48.1783], [-3.52266, 48.17866], [-3.51945, 48.17959], [-3.51295, 48.18046], [-3.51006, 48.18114], [-3.50603, 48.1813], [-3.50216, 48.1805], [-3.49936, 48.18249], [-3.49067, 48.18386], [-3.4879, 48.18373], [-3.484, 48.18505], [-3.4788, 48.18621], [-3.47695, 48.18594], [-3.47632, 48.1839], [-3.47517, 48.18314], [-3.47406, 48.17995], [-3.46997, 48.17768], [-3.46862, 48.17887], [-3.46866, 48.17995], [-3.46318, 48.18097], [-3.45855, 48.17988], [-3.45485, 48.17977], [-3.45274, 48.17863], [-3.45289, 48.1774], [-3.44981, 48.17831], [-3.44449, 48.18137], [-3.44476, 48.18325], [-3.44417, 48.18459], [-3.44215, 48.18518], [-3.43805, 48.18412], [-3.43561, 48.18212], [-3.43228, 48.1812], [-3.43025, 48.17991], [-3.42881, 48.17786], [-3.42594, 48.17692], [-3.4234, 48.17714], [-3.42109, 48.17446], [-3.42151, 48.17159], [-3.4238, 48.1709], [-3.42404, 48.17007], [-3.42799, 48.17046], [-3.43191, 48.16811], [-3.43255, 48.16712], [-3.43679, 48.16408], [-3.43844, 48.16256], [-3.43869, 48.15984], [-3.43718, 48.1578], [-3.43652, 48.15549], [-3.43517, 48.15424], [-3.43263, 48.1532], [-3.43009, 48.15341], [-3.42721, 48.15224], [-3.42607, 48.15108], [-3.42284, 48.14989], [-3.41997, 48.14827], [-3.4176, 48.14564], [-3.41333, 48.14621], [-3.41134, 48.14825], [-3.40824, 48.14881], [-3.40629, 48.15129], [-3.40593, 48.15356], [-3.40399, 48.15613], [-3.40232, 48.15694], [-3.39666, 48.15568], [-3.3954, 48.15218], [-3.3936, 48.15164], [-3.38949, 48.15292], [-3.38997, 48.15425], [-3.38846, 48.15468], [-3.3861, 48.15646], [-3.3825, 48.1575], [-3.37961, 48.15935], [-3.37768, 48.15958], [-3.3755, 48.16064], [-3.37558, 48.16378], [-3.37272, 48.16478], [-3.36863, 48.16426], [-3.36649, 48.16324], [-3.36161, 48.16487], [-3.35925, 48.16611], [-3.35718, 48.165], [-3.35411, 48.1646], [-3.34974, 48.16477], [-3.34733, 48.16741], [-3.34594, 48.16816], [-3.34387, 48.17096], [-3.33772, 48.17077], [-3.33667, 48.16851], [-3.33253, 48.16452], [-3.32943, 48.16319], [-3.32779, 48.16178], [-3.32356, 48.16068], [-3.32448, 48.15855], [-3.32545, 48.15815], [-3.32541, 48.15464], [-3.32628, 48.15405], [-3.3254, 48.15017], [-3.32053, 48.14883], [-3.31812, 48.14885], [-3.31597, 48.15333], [-3.31614, 48.15549], [-3.31228, 48.15468], [-3.31042, 48.15568], [-3.30744, 48.15609], [-3.30443, 48.1556], [-3.30183, 48.15411], [-3.3001, 48.15482], [-3.29907, 48.15401], [-3.29678, 48.15403], [-3.2973, 48.15143], [-3.29461, 48.15206], [-3.2929, 48.15308], [-3.29088, 48.15296], [-3.29066, 48.15157], [-3.29289, 48.15039], [-3.29083, 48.14945], [-3.28897, 48.14963], [-3.28888, 48.14756], [-3.28706, 48.14575], [-3.28613, 48.14395], [-3.28438, 48.14327], [-3.28291, 48.14162], [-3.28135, 48.14142], [-3.27865, 48.14201], [-3.27511, 48.14357], [-3.27416, 48.14164], [-3.27224, 48.14001], [-3.27102, 48.14052], [-3.27022, 48.14376], [-3.2679, 48.14532], [-3.26565, 48.14583], [-3.26304, 48.1446], [-3.26101, 48.14457], [-3.25946, 48.14329], [-3.25853, 48.1454], [-3.2566, 48.14807], [-3.2539, 48.14797], [-3.25234, 48.14913], [-3.25023, 48.14833], [-3.24732, 48.14887], [-3.24371, 48.15015], [-3.24109, 48.1516], [-3.23789, 48.15008], [-3.23441, 48.15034], [-3.23452, 48.14875], [-3.23272, 48.147], [-3.22862, 48.14962], [-3.22435, 48.14824], [-3.2249, 48.14637], [-3.22151, 48.14617], [-3.21833, 48.14416], [-3.21583, 48.14396], [-3.2134, 48.14273], [-3.2122, 48.14287], [-3.21115, 48.14432], [-3.21171, 48.14519], [-3.21421, 48.14648], [-3.2154, 48.14822], [-3.21476, 48.1505], [-3.21554, 48.15209], [-3.21438, 48.15445], [-3.21271, 48.15462], [-3.20779, 48.15399], [-3.20817, 48.1557], [-3.20515, 48.15889], [-3.20528, 48.16023], [-3.20181, 48.16117], [-3.19976, 48.16217], [-3.19815, 48.16224], [-3.19155, 48.16476], [-3.18782, 48.16264], [-3.1814, 48.16051], [-3.17741, 48.16106], [-3.17537, 48.1589], [-3.17067, 48.16029], [-3.16867, 48.16051], [-3.16442, 48.16302], [-3.15962, 48.16743], [-3.15812, 48.16791], [-3.15657, 48.16339], [-3.15525, 48.15849], [-3.1496, 48.16042], [-3.1482, 48.16062], [-3.1395, 48.16369], [-3.14015, 48.16673], [-3.13844, 48.16779], [-3.13463, 48.16811], [-3.1333, 48.17011], [-3.13414, 48.17178], [-3.13366, 48.17298], [-3.13022, 48.17687], [-3.1306, 48.17794], [-3.13546, 48.17988], [-3.13688, 48.18192], [-3.13707, 48.18372], [-3.13592, 48.18697], [-3.13662, 48.18793], [-3.13673, 48.19022], [-3.13513, 48.19224], [-3.13183, 48.19429], [-3.13053, 48.19602], [-3.13004, 48.20032], [-3.12558, 48.20016], [-3.12027, 48.20041], [-3.11603, 48.20376], [-3.11654, 48.20608], [-3.11534, 48.20677], [-3.11187, 48.20526], [-3.10988, 48.20612], [-3.10906, 48.20805], [-3.10697, 48.20793], [-3.10637, 48.20543], [-3.1044, 48.20534], [-3.09997, 48.20613], [-3.09641, 48.20571], [-3.09493, 48.20433], [-3.09473, 48.20236], [-3.09373, 48.20191], [-3.09048, 48.20238], [-3.08558, 48.20396], [-3.08507, 48.2054], [-3.0854, 48.20743], [-3.08464, 48.20855], [-3.08224, 48.21011], [-3.07801, 48.21088], [-3.07499, 48.20715], [-3.07248, 48.20565], [-3.06945, 48.20502], [-3.06746, 48.20534], [-3.06293, 48.20523], [-3.05949, 48.20584], [-3.05649, 48.20692], [-3.05433, 48.20675], [-3.0503, 48.20495], [-3.04886, 48.20302], [-3.04772, 48.20262], [-3.04398, 48.20258], [-3.03732, 48.20399], [-3.03596, 48.20317], [-3.03354, 48.19936], [-3.03088, 48.19662], [-3.02851, 48.19576], [-3.02382, 48.19626], [-3.01801, 48.19773], [-3.01493, 48.19796], [-3.01428, 48.19651], [-3.01778, 48.19481], [-3.02044, 48.19244], [-3.01984, 48.1912], [-3.01395, 48.18705], [-3.01263, 48.18527], [-3.0113, 48.18213], [-3.01111, 48.17903], [-3.01241, 48.17649], [-3.01233, 48.17374], [-3.01177, 48.17215], [-3.00978, 48.17061], [-3.00693, 48.1703], [-3.00456, 48.1709], [-3.00099, 48.17084], [-2.9976, 48.17131], [-2.99564, 48.17072], [-2.99575, 48.16972], [-2.99826, 48.16659], [-2.99994, 48.1652], [-3.00047, 48.16383], [-2.99975, 48.16071], [-2.99694, 48.1616], [-2.99436, 48.16073], [-2.99048, 48.16086], [-2.98692, 48.15967], [-2.9859, 48.16022], [-2.98207, 48.16038], [-2.97824, 48.16178], [-2.97023, 48.16714], [-2.96128, 48.16993], [-2.95845, 48.16984], [-2.95463, 48.17077], [-2.95186, 48.17081], [-2.95053, 48.17155], [-2.94861, 48.17123], [-2.94699, 48.17184], [-2.93969, 48.17158], [-2.93802, 48.1704], [-2.93245, 48.16795], [-2.92579, 48.16802], [-2.92184, 48.16756], [-2.91861, 48.16622], [-2.91333, 48.16532], [-2.91046, 48.16564], [-2.90718, 48.16452], [-2.90456, 48.16316], [-2.9027, 48.16275], [-2.89929, 48.16366], [-2.89622, 48.16326], [-2.89145, 48.16473], [-2.88794, 48.162], [-2.88369, 48.15826], [-2.88158, 48.15557], [-2.88224, 48.1528], [-2.87754, 48.15088], [-2.87575, 48.15178], [-2.8744, 48.14909], [-2.872, 48.14797], [-2.87034, 48.14818], [-2.86771, 48.14673], [-2.86559, 48.14633], [-2.86318, 48.14521], [-2.8563, 48.14304], [-2.85292, 48.14157], [-2.8508, 48.14117], [-2.84506, 48.14106], [-2.84352, 48.1404], [-2.8416, 48.14072], [-2.83666, 48.14247], [-2.83407, 48.14226], [-2.83342, 48.14306], [-2.82901, 48.14488], [-2.82819, 48.14406], [-2.82508, 48.14528], [-2.81752, 48.14701], [-2.81454, 48.14628], [-2.80753, 48.14623], [-2.80381, 48.14459], [-2.80539, 48.14357], [-2.80612, 48.1407], [-2.80253, 48.13833], [-2.80009, 48.1375], [-2.79843, 48.13635], [-2.79643, 48.13595], [-2.79472, 48.13485], [-2.79419, 48.1323], [-2.7917, 48.13232], [-2.78934, 48.13085], [-2.78894, 48.12951], [-2.78941, 48.12742], [-2.78884, 48.12434], [-2.78743, 48.123], [-2.78496, 48.12262], [-2.78204, 48.12094], [-2.7811, 48.11814], [-2.7825, 48.11587], [-2.78217, 48.11386], [-2.78364, 48.11101], [-2.78268, 48.10874], [-2.78083, 48.10837], [-2.7784, 48.10699], [-2.7766, 48.10446], [-2.77922, 48.10155], [-2.77911, 48.09904], [-2.77589, 48.09841], [-2.77395, 48.09719], [-2.77362, 48.09594], [-2.7752, 48.09484], [-2.77711, 48.09448], [-2.77766, 48.09036], [-2.77538, 48.08703], [-2.7731, 48.08637], [-2.77059, 48.08679], [-2.77069, 48.08859], [-2.76874, 48.08863], [-2.76675, 48.0916], [-2.7674, 48.0927], [-2.76527, 48.09509], [-2.76352, 48.09571], [-2.76001, 48.09842], [-2.75936, 48.1008], [-2.76023, 48.1027], [-2.75846, 48.10386], [-2.75919, 48.10725], [-2.75799, 48.11018], [-2.75794, 48.11167], [-2.75634, 48.11187], [-2.755, 48.1154], [-2.75244, 48.1161], [-2.75038, 48.11429], [-2.74455, 48.11311], [-2.73916, 48.11443], [-2.73491, 48.11578], [-2.72896, 48.11617], [-2.72437, 48.11736], [-2.72481, 48.11419], [-2.72219, 48.11421], [-2.72019, 48.11371], [-2.7155, 48.11395], [-2.71281, 48.11259], [-2.70659, 48.11299], [-2.70398, 48.11243], [-2.70346, 48.11335], [-2.70319, 48.11683], [-2.70238, 48.1188], [-2.69707, 48.12182], [-2.69507, 48.12051], [-2.69089, 48.12461], [-2.6861, 48.12662], [-2.68048, 48.12839], [-2.67905, 48.13025], [-2.67623, 48.13181], [-2.67263, 48.13283], [-2.66744, 48.13287], [-2.66303, 48.13103], [-2.66098, 48.13062], [-2.66233, 48.12791], [-2.6603, 48.12561], [-2.65786, 48.12405], [-2.6578, 48.12202], [-2.6562, 48.12073], [-2.65288, 48.11979], [-2.65231, 48.11878], [-2.6548, 48.11665], [-2.65704, 48.11615], [-2.65723, 48.11533], [-2.65228, 48.11347], [-2.65156, 48.11228], [-2.65235, 48.10712], [-2.65684, 48.10687], [-2.65632, 48.10356], [-2.65358, 48.10156], [-2.65335, 48.10058], [-2.65071, 48.09908], [-2.65027, 48.09792], [-2.6517, 48.09601], [-2.6549, 48.09502], [-2.65675, 48.0926], [-2.65495, 48.08984], [-2.65426, 48.08753], [-2.65617, 48.08429], [-2.65882, 48.0831], [-2.66167, 48.08266], [-2.66233, 48.08191], [-2.66324, 48.07876], [-2.66345, 48.07456], [-2.66575, 48.07195], [-2.66489, 48.06927], [-2.66733, 48.06804], [-2.66705, 48.06648], [-2.66784, 48.06555], [-2.66983, 48.06542], [-2.67034, 48.0644], [-2.67298, 48.06456], [-2.67301, 48.06266], [-2.6714, 48.06133], [-2.6718, 48.06056], [-2.66711, 48.05796], [-2.66556, 48.05641], [-2.66586, 48.05396], [-2.66697, 48.05152], [-2.66823, 48.05062], [-2.67042, 48.05106], [-2.67038, 48.04841], [-2.66737, 48.04511], [-2.66548, 48.04429], [-2.66149, 48.04406], [-2.65914, 48.04478], [-2.65724, 48.04172], [-2.65837, 48.04021], [-2.66133, 48.03884], [-2.66124, 48.03785], [-2.65916, 48.03442], [-2.65776, 48.03313], [-2.65557, 48.03259], [-2.65567, 48.03448], [-2.65382, 48.0369], [-2.65403, 48.03757], [-2.64907, 48.03778], [-2.64848, 48.03934], [-2.64512, 48.04209], [-2.64377, 48.04207], [-2.64401, 48.0389], [-2.64543, 48.03546], [-2.64099, 48.0347], [-2.64077, 48.03584], [-2.63869, 48.03746], [-2.63604, 48.0378], [-2.632, 48.03702], [-2.63119, 48.03548], [-2.62821, 48.0338], [-2.62549, 48.03564], [-2.62089, 48.03807], [-2.6204, 48.03941], [-2.61634, 48.04255], [-2.61241, 48.04371], [-2.60991, 48.04638], [-2.60638, 48.04734], [-2.60462, 48.04863], [-2.59967, 48.05033], [-2.59488, 48.05296], [-2.59356, 48.05478], [-2.59063, 48.05571], [-2.58635, 48.0595], [-2.58524, 48.06134], [-2.58371, 48.06222], [-2.58158, 48.0646], [-2.58089, 48.06652], [-2.5809, 48.06878], [-2.57735, 48.07088], [-2.57545, 48.07081], [-2.57401, 48.0697], [-2.57178, 48.06923], [-2.56907, 48.06806], [-2.56497, 48.06733], [-2.56215, 48.06817], [-2.56379, 48.07142], [-2.56116, 48.07407], [-2.55218, 48.07619], [-2.55026, 48.07589], [-2.54773, 48.07715], [-2.5523, 48.08146], [-2.55034, 48.08199], [-2.54911, 48.08345], [-2.54882, 48.08746], [-2.55044, 48.09046], [-2.5519, 48.09162], [-2.55045, 48.09271], [-2.5487, 48.09255], [-2.54837, 48.09415], [-2.54906, 48.09512], [-2.55362, 48.09502], [-2.5541, 48.09809], [-2.55289, 48.09889], [-2.551, 48.09859], [-2.5493, 48.09907], [-2.54623, 48.10149], [-2.54393, 48.10285], [-2.53999, 48.10315], [-2.53943, 48.10429], [-2.5368, 48.10643], [-2.53487, 48.10953], [-2.53264, 48.10882], [-2.53176, 48.11116], [-2.5299, 48.11181], [-2.52753, 48.11464], [-2.52602, 48.11787], [-2.52607, 48.11913], [-2.52483, 48.12031], [-2.5217, 48.12138], [-2.5209, 48.12214], [-2.52126, 48.12465], [-2.51808, 48.12519], [-2.51551, 48.13011], [-2.51628, 48.13112], [-2.51397, 48.13242], [-2.51514, 48.13481], [-2.51467, 48.13564], [-2.51514, 48.13778], [-2.51724, 48.14008], [-2.51654, 48.142], [-2.51955, 48.14319], [-2.52274, 48.14354], [-2.5237, 48.14556], [-2.52664, 48.14641], [-2.52784, 48.14725], [-2.5292, 48.14936], [-2.53171, 48.15034], [-2.53213, 48.15334], [-2.53472, 48.15508], [-2.53483, 48.15633], [-2.53217, 48.15782], [-2.52908, 48.15829], [-2.5204, 48.15833], [-2.5189, 48.15929], [-2.51692, 48.15852], [-2.51411, 48.15873], [-2.51199, 48.15976], [-2.50907, 48.16009], [-2.50621, 48.15917], [-2.50114, 48.15831], [-2.49896, 48.15879], [-2.49648, 48.15867], [-2.49644, 48.15722], [-2.49389, 48.15711], [-2.48781, 48.1553], [-2.48472, 48.15611], [-2.48412, 48.15687], [-2.48667, 48.15832], [-2.48691, 48.15948], [-2.48912, 48.15994], [-2.48909, 48.16484], [-2.48783, 48.16643], [-2.48417, 48.16657], [-2.47916, 48.16737], [-2.47812, 48.16552], [-2.47466, 48.16391], [-2.4722, 48.16126], [-2.47181, 48.15997], [-2.46992, 48.16055], [-2.46915, 48.16253], [-2.46579, 48.16276], [-2.46353, 48.16354], [-2.45746, 48.16356], [-2.45473, 48.16402], [-2.45331, 48.1637], [-2.45265, 48.16658], [-2.45432, 48.16929], [-2.44924, 48.17301], [-2.44619, 48.17205], [-2.4403, 48.17185], [-2.43574, 48.17275], [-2.42703, 48.17328], [-2.42604, 48.17414], [-2.41845, 48.17282], [-2.41229, 48.16956], [-2.40921, 48.16896], [-2.40846, 48.16805], [-2.40641, 48.16781], [-2.40363, 48.16243], [-2.40404, 48.16101], [-2.40262, 48.15792], [-2.4013, 48.15739], [-2.40063, 48.15521], [-2.39901, 48.15377], [-2.39406, 48.15254], [-2.39169, 48.15084], [-2.39043, 48.14882], [-2.38863, 48.14831], [-2.38372, 48.14539], [-2.38142, 48.14436], [-2.37949, 48.14232], [-2.37739, 48.14142], [-2.3757, 48.14144], [-2.37445, 48.14023], [-2.37605, 48.13706], [-2.37468, 48.13531], [-2.37481, 48.13225], [-2.37439, 48.12987], [-2.37541, 48.12695], [-2.37257, 48.12292], [-2.37138, 48.12252], [-2.37077, 48.12092], [-2.36847, 48.12003], [-2.36647, 48.11582], [-2.36155, 48.11336], [-2.36023, 48.11364], [-2.35892, 48.11176], [-2.35753, 48.11132], [-2.35679, 48.11346], [-2.35284, 48.11678], [-2.35226, 48.12085], [-2.35096, 48.12217], [-2.35177, 48.12511], [-2.34919, 48.12651], [-2.34522, 48.12713], [-2.33773, 48.12535], [-2.33602, 48.12281], [-2.33583, 48.12146], [-2.33652, 48.11931], [-2.32841, 48.12036], [-2.32303, 48.12197], [-2.32107, 48.12331], [-2.32368, 48.12541], [-2.32327, 48.12682], [-2.32041, 48.12798], [-2.32181, 48.13017], [-2.32031, 48.13081], [-2.32118, 48.13299], [-2.31696, 48.13465], [-2.31575, 48.1355], [-2.31358, 48.13442], [-2.3112, 48.13419], [-2.30772, 48.13677], [-2.30083, 48.13411], [-2.29627, 48.13505], [-2.29637, 48.13235], [-2.29242, 48.13264], [-2.28888, 48.13377], [-2.28728, 48.13375], [-2.28418, 48.13292], [-2.26148, 48.11431], [-2.25858, 48.11177], [-2.25507, 48.10948], [-2.25361, 48.1057], [-2.25515, 48.10105], [-2.25469, 48.09805], [-2.25579, 48.09679], [-2.25353, 48.09562], [-2.25172, 48.09402], [-2.25319, 48.09248], [-2.25363, 48.08981], [-2.25296, 48.08821], [-2.24966, 48.08591], [-2.24807, 48.08534], [-2.25249, 48.08052], [-2.25608, 48.07624], [-2.25497, 48.07583], [-2.25507, 48.07394], [-2.25794, 48.07297], [-2.25798, 48.0718], [-2.2568, 48.06905], [-2.2569, 48.06721], [-2.25536, 48.06569], [-2.25612, 48.06287], [-2.25361, 48.06251], [-2.25232, 48.06323], [-2.24528, 48.06414], [-2.24183, 48.06392], [-2.23713, 48.06306], [-2.23431, 48.06318], [-2.23308, 48.06525], [-2.23365, 48.06793], [-2.23257, 48.0687], [-2.23431, 48.07093], [-2.23342, 48.07159], [-2.23571, 48.07474], [-2.23595, 48.07586], [-2.23263, 48.07558], [-2.23034, 48.07616], [-2.22864, 48.07767], [-2.22194, 48.07861], [-2.21958, 48.08086], [-2.21554, 48.08003], [-2.21115, 48.0797], [-2.20547, 48.08083], [-2.20165, 48.08102], [-2.1874, 48.08099], [-2.18651, 48.08151], [-2.18258, 48.08212], [-2.18094, 48.08317], [-2.17845, 48.08088], [-2.17568, 48.07982], [-2.17134, 48.07907], [-2.1712, 48.07785], [-2.16848, 48.07621], [-2.17221, 48.07324], [-2.17121, 48.07085], [-2.17145, 48.06971], [-2.17043, 48.06344], [-2.17659, 48.0615], [-2.17685, 48.05984], [-2.17904, 48.0596], [-2.18125, 48.05712], [-2.18821, 48.05677], [-2.18907, 48.05592], [-2.18819, 48.05425], [-2.18878, 48.05243], [-2.19024, 48.05308], [-2.19372, 48.05138], [-2.19918, 48.05148], [-2.20436, 48.05313], [-2.20802, 48.05294], [-2.21346, 48.05201], [-2.21638, 48.05081], [-2.22121, 48.05161], [-2.22476, 48.05063], [-2.22681, 48.05095], [-2.2289, 48.05195], [-2.23285, 48.05247], [-2.23598, 48.05226], [-2.23893, 48.05291], [-2.24187, 48.05284], [-2.24422, 48.05202], [-2.24613, 48.05073], [-2.25224, 48.04536], [-2.25453, 48.04459], [-2.25667, 48.04298], [-2.26132, 48.04158], [-2.26447, 48.03916], [-2.26727, 48.03599], [-2.26989, 48.03449], [-2.27359, 48.03074], [-2.2796, 48.02636], [-2.28054, 48.02114], [-2.28287, 48.01785], [-2.28241, 48.01634], [-2.27838, 48.01488], [-2.27553, 48.00986], [-2.27916, 48.00615], [-2.2798, 48.00496], [-2.28208, 48.00414], [-2.28246, 48.00319], [-2.28459, 48.00306], [-2.28741, 48.00218], [-2.28951, 48.00092], [-2.28734, 47.99921], [-2.2883, 47.99552], [-2.28762, 47.99393], [-2.28754, 47.9915], [-2.28293, 47.99092], [-2.27962, 47.99146], [-2.27294, 47.99333], [-2.26568, 47.9948], [-2.26109, 47.99592], [-2.25907, 47.9973], [-2.25369, 47.99797], [-2.25124, 47.99762], [-2.24976, 47.99686], [-2.24249, 47.998], [-2.23913, 47.99966], [-2.2329, 47.99887], [-2.22944, 47.99698], [-2.22857, 47.99548], [-2.22607, 47.9945], [-2.22407, 47.99616], [-2.22143, 47.99517], [-2.2184, 47.99493], [-2.21633, 47.99276], [-2.21442, 47.99324], [-2.2115, 47.99511], [-2.20819, 47.99411], [-2.20332, 47.99367], [-2.20088, 47.99178], [-2.19897, 47.99222], [-2.19776, 47.99069], [-2.19495, 47.99071], [-2.193, 47.98998], [-2.19113, 47.99076], [-2.18964, 47.98903], [-2.18773, 47.98865], [-2.18791, 47.98684], [-2.18572, 47.98476], [-2.18661, 47.98261], [-2.18423, 47.98283], [-2.18242, 47.98163], [-2.17861, 47.98094], [-2.17782, 47.97957], [-2.17508, 47.98037], [-2.17339, 47.97954], [-2.1716, 47.98078], [-2.16939, 47.98058], [-2.16321, 47.98266], [-2.15953, 47.98136], [-2.15715, 47.98262], [-2.15275, 47.9836], [-2.14683, 47.98356], [-2.14439, 47.98401], [-2.14376, 47.98291], [-2.14078, 47.98014], [-2.13687, 47.97912], [-2.13626, 47.9768], [-2.13389, 47.97563], [-2.13415, 47.97476], [-2.13183, 47.97341], [-2.13248, 47.97244], [-2.13079, 47.96992], [-2.12691, 47.96757], [-2.12701, 47.96622], [-2.12532, 47.9647], [-2.1227, 47.96476], [-2.12227, 47.96351], [-2.12031, 47.96335], [-2.11977, 47.96094], [-2.11791, 47.96034], [-2.11642, 47.96098], [-2.11083, 47.95984], [-2.11052, 47.9586], [-2.1089, 47.95685], [-2.10997, 47.9529], [-2.10771, 47.95231], [-2.10572, 47.95252], [-2.10428, 47.95059], [-2.10309, 47.95005], [-2.10256, 47.94841], [-2.10013, 47.94832], [-2.0998, 47.94756], [-2.1002, 47.94431], [-2.09794, 47.94296], [-2.09828, 47.94136], [-2.1016, 47.93948], [-2.10125, 47.93841], [-2.09871, 47.93684], [-2.09686, 47.93416], [-2.09773, 47.93323], [-2.09323, 47.93236], [-2.09172, 47.93031], [-2.09058, 47.93035], [-2.0891, 47.92707], [-2.08572, 47.92585], [-2.08499, 47.92353], [-2.08125, 47.92219], [-2.07878, 47.91913], [-2.08303, 47.91532], [-2.08571, 47.91369], [-2.0824, 47.91022], [-2.08202, 47.90893], [-2.08461, 47.90697], [-2.08471, 47.90499], [-2.08653, 47.90357], [-2.08849, 47.903], [-2.09306, 47.90238], [-2.10112, 47.90031], [-2.10437, 47.90226], [-2.10609, 47.90206], [-2.1064, 47.90092], [-2.10499, 47.89841], [-2.10403, 47.89822], [-2.10096, 47.89596], [-2.10201, 47.89493], [-2.10603, 47.89333], [-2.10824, 47.89414], [-2.11205, 47.89486], [-2.11275, 47.8937], [-2.11532, 47.89149], [-2.116, 47.89011], [-2.11521, 47.88942], [-2.11382, 47.88574], [-2.11422, 47.88396], [-2.11662, 47.88063], [-2.11434, 47.87743], [-2.11252, 47.87655], [-2.11174, 47.87527], [-2.10941, 47.8737], [-2.10735, 47.87319], [-2.10708, 47.87068], [-2.10516, 47.86855], [-2.10379, 47.86914], [-2.1017, 47.86809], [-2.09735, 47.86484], [-2.09709, 47.86336], [-2.09561, 47.86166], [-2.1016, 47.85944], [-2.10446, 47.85948], [-2.10573, 47.8579], [-2.10409, 47.85426], [-2.10526, 47.85156], [-2.10814, 47.85082], [-2.10945, 47.84883], [-2.10183, 47.84408], [-2.09971, 47.84367], [-2.0976, 47.84397], [-2.09262, 47.84406], [-2.09125, 47.84345], [-2.08661, 47.84534], [-2.07843, 47.84996], [-2.07576, 47.85088], [-2.06863, 47.852], [-2.06702, 47.85432], [-2.06487, 47.85584], [-2.06439, 47.86043], [-2.06163, 47.86357], [-2.0577, 47.86701], [-2.0547, 47.86879], [-2.05519, 47.86656], [-2.05451, 47.8656], [-2.05426, 47.86319], [-2.05141, 47.86054], [-2.05159, 47.85877], [-2.05107, 47.85654], [-2.0544, 47.8538], [-2.05399, 47.85215], [-2.05435, 47.85007], [-2.05287, 47.84913], [-2.05158, 47.84725], [-2.05037, 47.84395], [-2.05151, 47.84226], [-2.0516, 47.84056], [-2.05053, 47.8403], [-2.04934, 47.83724], [-2.04799, 47.8363], [-2.04455, 47.83598], [-2.04371, 47.83547], [-2.04038, 47.83529], [-2.04018, 47.83443], [-2.03604, 47.83346], [-2.03576, 47.8323], [-2.03743, 47.83066], [-2.04028, 47.82952], [-2.04012, 47.82844], [-2.04188, 47.82707], [-2.04201, 47.82549], [-2.04356, 47.82557], [-2.04404, 47.82415], [-2.04573, 47.82346], [-2.04508, 47.82218], [-2.04705, 47.81846], [-2.04953, 47.81692], [-2.05277, 47.81734], [-2.05408, 47.81621], [-2.05592, 47.81591], [-2.05752, 47.81491], [-2.06289, 47.81354], [-2.06439, 47.81389], [-2.06755, 47.81327], [-2.07046, 47.8114], [-2.07088, 47.80747], [-2.0693, 47.80537], [-2.06945, 47.80243], [-2.0701, 47.80061], [-2.07214, 47.79855], [-2.07186, 47.79766], [-2.07311, 47.79491], [-2.07188, 47.79249], [-2.07226, 47.79044], [-2.07408, 47.78897], [-2.07985, 47.7893], [-2.08195, 47.78714], [-2.08214, 47.78555], [-2.08616, 47.78324], [-2.09365, 47.78075], [-2.09493, 47.77868], [-2.09723, 47.7781], [-2.09987, 47.77858], [-2.10332, 47.77975], [-2.10565, 47.77975], [-2.1101, 47.77859], [-2.10882, 47.77585], [-2.11112, 47.77243], [-2.11036, 47.77133], [-2.11455, 47.77032], [-2.11907, 47.77087], [-2.1218, 47.77076], [-2.12405, 47.77135], [-2.12698, 47.77034], [-2.12823, 47.76867], [-2.12719, 47.76726], [-2.12713, 47.76498], [-2.12846, 47.76195], [-2.12598, 47.76096], [-2.12279, 47.76185], [-2.11901, 47.76141], [-2.11223, 47.76185], [-2.09878, 47.76232], [-2.09183, 47.76235], [-2.09039, 47.76268], [-2.08472, 47.76271], [-2.08394, 47.75986], [-2.08571, 47.75701], [-2.08432, 47.74994], [-2.07999, 47.75001], [-2.07883, 47.75064], [-2.07548, 47.75041], [-2.07251, 47.75079], [-2.06925, 47.75024], [-2.06697, 47.75096], [-2.06348, 47.75078], [-2.06232, 47.75127], [-2.06076, 47.7493], [-2.05879, 47.74487], [-2.05808, 47.74197], [-2.0587, 47.73826], [-2.06181, 47.73868], [-2.06621, 47.73855], [-2.0705, 47.73803], [-2.07196, 47.73875], [-2.07473, 47.739], [-2.07646, 47.73816], [-2.08166, 47.73883], [-2.08483, 47.73857], [-2.08767, 47.73887], [-2.09232, 47.73783], [-2.09703, 47.73748], [-2.09924, 47.73769], [-2.10526, 47.73766], [-2.10879, 47.73675], [-2.10681, 47.73292], [-2.10704, 47.73187], [-2.11056, 47.72998], [-2.11345, 47.72793], [-2.11528, 47.72813], [-2.11992, 47.72691], [-2.12178, 47.72613], [-2.12565, 47.72521], [-2.1294, 47.72372], [-2.13147, 47.72224], [-2.12907, 47.71756], [-2.1265, 47.71631], [-2.12422, 47.71383], [-2.11934, 47.71063], [-2.11858, 47.7094], [-2.11916, 47.706], [-2.12172, 47.70226], [-2.12287, 47.69532], [-2.12508, 47.69068], [-2.12161, 47.68843], [-2.12146, 47.68736], [-2.1229, 47.6846], [-2.12266, 47.68267], [-2.11582, 47.6814], [-2.1121, 47.67988], [-2.10805, 47.67783], [-2.10519, 47.67712], [-2.10385, 47.67619], [-2.10402, 47.67271], [-2.10319, 47.66981], [-2.10287, 47.66699], [-2.10343, 47.66548], [-2.10679, 47.66036], [-2.10941, 47.65813], [-2.11205, 47.65475], [-2.1127, 47.65206], [-2.11435, 47.64948], [-2.1138, 47.6477], [-2.1117, 47.64566], [-2.10933, 47.64534], [-2.1074, 47.64452], [-2.10209, 47.64405], [-2.09868, 47.64696], [-2.09637, 47.64742], [-2.09479, 47.64513], [-2.09509, 47.64391], [-2.0938, 47.64048], [-2.094, 47.63963], [-2.09767, 47.63746], [-2.09981, 47.63751], [-2.10065, 47.6387], [-2.10301, 47.63914], [-2.10462, 47.63836], [-2.10319, 47.63486], [-2.0995, 47.63212], [-2.09704, 47.63136], [-2.09117, 47.62824], [-2.08846, 47.62605], [-2.08587, 47.62282], [-2.08499, 47.62123], [-2.08412, 47.61789], [-2.08438, 47.61296], [-2.08369, 47.61114], [-2.08602, 47.60403], [-2.08819, 47.60205], [-2.09927, 47.59749], [-2.10194, 47.59608], [-2.10314, 47.59445], [-2.10385, 47.59087], [-2.10372, 47.58943], [-2.09953, 47.58077], [-2.10006, 47.57899], [-2.10506, 47.57754], [-2.10474, 47.57525], [-2.10314, 47.57459], [-2.10051, 47.57726], [-2.09842, 47.57536], [-2.09935, 47.57298], [-2.09669, 47.57052], [-2.09897, 47.56611], [-2.09952, 47.56226], [-2.10023, 47.56024], [-2.09951, 47.55806], [-2.10066, 47.55753], [-2.10132, 47.55593], [-2.10125, 47.55359], [-2.1018, 47.55207], [-2.1044, 47.54968], [-2.10465, 47.54715], [-2.10331, 47.54535], [-2.09869, 47.54274], [-2.09683, 47.54033], [-2.09833, 47.53761], [-2.09855, 47.53396], [-2.1008, 47.53289], [-2.10246, 47.53291], [-2.10364, 47.53187], [-2.1086, 47.53078], [-2.11045, 47.52981], [-2.11466, 47.52839], [-2.11782, 47.528], [-2.12373, 47.52854], [-2.12837, 47.52962], [-2.13199, 47.53119], [-2.13258, 47.52963], [-2.13087, 47.52745], [-2.13252, 47.52653], [-2.13619, 47.52585], [-2.14042, 47.5256], [-2.14104, 47.52489], [-2.14534, 47.52482], [-2.15121, 47.52257], [-2.15602, 47.52203], [-2.15498, 47.51521], [-2.15296, 47.51096], [-2.15296, 47.50948], [-2.15426, 47.50754], [-2.1546, 47.50292], [-2.15388, 47.4998], [-2.15418, 47.49636], [-2.15621, 47.49597], [-2.16, 47.49271], [-2.16361, 47.4906], [-2.16462, 47.48915], [-2.16786, 47.49065], [-2.16992, 47.49061], [-2.17249, 47.49201], [-2.17547, 47.4918], [-2.18129, 47.4908], [-2.18354, 47.49212], [-2.18928, 47.49397], [-2.19216, 47.49664], [-2.19259, 47.50014], [-2.19159, 47.50076], [-2.18873, 47.49993], [-2.18695, 47.5001], [-2.18376, 47.50179], [-2.18436, 47.50496], [-2.18651, 47.50668], [-2.18452, 47.51226], [-2.18832, 47.51247], [-2.19081, 47.51206], [-2.20667, 47.51004], [-2.20806, 47.50999], [-2.21187, 47.50876], [-2.21556, 47.50839], [-2.21722, 47.50584], [-2.22102, 47.50525], [-2.22287, 47.50441], [-2.22282, 47.50229], [-2.22668, 47.50147], [-2.22801, 47.50077], [-2.22867, 47.49918], [-2.2355, 47.49657], [-2.23772, 47.49616], [-2.24428, 47.4936], [-2.25047, 47.49597], [-2.25494, 47.49841], [-2.25668, 47.4987], [-2.26564, 47.50178], [-2.26095, 47.50416], [-2.25852, 47.50453], [-2.25568, 47.5064], [-2.25499, 47.50827], [-2.25494, 47.51151], [-2.2576, 47.51168], [-2.26136, 47.51361], [-2.26581, 47.51185], [-2.26641, 47.51038], [-2.27198, 47.51098], [-2.27287, 47.51202], [-2.27531, 47.51256], [-2.27637, 47.51111], [-2.27908, 47.5115], [-2.2795, 47.51022], [-2.28083, 47.50958], [-2.28522, 47.51185], [-2.28771, 47.51373], [-2.28697, 47.51529], [-2.28896, 47.51517], [-2.28997, 47.51364], [-2.29576, 47.51454], [-2.29642, 47.51599], [-2.2981, 47.51548], [-2.2984, 47.51353], [-2.29707, 47.51277], [-2.29696, 47.50845], [-2.29902, 47.50467], [-2.29913, 47.50048], [-2.30016, 47.49868], [-2.3018, 47.49758], [-2.30123, 47.49639], [-2.30331, 47.49369], [-2.30406, 47.49154], [-2.30939, 47.48867], [-2.31314, 47.4859], [-2.31395, 47.48217], [-2.31331, 47.47869], [-2.31437, 47.47635], [-2.3128, 47.47213], [-2.31288, 47.46848], [-2.31187, 47.46524], [-2.31697, 47.46129], [-2.32201, 47.46045], [-2.32658, 47.45878], [-2.32819, 47.45975], [-2.33287, 47.46002], [-2.33612, 47.45921], [-2.33835, 47.4597], [-2.3401, 47.45833], [-2.3447, 47.45859], [-2.34674, 47.4577], [-2.34954, 47.45773], [-2.35253, 47.45467], [-2.35487, 47.45489], [-2.35673, 47.4563], [-2.35899, 47.45706], [-2.36341, 47.45982], [-2.36826, 47.46422], [-2.37097, 47.46339], [-2.37656, 47.46279], [-2.38082, 47.46276], [-2.38393, 47.462], [-2.38342, 47.45991], [-2.3862, 47.45835], [-2.39039, 47.45688], [-2.3962, 47.4565], [-2.39994, 47.45598], [-2.40393, 47.45677], [-2.41182, 47.45946], [-2.41353, 47.45939], [-2.41613, 47.46019], [-2.41721, 47.46109], [-2.41693, 47.46399], [-2.41815, 47.46578], [-2.4182, 47.46709], [-2.42211, 47.46765], [-2.42321, 47.46882], [-2.42224, 47.46985], [-2.41968, 47.47099], [-2.41863, 47.47256], [-2.42033, 47.4738], [-2.42303, 47.47711], [-2.42808, 47.47586], [-2.42961, 47.47577], [-2.43106, 47.4743], [-2.43031, 47.47294], [-2.43407, 47.47211], [-2.4348, 47.46983], [-2.43588, 47.46919], [-2.43673, 47.46695], [-2.4377, 47.46597], [-2.44145, 47.46617], [-2.44436, 47.46538], [-2.44614, 47.46445], [-2.44787, 47.46442], [-2.45213, 47.46312], [-2.45343, 47.46207], [-2.45362, 47.45752], [-2.45336, 47.45536], [-2.45601, 47.45156], [-2.45643, 47.45037], [-2.45849, 47.44812], [-2.46582, 47.4498], [-2.46813, 47.44962], [-2.47038, 47.44884], [-2.47236, 47.4457], [-2.47653, 47.44558], [-2.47859, 47.44486], [-2.47941, 47.44365], [-2.47944, 47.4418], [-2.48052, 47.44126], [-2.48344, 47.44344], [-2.48922, 47.44572], [-2.49132, 47.44748], [-2.49295, 47.44791], [-2.49467, 47.45081], [-2.49447, 47.45302], [-2.49633, 47.4552], [-2.49886, 47.45743], [-2.50059, 47.45817], [-2.49895, 47.45982], [-2.49714, 47.45967], [-2.49624, 47.46079], [-2.49414, 47.46111], [-2.49368, 47.4641], [-2.49512, 47.46593], [-2.49046, 47.4659], [-2.48888, 47.4675], [-2.48941, 47.4705], [-2.48841, 47.47112], [-2.48957, 47.47432], [-2.49287, 47.47923], [-2.49573, 47.48226], [-2.49952, 47.48517], [-2.49947, 47.48607], [-2.50091, 47.48808], [-2.501, 47.49272], [-2.49958, 47.4931], [-2.49836, 47.49509], [-2.49671, 47.49525], [-2.4956, 47.49628], [-2.49372, 47.49672], [-2.49122, 47.49628], [-2.48681, 47.49453], [-2.48444, 47.49557], [-2.48123, 47.4953], [-2.4729, 47.49083], [-2.47348, 47.48981], [-2.47605, 47.4888], [-2.47052, 47.48416], [-2.46931, 47.48409], [-2.46744, 47.48263], [-2.46455, 47.48279], [-2.46189, 47.48362], [-2.45961, 47.48552], [-2.45737, 47.48593], [-2.4564, 47.48763], [-2.45806, 47.48914], [-2.45411, 47.4894], [-2.45009, 47.49137], [-2.44882, 47.49358], [-2.44733, 47.49464], [-2.44066, 47.49446], [-2.43909, 47.49398], [-2.43334, 47.4944], [-2.42574, 47.49417], [-2.42249, 47.49264], [-2.42053, 47.49528], [-2.4266, 47.49707], [-2.42982, 47.49734], [-2.43273, 47.49718], [-2.43784, 47.49638], [-2.44122, 47.49624], [-2.44153, 47.49902], [-2.44524, 47.50027], [-2.44648, 47.50219], [-2.44819, 47.50284], [-2.45076, 47.50472], [-2.45295, 47.50544], [-2.45377, 47.50649], [-2.45613, 47.50756], [-2.4605, 47.50806], [-2.46284, 47.50963], [-2.46396, 47.50949], [-2.46615, 47.5117], [-2.47219, 47.51235], [-2.47533, 47.51325], [-2.48018, 47.51314], [-2.48256, 47.51376], [-2.48401, 47.51573], [-2.48554, 47.51657], [-2.4877, 47.5168], [-2.49175, 47.516], [-2.49667, 47.51754], [-2.49814, 47.51618], [-2.50061, 47.51481], [-2.50279, 47.51464], [-2.50384, 47.51734], [-2.50054, 47.51834], [-2.50136, 47.5201], [-2.50516, 47.5231], [-2.50868, 47.52444], [-2.51716, 47.52629], [-2.52087, 47.52695], [-2.52474, 47.5248], [-2.52824, 47.52529], [-2.53073, 47.52486], [-2.53401, 47.52364], [-2.53543, 47.52381], [-2.53509, 47.5259], [-2.53348, 47.52722], [-2.53422, 47.52806], [-2.53785, 47.527], [-2.53679, 47.52561], [-2.53762, 47.52376], [-2.53994, 47.52376], [-2.54394, 47.52304], [-2.54522, 47.52173], [-2.54447, 47.52091], [-2.54476, 47.5182], [-2.54823, 47.51688], [-2.55233, 47.51436], [-2.55282, 47.51258], [-2.55618, 47.51284], [-2.56364, 47.51518], [-2.56784, 47.51614], [-2.57317, 47.51686], [-2.57617, 47.51633], [-2.58381, 47.51766], [-2.58683, 47.51785], [-2.59486, 47.51769], [-2.60352, 47.51629], [-2.60581, 47.51524], [-2.60657, 47.51337], [-2.60878, 47.51133], [-2.60949, 47.50977], [-2.60818, 47.50852], [-2.61241, 47.50825], [-2.61605, 47.50732], [-2.61925, 47.50526], [-2.62191, 47.50464], [-2.62559, 47.5048], [-2.62791, 47.50547], [-2.63188, 47.50457], [-2.63394, 47.50651], [-2.63188, 47.50737], [-2.63046, 47.50635], [-2.62854, 47.50729], [-2.62903, 47.50808], [-2.6274, 47.50918], [-2.6264, 47.51071], [-2.62388, 47.51285], [-2.62378, 47.51393], [-2.61966, 47.51403], [-2.61706, 47.51458], [-2.61641, 47.5134], [-2.61861, 47.51195], [-2.61704, 47.51008], [-2.61183, 47.50918], [-2.6102, 47.51095], [-2.61046, 47.51302], [-2.61157, 47.51496], [-2.60981, 47.51669], [-2.60703, 47.51547], [-2.60637, 47.51699], [-2.60863, 47.51985], [-2.6126, 47.52252], [-2.61258, 47.5237], [-2.60999, 47.52516], [-2.60878, 47.52724], [-2.60652, 47.52792], [-2.60312, 47.52771], [-2.60341, 47.52666], [-2.60518, 47.52487], [-2.60252, 47.52354], [-2.59981, 47.52361], [-2.5976, 47.52429], [-2.59329, 47.52434], [-2.59232, 47.52326], [-2.58795, 47.52348], [-2.58588, 47.52186], [-2.58319, 47.52238], [-2.57964, 47.52149], [-2.5759, 47.52197], [-2.57384, 47.52408], [-2.57557, 47.52423], [-2.57791, 47.52287], [-2.57951, 47.52348], [-2.57898, 47.52503], [-2.58032, 47.52656], [-2.5841, 47.52644], [-2.58672, 47.52597], [-2.58861, 47.52697], [-2.58791, 47.52957], [-2.58287, 47.53109], [-2.58117, 47.53076], [-2.58219, 47.5331], [-2.58073, 47.53393], [-2.5784, 47.53322], [-2.57375, 47.53098], [-2.57324, 47.532], [-2.57121, 47.53231], [-2.56909, 47.53181], [-2.5668, 47.53294], [-2.56532, 47.53427], [-2.56642, 47.5353], [-2.56899, 47.53434], [-2.56974, 47.53309], [-2.57284, 47.53417], [-2.57498, 47.53359], [-2.57712, 47.53444], [-2.57786, 47.53594], [-2.57962, 47.53551], [-2.58179, 47.53605], [-2.5804, 47.53755], [-2.57687, 47.53973], [-2.57541, 47.54551], [-2.57211, 47.54565], [-2.56973, 47.54661], [-2.56689, 47.54628], [-2.56386, 47.54717], [-2.55914, 47.55183], [-2.56282, 47.55326], [-2.56419, 47.55229], [-2.56853, 47.55373], [-2.56723, 47.55424], [-2.56906, 47.55596], [-2.57295, 47.55548], [-2.57477, 47.55365], [-2.57471, 47.55081], [-2.57757, 47.55011], [-2.57898, 47.55176], [-2.58111, 47.55235], [-2.58086, 47.55406], [-2.57965, 47.55533], [-2.57705, 47.55594], [-2.57647, 47.55691], [-2.57419, 47.55823], [-2.57448, 47.55903], [-2.58685, 47.56352], [-2.58836, 47.56276], [-2.58717, 47.56029], [-2.58777, 47.55837], [-2.58594, 47.55425], [-2.58726, 47.55343], [-2.58663, 47.55233], [-2.58425, 47.55258], [-2.58274, 47.55201], [-2.58199, 47.54825], [-2.58316, 47.54509], [-2.58287, 47.5433], [-2.58646, 47.54179], [-2.58649, 47.54081], [-2.58917, 47.53961], [-2.5904, 47.53987], [-2.59082, 47.5422], [-2.59448, 47.54227], [-2.59575, 47.54294], [-2.59727, 47.54147], [-2.59471, 47.54123], [-2.59433, 47.539], [-2.59233, 47.53849], [-2.59116, 47.53732], [-2.59328, 47.53641], [-2.59395, 47.53436], [-2.59708, 47.53305], [-2.59921, 47.53297], [-2.60201, 47.53224], [-2.60435, 47.53103], [-2.60656, 47.53261], [-2.60762, 47.53404], [-2.60587, 47.53529], [-2.60567, 47.53733], [-2.60932, 47.5379], [-2.61075, 47.53698], [-2.61307, 47.53886], [-2.61085, 47.53941], [-2.61159, 47.54093], [-2.61418, 47.54296], [-2.61764, 47.54439], [-2.616, 47.54503], [-2.61455, 47.54773], [-2.61705, 47.54879], [-2.61694, 47.54945], [-2.61895, 47.55166], [-2.61788, 47.55228], [-2.61691, 47.55765], [-2.61588, 47.5577], [-2.61386, 47.55943], [-2.61348, 47.5616], [-2.61133, 47.56221], [-2.60896, 47.56554], [-2.61064, 47.5676], [-2.61156, 47.56549], [-2.61393, 47.56514], [-2.61496, 47.56401], [-2.61608, 47.56073], [-2.61714, 47.56034], [-2.6197, 47.56149], [-2.61941, 47.55681], [-2.62008, 47.55505], [-2.61926, 47.55382], [-2.61989, 47.55289], [-2.62192, 47.55306], [-2.62348, 47.55088], [-2.62201, 47.54847], [-2.61905, 47.54767], [-2.62031, 47.54666], [-2.62312, 47.54609], [-2.62399, 47.54687], [-2.62372, 47.54967], [-2.62714, 47.55056], [-2.62935, 47.54947], [-2.62725, 47.54758], [-2.62806, 47.54615], [-2.62634, 47.54537], [-2.62593, 47.54392], [-2.62089, 47.54314], [-2.62181, 47.54137], [-2.62074, 47.53903], [-2.61637, 47.53719], [-2.61726, 47.53539], [-2.62538, 47.53545], [-2.62461, 47.53355], [-2.6212, 47.5327], [-2.62471, 47.53169], [-2.62602, 47.53069], [-2.62775, 47.5322], [-2.62745, 47.5341], [-2.63027, 47.53353], [-2.63242, 47.53357], [-2.63394, 47.53441], [-2.63312, 47.53625], [-2.63679, 47.53641], [-2.63766, 47.53493], [-2.646, 47.53668], [-2.6445, 47.53837], [-2.64515, 47.5396], [-2.64827, 47.5397], [-2.64895, 47.53827], [-2.65043, 47.5378], [-2.65237, 47.53934], [-2.65154, 47.54181], [-2.65368, 47.54343], [-2.65498, 47.54378], [-2.65688, 47.54266], [-2.65867, 47.5434], [-2.65742, 47.54489], [-2.65881, 47.54695], [-2.65731, 47.54936], [-2.65861, 47.54984], [-2.66061, 47.54845], [-2.66416, 47.54857], [-2.66363, 47.54724], [-2.66218, 47.54663], [-2.66152, 47.54531], [-2.66405, 47.54393], [-2.66576, 47.54512], [-2.66777, 47.54462], [-2.67028, 47.54303], [-2.67012, 47.54123], [-2.66839, 47.54122], [-2.66376, 47.53948], [-2.6645, 47.53873], [-2.66727, 47.53789], [-2.67068, 47.53748], [-2.67085, 47.5357], [-2.66717, 47.53325], [-2.66401, 47.53506], [-2.66391, 47.53609], [-2.66129, 47.53648], [-2.6582, 47.53616], [-2.65563, 47.53654], [-2.65501, 47.53562], [-2.65581, 47.53437], [-2.65091, 47.53377], [-2.65056, 47.53212], [-2.65189, 47.53139], [-2.65585, 47.53167], [-2.65582, 47.53067], [-2.65239, 47.53037], [-2.65233, 47.52889], [-2.6499, 47.52936], [-2.64768, 47.52769], [-2.64506, 47.5288], [-2.64211, 47.52856], [-2.63962, 47.53047], [-2.63724, 47.53048], [-2.6347, 47.52965], [-2.6321, 47.52967], [-2.63264, 47.5269], [-2.63007, 47.5257], [-2.62748, 47.52514], [-2.62386, 47.52614], [-2.62192, 47.52744], [-2.62113, 47.52541], [-2.62359, 47.52323], [-2.62374, 47.52196], [-2.62255, 47.51994], [-2.62455, 47.51873], [-2.62924, 47.51681], [-2.6311, 47.51822], [-2.62964, 47.52031], [-2.62739, 47.52126], [-2.62638, 47.52324], [-2.62786, 47.52417], [-2.63164, 47.524], [-2.63574, 47.52311], [-2.6363, 47.51831], [-2.63947, 47.51808], [-2.63835, 47.51679], [-2.63987, 47.51604], [-2.64355, 47.5162], [-2.64502, 47.51704], [-2.65019, 47.51826], [-2.65336, 47.51799], [-2.65673, 47.51838], [-2.65975, 47.51793], [-2.66125, 47.51913], [-2.66434, 47.51864], [-2.66684, 47.51564], [-2.66836, 47.51202], [-2.66763, 47.51065], [-2.66552, 47.50871], [-2.6678, 47.50668], [-2.67129, 47.505], [-2.67228, 47.50351], [-2.67573, 47.50121], [-2.67587, 47.49993], [-2.67871, 47.49891], [-2.68116, 47.49682], [-2.68124, 47.49547], [-2.67935, 47.49379], [-2.67533, 47.49405], [-2.67492, 47.49186], [-2.68097, 47.49264], [-2.68256, 47.49537], [-2.68562, 47.49676], [-2.69057, 47.49853], [-2.6961, 47.50081], [-2.69861, 47.5012], [-2.7019, 47.50227], [-2.70794, 47.5035], [-2.70986, 47.50423], [-2.71551, 47.50556], [-2.72017, 47.50635], [-2.72464, 47.50642], [-2.7326, 47.50562], [-2.73612, 47.50479], [-2.73933, 47.50348], [-2.74069, 47.5018], [-2.73995, 47.50039], [-2.74131, 47.49988], [-2.74583, 47.4999], [-2.7475, 47.49866], [-2.75316, 47.49801], [-2.75562, 47.49718], [-2.75819, 47.49697], [-2.76315, 47.49738], [-2.76868, 47.49754], [-2.77285, 47.49673], [-2.7757, 47.49656], [-2.77922, 47.49587], [-2.78391, 47.49417], [-2.78674, 47.49179], [-2.78632, 47.48946], [-2.78789, 47.4898], [-2.79045, 47.48947], [-2.79236, 47.48857], [-2.79301, 47.4871], [-2.79192, 47.48534], [-2.79372, 47.48419], [-2.7971, 47.48543], [-2.80021, 47.48727], [-2.80268, 47.48806], [-2.807, 47.48878], [-2.80873, 47.4887], [-2.81271, 47.48663], [-2.81531, 47.48665], [-2.81794, 47.48775], [-2.81877, 47.4887], [-2.82111, 47.48959], [-2.82356, 47.48939], [-2.82666, 47.49061], [-2.83052, 47.49265], [-2.83367, 47.49228], [-2.83398, 47.49335], [-2.83782, 47.49394], [-2.84233, 47.49581], [-2.84415, 47.496], [-2.84603, 47.49758], [-2.84876, 47.49895], [-2.85027, 47.49879], [-2.85083, 47.50183], [-2.84898, 47.50331], [-2.84934, 47.50559], [-2.84835, 47.50699], [-2.84851, 47.50874], [-2.84735, 47.51041], [-2.84757, 47.51207], [-2.84894, 47.51386], [-2.85207, 47.51665], [-2.855, 47.51801], [-2.85201, 47.51864], [-2.84865, 47.5177], [-2.84736, 47.51938], [-2.85308, 47.51867], [-2.85773, 47.51869], [-2.8585, 47.51907], [-2.85922, 47.52233], [-2.86061, 47.52429], [-2.863, 47.5263], [-2.86772, 47.52893], [-2.87157, 47.53218], [-2.87523, 47.53436], [-2.87909, 47.53504], [-2.88168, 47.53632], [-2.88675, 47.53776], [-2.8912, 47.53833], [-2.89585, 47.53825], [-2.89692, 47.53762], [-2.89742, 47.53525], [-2.89992, 47.53423], [-2.90358, 47.53435], [-2.90584, 47.53632], [-2.90532, 47.53837], [-2.90235, 47.5394], [-2.90085, 47.54096], [-2.89892, 47.541], [-2.89628, 47.54202], [-2.89288, 47.54262], [-2.8926, 47.54435], [-2.89369, 47.54583], [-2.8953, 47.54553], [-2.89502, 47.54371], [-2.89688, 47.54388], [-2.89939, 47.54238], [-2.90188, 47.542], [-2.90478, 47.54245], [-2.90671, 47.54168], [-2.90807, 47.54207], [-2.90967, 47.54128], [-2.91276, 47.54222], [-2.91341, 47.54562], [-2.91618, 47.54531], [-2.91743, 47.54579], [-2.91962, 47.54772], [-2.91923, 47.54851], [-2.91627, 47.54891], [-2.91333, 47.5481], [-2.91005, 47.5486], [-2.90867, 47.54953], [-2.91, 47.55285], [-2.91106, 47.55338], [-2.91414, 47.55361], [-2.91534, 47.55563], [-2.91449, 47.55741], [-2.91261, 47.55634], [-2.91081, 47.55692], [-2.90948, 47.55837], [-2.90927, 47.56095], [-2.90781, 47.56309], [-2.90603, 47.56182], [-2.90589, 47.5597], [-2.90269, 47.55967], [-2.90032, 47.56275], [-2.89731, 47.5633], [-2.89655, 47.56022], [-2.89688, 47.55817], [-2.89642, 47.55693], [-2.8945, 47.55499], [-2.89355, 47.55683], [-2.89201, 47.55812], [-2.89208, 47.56006], [-2.89103, 47.56173], [-2.88835, 47.56014], [-2.88774, 47.55872], [-2.8847, 47.55746], [-2.88258, 47.55836], [-2.88264, 47.55962], [-2.88416, 47.56111], [-2.88326, 47.56262], [-2.88118, 47.56303], [-2.88072, 47.56386], [-2.87853, 47.56382], [-2.87659, 47.56039], [-2.87777, 47.5589], [-2.87789, 47.55732], [-2.87921, 47.55658], [-2.87775, 47.55462], [-2.8752, 47.55429], [-2.86933, 47.55694], [-2.86997, 47.55537], [-2.86972, 47.55344], [-2.87396, 47.55055], [-2.87419, 47.54743], [-2.8722, 47.54617], [-2.87108, 47.54766], [-2.87138, 47.54936], [-2.8693, 47.55125], [-2.86554, 47.55156], [-2.86317, 47.55262], [-2.85845, 47.55066], [-2.85909, 47.54834], [-2.85791, 47.545], [-2.86002, 47.54415], [-2.86238, 47.54175], [-2.86073, 47.54051], [-2.8582, 47.54048], [-2.85763, 47.53938], [-2.8552, 47.53914], [-2.85333, 47.53701], [-2.85254, 47.53713], [-2.84963, 47.53934], [-2.8454, 47.53953], [-2.84542, 47.54048], [-2.84775, 47.54195], [-2.85182, 47.54127], [-2.85347, 47.54182], [-2.85111, 47.54423], [-2.85068, 47.54664], [-2.84883, 47.54749], [-2.84636, 47.54737], [-2.84594, 47.54581], [-2.84244, 47.54403], [-2.83888, 47.54374], [-2.83548, 47.54574], [-2.83287, 47.54567], [-2.83041, 47.54705], [-2.82982, 47.54852], [-2.82718, 47.55007], [-2.82562, 47.54915], [-2.82813, 47.54683], [-2.83048, 47.5456], [-2.82959, 47.54335], [-2.82757, 47.54181], [-2.82801, 47.54008], [-2.82692, 47.53783], [-2.82719, 47.53651], [-2.82372, 47.53635], [-2.82351, 47.53758], [-2.82678, 47.53851], [-2.82681, 47.54148], [-2.82553, 47.5419], [-2.82634, 47.54345], [-2.82441, 47.54348], [-2.81913, 47.54191], [-2.81804, 47.543], [-2.82005, 47.54373], [-2.81913, 47.548], [-2.82055, 47.55042], [-2.8236, 47.55091], [-2.82436, 47.55394], [-2.82537, 47.55534], [-2.82428, 47.55651], [-2.82195, 47.55648], [-2.82026, 47.55561], [-2.8171, 47.55593], [-2.81568, 47.55366], [-2.81362, 47.55297], [-2.81096, 47.55305], [-2.80672, 47.55603], [-2.80532, 47.55465], [-2.80558, 47.55325], [-2.80695, 47.55286], [-2.8074, 47.55132], [-2.80557, 47.54959], [-2.8053, 47.54762], [-2.80742, 47.54541], [-2.80652, 47.54436], [-2.80771, 47.5435], [-2.80639, 47.54023], [-2.80453, 47.54094], [-2.80254, 47.53963], [-2.80027, 47.53964], [-2.79999, 47.53741], [-2.79839, 47.53801], [-2.79851, 47.5413], [-2.79656, 47.54247], [-2.79819, 47.54424], [-2.79969, 47.54742], [-2.79626, 47.5483], [-2.79441, 47.54981], [-2.79221, 47.54987], [-2.78949, 47.55071], [-2.78767, 47.55251], [-2.78493, 47.55168], [-2.78468, 47.54975], [-2.78551, 47.54728], [-2.78262, 47.54561], [-2.77967, 47.54619], [-2.77741, 47.54822], [-2.77637, 47.54638], [-2.77676, 47.54428], [-2.77844, 47.54368], [-2.77945, 47.54245], [-2.78034, 47.53994], [-2.7792, 47.53909], [-2.77516, 47.538], [-2.77471, 47.53874], [-2.76828, 47.53912], [-2.76468, 47.53905], [-2.76503, 47.54003], [-2.76806, 47.54102], [-2.76886, 47.54234], [-2.76696, 47.54337], [-2.76493, 47.54103], [-2.76374, 47.539], [-2.76478, 47.53729], [-2.76782, 47.53643], [-2.76762, 47.53568], [-2.76299, 47.53606], [-2.76143, 47.53712], [-2.75959, 47.53734], [-2.75577, 47.53706], [-2.75127, 47.53811], [-2.74741, 47.54008], [-2.74321, 47.5436], [-2.74142, 47.5435], [-2.74056, 47.54218], [-2.74045, 47.54029], [-2.73888, 47.54077], [-2.73464, 47.54086], [-2.73078, 47.5423], [-2.72918, 47.54507], [-2.72861, 47.54807], [-2.7298, 47.55013], [-2.73163, 47.54983], [-2.7331, 47.55193], [-2.73472, 47.55285], [-2.73141, 47.55385], [-2.73006, 47.55567], [-2.72984, 47.55824], [-2.72811, 47.5617], [-2.72641, 47.56281], [-2.7258, 47.56612], [-2.71926, 47.56749], [-2.71773, 47.56814], [-2.71737, 47.57132], [-2.71849, 47.57199], [-2.71668, 47.57387], [-2.71665, 47.57496], [-2.7138, 47.5794], [-2.71442, 47.58095], [-2.71669, 47.58172], [-2.71855, 47.58374], [-2.71805, 47.58481], [-2.71851, 47.58749], [-2.71412, 47.58836], [-2.71192, 47.58837], [-2.71239, 47.5855], [-2.71587, 47.58292], [-2.71304, 47.57976], [-2.71156, 47.57959], [-2.70843, 47.58063], [-2.71039, 47.57779], [-2.71083, 47.57602], [-2.70669, 47.57737], [-2.7046, 47.57922], [-2.70478, 47.58187], [-2.7076, 47.58278], [-2.70618, 47.58469], [-2.70668, 47.58634], [-2.70599, 47.58749], [-2.70295, 47.58714], [-2.70394, 47.58903], [-2.70195, 47.58992], [-2.69868, 47.58993], [-2.69665, 47.58384], [-2.69558, 47.5839], [-2.69662, 47.58633], [-2.69609, 47.58928], [-2.69499, 47.5909], [-2.68999, 47.58963], [-2.68931, 47.59088], [-2.6902, 47.59377], [-2.68858, 47.59501], [-2.68924, 47.59706], [-2.69153, 47.59804], [-2.69062, 47.59974], [-2.6909, 47.60122], [-2.69019, 47.603], [-2.69067, 47.6051], [-2.68849, 47.60529], [-2.68558, 47.60491], [-2.68369, 47.60536], [-2.68632, 47.60921], [-2.68813, 47.61071], [-2.68656, 47.61173], [-2.68638, 47.61408], [-2.68688, 47.61509], [-2.6858, 47.61636], [-2.68928, 47.61869], [-2.68844, 47.62093], [-2.68863, 47.62295], [-2.69031, 47.62382], [-2.69241, 47.62274], [-2.69419, 47.62271], [-2.69538, 47.62454], [-2.6935, 47.62657], [-2.69097, 47.62667], [-2.68886, 47.62902], [-2.68696, 47.6301], [-2.68669, 47.63146], [-2.68844, 47.63156], [-2.69632, 47.62887], [-2.69994, 47.62975], [-2.70035, 47.63064], [-2.70241, 47.63123], [-2.70262, 47.63208], [-2.70083, 47.63431], [-2.69992, 47.63454], [-2.69827, 47.63258], [-2.69635, 47.63352], [-2.69589, 47.63561], [-2.69211, 47.63582], [-2.69009, 47.63645], [-2.68985, 47.63731], [-2.69173, 47.6389], [-2.69367, 47.63895], [-2.69513, 47.63807], [-2.69858, 47.63806], [-2.69993, 47.63683], [-2.70562, 47.64055], [-2.70524, 47.64287], [-2.70886, 47.64447], [-2.71091, 47.6478], [-2.71245, 47.64841], [-2.71253, 47.64512], [-2.71107, 47.6432], [-2.70914, 47.64251], [-2.70927, 47.64035], [-2.71038, 47.63872], [-2.70677, 47.63505], [-2.70996, 47.63433], [-2.71317, 47.63509], [-2.71511, 47.63354], [-2.71602, 47.6314], [-2.71505, 47.62964], [-2.71259, 47.62826], [-2.70878, 47.62888], [-2.70844, 47.62808], [-2.71008, 47.62634], [-2.70738, 47.62668], [-2.70543, 47.62519], [-2.7045, 47.62587], [-2.70256, 47.62514], [-2.7028, 47.62269], [-2.70482, 47.62225], [-2.70587, 47.62346], [-2.70916, 47.62296], [-2.71099, 47.62202], [-2.71215, 47.62296], [-2.71104, 47.62518], [-2.71318, 47.62598], [-2.7154, 47.62552], [-2.71746, 47.62273], [-2.71726, 47.61985], [-2.71596, 47.61816], [-2.71363, 47.61821], [-2.71268, 47.61947], [-2.70686, 47.61986], [-2.70466, 47.6177], [-2.70234, 47.61654], [-2.70126, 47.61848], [-2.6993, 47.61744], [-2.69983, 47.61462], [-2.69779, 47.61277], [-2.69718, 47.61135], [-2.69562, 47.61098], [-2.69564, 47.6098], [-2.6976, 47.608], [-2.70094, 47.60668], [-2.70209, 47.60677], [-2.70429, 47.60969], [-2.70656, 47.61122], [-2.70678, 47.61482], [-2.70761, 47.61654], [-2.70873, 47.61712], [-2.71196, 47.61752], [-2.71217, 47.61611], [-2.71337, 47.61543], [-2.71645, 47.61494], [-2.71733, 47.61431], [-2.71673, 47.61231], [-2.71433, 47.61219], [-2.71321, 47.61097], [-2.70968, 47.61027], [-2.71082, 47.60756], [-2.70963, 47.60487], [-2.71184, 47.60432], [-2.71252, 47.60163], [-2.70864, 47.60009], [-2.70441, 47.60239], [-2.70275, 47.60251], [-2.70354, 47.60031], [-2.71009, 47.59781], [-2.71279, 47.59594], [-2.71341, 47.59475], [-2.71113, 47.59331], [-2.7178, 47.59262], [-2.71848, 47.59064], [-2.72121, 47.58999], [-2.72084, 47.59167], [-2.71867, 47.59203], [-2.71817, 47.59454], [-2.71936, 47.59574], [-2.71807, 47.59905], [-2.72106, 47.60311], [-2.72278, 47.60362], [-2.72384, 47.60294], [-2.7258, 47.60317], [-2.728, 47.60182], [-2.7302, 47.6019], [-2.72912, 47.60379], [-2.73093, 47.60538], [-2.7339, 47.60359], [-2.73484, 47.60372], [-2.7353, 47.60568], [-2.73752, 47.60523], [-2.73637, 47.60365], [-2.73245, 47.60171], [-2.73084, 47.59876], [-2.73202, 47.59857], [-2.73525, 47.60096], [-2.73992, 47.60386], [-2.74106, 47.60539], [-2.7434, 47.60537], [-2.74473, 47.60676], [-2.7477, 47.6079], [-2.75003, 47.60996], [-2.75202, 47.61045], [-2.75356, 47.60994], [-2.75586, 47.61227], [-2.75792, 47.61236], [-2.7584, 47.61459], [-2.76108, 47.61461], [-2.76262, 47.61544], [-2.7644, 47.61388], [-2.76733, 47.61518], [-2.77033, 47.61587], [-2.77289, 47.61755], [-2.77504, 47.61769], [-2.77821, 47.61872], [-2.7793, 47.62048], [-2.77954, 47.6229], [-2.77815, 47.62373], [-2.77801, 47.62508], [-2.77515, 47.62517], [-2.76625, 47.622], [-2.7642, 47.62285], [-2.76177, 47.62179], [-2.75948, 47.62022], [-2.75721, 47.62004], [-2.75618, 47.6177], [-2.75169, 47.61678], [-2.75016, 47.61761], [-2.74625, 47.6185], [-2.74595, 47.61684], [-2.74274, 47.61388], [-2.73966, 47.6137], [-2.73729, 47.61398], [-2.73364, 47.61279], [-2.73248, 47.61455], [-2.73824, 47.617], [-2.74088, 47.61878], [-2.74227, 47.62142], [-2.74347, 47.62218], [-2.74367, 47.62429], [-2.74112, 47.62612], [-2.74203, 47.62738], [-2.74652, 47.62678], [-2.74568, 47.62511], [-2.74599, 47.62202], [-2.74793, 47.62073], [-2.75071, 47.62191], [-2.75204, 47.62402], [-2.75234, 47.62567], [-2.75372, 47.62818], [-2.75508, 47.6292], [-2.75728, 47.62987], [-2.75775, 47.63201], [-2.75442, 47.63414], [-2.7549, 47.63777], [-2.7599, 47.64057], [-2.7618, 47.63949], [-2.76238, 47.63307], [-2.76455, 47.63131], [-2.77037, 47.63015], [-2.77329, 47.63079], [-2.77598, 47.63229], [-2.77855, 47.63272], [-2.78042, 47.63196], [-2.78007, 47.63054], [-2.77691, 47.62819], [-2.77815, 47.62778], [-2.78085, 47.62892], [-2.78113, 47.63252], [-2.78735, 47.63337], [-2.78729, 47.63485], [-2.78933, 47.63733], [-2.78889, 47.63835], [-2.78618, 47.63802], [-2.78454, 47.63881], [-2.78364, 47.64051], [-2.78468, 47.64173], [-2.78928, 47.64027], [-2.79105, 47.64132], [-2.79155, 47.6431], [-2.79308, 47.64501], [-2.79408, 47.64501], [-2.79331, 47.64203], [-2.7915, 47.64044], [-2.79233, 47.63802], [-2.79447, 47.63747], [-2.79252, 47.63445], [-2.78965, 47.63376], [-2.78737, 47.63157], [-2.78309, 47.63004], [-2.78132, 47.6276], [-2.77988, 47.62653], [-2.78199, 47.62554], [-2.78112, 47.62409], [-2.78158, 47.62258], [-2.78328, 47.62093], [-2.78541, 47.62164], [-2.78718, 47.62058], [-2.78902, 47.62036], [-2.79039, 47.61931], [-2.79427, 47.62013], [-2.79788, 47.61952], [-2.79847, 47.6181], [-2.80159, 47.61796], [-2.80236, 47.61901], [-2.80542, 47.62103], [-2.81194, 47.62232], [-2.81487, 47.62165], [-2.82169, 47.61901], [-2.82219, 47.61795], [-2.82578, 47.61576], [-2.82811, 47.61584], [-2.82991, 47.61449], [-2.83433, 47.61258], [-2.83505, 47.61314], [-2.83258, 47.61582], [-2.83136, 47.61641], [-2.83014, 47.61895], [-2.83275, 47.62027], [-2.83373, 47.62009], [-2.83572, 47.61806], [-2.8386, 47.61681], [-2.84006, 47.61674], [-2.84434, 47.61813], [-2.84602, 47.61765], [-2.84817, 47.61787], [-2.84986, 47.61942], [-2.85481, 47.61893], [-2.85464, 47.62064], [-2.85867, 47.62294], [-2.86278, 47.62208], [-2.86462, 47.62051], [-2.86478, 47.61934], [-2.8673, 47.61719], [-2.8664, 47.61647], [-2.8628, 47.61812], [-2.85872, 47.61807], [-2.85773, 47.61533], [-2.85639, 47.61471], [-2.8564, 47.61349], [-2.8643, 47.61044], [-2.86838, 47.60705], [-2.86744, 47.60502], [-2.86361, 47.6033], [-2.86099, 47.60373], [-2.8587, 47.60145], [-2.86198, 47.59891], [-2.8619, 47.59747], [-2.8645, 47.59673], [-2.86653, 47.59785], [-2.86962, 47.59875], [-2.87412, 47.59836], [-2.87538, 47.59966], [-2.87842, 47.60141], [-2.88292, 47.60243], [-2.88519, 47.60386], [-2.88831, 47.60372], [-2.8898, 47.60257], [-2.8913, 47.60025], [-2.89166, 47.59857], [-2.88964, 47.59618], [-2.88907, 47.59192], [-2.89002, 47.59071], [-2.89097, 47.58539], [-2.88992, 47.58282], [-2.8884, 47.58289], [-2.88622, 47.58119], [-2.88526, 47.5788], [-2.88809, 47.57709], [-2.88923, 47.57452], [-2.89046, 47.57415], [-2.8922, 47.57497], [-2.89226, 47.57678], [-2.8913, 47.57939], [-2.88981, 47.58035], [-2.89094, 47.58174], [-2.89487, 47.58247], [-2.89642, 47.5833], [-2.89582, 47.58463], [-2.89819, 47.5857], [-2.89949, 47.58537], [-2.90186, 47.58301], [-2.90501, 47.58187], [-2.90674, 47.58328], [-2.90924, 47.58426], [-2.90598, 47.58499], [-2.90419, 47.58714], [-2.90558, 47.59042], [-2.9081, 47.59156], [-2.91076, 47.59225], [-2.91365, 47.59176], [-2.91472, 47.59108], [-2.91484, 47.58756], [-2.91813, 47.5866], [-2.91845, 47.58501], [-2.91727, 47.58331], [-2.91778, 47.58233], [-2.92055, 47.5828], [-2.92237, 47.58501], [-2.92552, 47.5859], [-2.9256, 47.58802], [-2.92697, 47.58904], [-2.927, 47.59133], [-2.92447, 47.59199], [-2.92188, 47.58945], [-2.92037, 47.58903], [-2.92056, 47.59284], [-2.91837, 47.59443], [-2.91698, 47.59644], [-2.91725, 47.59984], [-2.91836, 47.60102], [-2.9182, 47.60273], [-2.92037, 47.60187], [-2.91982, 47.601], [-2.92083, 47.599], [-2.92215, 47.59813], [-2.92327, 47.5961], [-2.92322, 47.59498], [-2.92706, 47.59187], [-2.92819, 47.59264], [-2.92706, 47.5967], [-2.92744, 47.60123], [-2.93079, 47.60397], [-2.93104, 47.60585], [-2.93324, 47.60584], [-2.93309, 47.60309], [-2.93111, 47.6012], [-2.93394, 47.59949], [-2.93438, 47.59853], [-2.93705, 47.59652], [-2.93719, 47.59466], [-2.93593, 47.59341], [-2.93649, 47.5909], [-2.93459, 47.58855], [-2.934, 47.58664], [-2.93676, 47.58571], [-2.93901, 47.58813], [-2.93966, 47.58999], [-2.93916, 47.59312], [-2.93947, 47.59482], [-2.94245, 47.59794], [-2.94319, 47.60205], [-2.94463, 47.60311], [-2.94658, 47.60324], [-2.94601, 47.60571], [-2.94687, 47.60752], [-2.95043, 47.60717], [-2.95108, 47.60976], [-2.94906, 47.61152], [-2.94747, 47.61159], [-2.94674, 47.61293], [-2.94875, 47.61442], [-2.94813, 47.6162], [-2.94909, 47.61783], [-2.94883, 47.61923], [-2.94944, 47.62137], [-2.94699, 47.6236], [-2.94397, 47.62532], [-2.94229, 47.62579], [-2.93655, 47.62516], [-2.93637, 47.62602], [-2.93958, 47.62741], [-2.94034, 47.62832], [-2.9429, 47.62924], [-2.94431, 47.62872], [-2.94647, 47.62898], [-2.94862, 47.62772], [-2.95049, 47.62786], [-2.95405, 47.62621], [-2.95616, 47.62589], [-2.95885, 47.62739], [-2.95917, 47.62936], [-2.95784, 47.63136], [-2.95853, 47.63421], [-2.95959, 47.63484], [-2.96177, 47.63469], [-2.96169, 47.63583], [-2.9579, 47.63789], [-2.95816, 47.6386], [-2.9641, 47.63923], [-2.96758, 47.63871], [-2.96858, 47.63943], [-2.96713, 47.6422], [-2.96434, 47.6444], [-2.96414, 47.64572], [-2.96772, 47.64952], [-2.97269, 47.65322], [-2.97555, 47.65777], [-2.97702, 47.65901], [-2.97829, 47.65909], [-2.9778, 47.65685], [-2.98103, 47.6558], [-2.97959, 47.6548], [-2.979, 47.65284], [-2.97783, 47.65248], [-2.97754, 47.6502], [-2.97622, 47.64774], [-2.97598, 47.64594], [-2.97409, 47.64445], [-2.97084, 47.64465], [-2.97064, 47.64263], [-2.97199, 47.6408], [-2.97217, 47.63796], [-2.97158, 47.63546], [-2.97012, 47.63409], [-2.96984, 47.6327], [-2.96699, 47.63283], [-2.96401, 47.63441], [-2.96125, 47.63142], [-2.9614, 47.62957], [-2.96023, 47.62386], [-2.95699, 47.6208], [-2.95554, 47.62042], [-2.95681, 47.61765], [-2.95464, 47.61532], [-2.9536, 47.61221], [-2.95642, 47.61245], [-2.9565, 47.61389], [-2.95786, 47.6149], [-2.96071, 47.61464], [-2.96174, 47.61288], [-2.9661, 47.61128], [-2.96539, 47.61005], [-2.96284, 47.60994], [-2.96306, 47.60755], [-2.96725, 47.60604], [-2.96845, 47.60608], [-2.97227, 47.60766], [-2.97209, 47.60654], [-2.96923, 47.60515], [-2.96634, 47.60496], [-2.96533, 47.60158], [-2.9642, 47.60091], [-2.96191, 47.60129], [-2.95967, 47.60094], [-2.95987, 47.59967], [-2.96166, 47.59945], [-2.96181, 47.59768], [-2.9596, 47.5976], [-2.95885, 47.59935], [-2.95518, 47.59862], [-2.9543, 47.59717], [-2.95503, 47.59588], [-2.95763, 47.59454], [-2.95796, 47.59381], [-2.96065, 47.59413], [-2.96189, 47.59177], [-2.96403, 47.59051], [-2.96499, 47.58871], [-2.96657, 47.58855], [-2.96865, 47.5894], [-2.97015, 47.58834], [-2.9678, 47.58759], [-2.96276, 47.58781], [-2.96322, 47.58644], [-2.96218, 47.58334], [-2.95996, 47.58114], [-2.95791, 47.58124], [-2.95644, 47.57981], [-2.95459, 47.57999], [-2.95258, 47.57931], [-2.94786, 47.57935], [-2.94527, 47.57473], [-2.94654, 47.57278], [-2.94587, 47.57142], [-2.94418, 47.57109], [-2.94229, 47.56828], [-2.94076, 47.56754], [-2.9377, 47.56763], [-2.9381, 47.56618], [-2.93688, 47.56402], [-2.93675, 47.56137], [-2.93472, 47.56115], [-2.93174, 47.55984], [-2.92892, 47.55965], [-2.92658, 47.55687], [-2.92884, 47.55474], [-2.93288, 47.5546], [-2.9345, 47.55539], [-2.93909, 47.5541], [-2.94464, 47.55632], [-2.94711, 47.55648], [-2.9518, 47.55609], [-2.95149, 47.5589], [-2.95297, 47.56041], [-2.955, 47.56144], [-2.95467, 47.56222], [-2.95652, 47.56394], [-2.95774, 47.56425], [-2.95956, 47.56177], [-2.95766, 47.56073], [-2.95818, 47.55922], [-2.96112, 47.55864], [-2.964, 47.55688], [-2.96184, 47.55392], [-2.96292, 47.55333], [-2.96595, 47.55503], [-2.96843, 47.55717], [-2.97228, 47.55903], [-2.97607, 47.55904], [-2.97608, 47.56116], [-2.97849, 47.5619], [-2.97739, 47.56299], [-2.97372, 47.55946], [-2.96925, 47.55935], [-2.96913, 47.56151], [-2.97092, 47.56342], [-2.97109, 47.56445], [-2.97316, 47.56719], [-2.97518, 47.56881], [-2.97374, 47.56965], [-2.97246, 47.56821], [-2.97018, 47.56801], [-2.97217, 47.57193], [-2.97742, 47.57452], [-2.97518, 47.57607], [-2.97659, 47.57749], [-2.97881, 47.57703], [-2.98079, 47.57829], [-2.98248, 47.57853], [-2.98506, 47.57697], [-2.98627, 47.57709], [-2.98956, 47.58001], [-2.99179, 47.5804], [-2.99274, 47.58184], [-2.9906, 47.58438], [-2.99332, 47.58556], [-2.99403, 47.58666], [-2.99336, 47.58808], [-2.99443, 47.59069], [-2.9965, 47.59068], [-2.99753, 47.58969], [-2.99798, 47.5876], [-2.99693, 47.58706], [-2.99802, 47.58462], [-2.99668, 47.58329], [-2.99563, 47.58013], [-2.99311, 47.5775], [-2.99282, 47.57526], [-2.99148, 47.57122], [-2.98821, 47.56916], [-2.98899, 47.567], [-2.99125, 47.57037], [-2.9946, 47.57175], [-2.99754, 47.57067], [-2.99799, 47.56903], [-2.99594, 47.56723], [-2.99705, 47.56627], [-3.00042, 47.56743], [-3.00209, 47.56748], [-3.00447, 47.56598], [-3.00543, 47.56747], [-3.00715, 47.56806], [-3.00898, 47.57168], [-3.01093, 47.57326], [-3.0121, 47.57884], [-3.01271, 47.58039], [-3.01489, 47.58281], [-3.01659, 47.58377], [-3.01892, 47.58776], [-3.02199, 47.58974], [-3.02302, 47.59145], [-3.02456, 47.59205], [-3.02698, 47.59163], [-3.02819, 47.5904], [-3.02825, 47.58909], [-3.02647, 47.58728], [-3.02611, 47.58576], [-3.02673, 47.58335], [-3.02611, 47.58112], [-3.02222, 47.57882], [-3.02303, 47.57761], [-3.02227, 47.57476], [-3.02289, 47.57293], [-3.01999, 47.57068], [-3.019, 47.56869], [-3.01918, 47.56724], [-3.02136, 47.56764], [-3.02318, 47.56728], [-3.02496, 47.56833], [-3.0276, 47.57145], [-3.02864, 47.5732], [-3.03128, 47.57367], [-3.03135, 47.57497], [-3.0342, 47.57736], [-3.03382, 47.57959], [-3.03472, 47.58189], [-3.03805, 47.58183], [-3.03936, 47.58303], [-3.04169, 47.58684], [-3.04474, 47.58738], [-3.04445, 47.58523], [-3.04302, 47.58228], [-3.04352, 47.58135], [-3.04274, 47.57886], [-3.04548, 47.57824], [-3.04802, 47.57848], [-3.05198, 47.57794], [-3.05297, 47.57659], [-3.05201, 47.575], [-3.05439, 47.57354], [-3.05387, 47.571], [-3.05436, 47.56927], [-3.05624, 47.57079], [-3.05868, 47.5719], [-3.06188, 47.57252], [-3.06587, 47.57242], [-3.07385, 47.5711], [-3.07894, 47.56937], [-3.07934, 47.56792], [-3.08391, 47.56712], [-3.08757, 47.56573], [-3.08958, 47.56451], [-3.09104, 47.5652], [-3.09448, 47.56491], [-3.09543, 47.56374], [-3.09752, 47.56467], [-3.09785, 47.56597], [-3.09705, 47.56795], [-3.09806, 47.56925], [-3.10212, 47.57064], [-3.10348, 47.57224], [-3.10634, 47.574], [-3.10652, 47.57525], [-3.10532, 47.57784], [-3.10331, 47.57829], [-3.09723, 47.57812], [-3.09644, 47.57762], [-3.09697, 47.57565], [-3.09436, 47.57551], [-3.09208, 47.574], [-3.09117, 47.57498], [-3.09245, 47.57636], [-3.09232, 47.57903], [-3.0945, 47.58073], [-3.10181, 47.57994], [-3.1047, 47.58079], [-3.10299, 47.58236], [-3.1036, 47.58445], [-3.10461, 47.58512], [-3.1085, 47.58472], [-3.11033, 47.58567], [-3.11135, 47.58783], [-3.1133, 47.58737], [-3.11531, 47.59008], [-3.11964, 47.59132], [-3.12108, 47.59364], [-3.12111, 47.59526], [-3.12255, 47.59574], [-3.12444, 47.59794], [-3.12703, 47.59836], [-3.12899, 47.59746], [-3.13087, 47.59553], [-3.12963, 47.59396], [-3.1264, 47.59293], [-3.12962, 47.59062], [-3.13049, 47.58865], [-3.13052, 47.58567], [-3.12998, 47.58506], [-3.13076, 47.58286], [-3.12819, 47.57861], [-3.12948, 47.57499], [-3.12817, 47.57392], [-3.12469, 47.57313], [-3.12321, 47.5742], [-3.11793, 47.57612], [-3.1156, 47.57546], [-3.11814, 47.57433], [-3.12075, 47.57229], [-3.12326, 47.56951], [-3.12713, 47.56387], [-3.12887, 47.55996], [-3.12982, 47.55373], [-3.12945, 47.55137], [-3.13047, 47.5496], [-3.1332, 47.547], [-3.13288, 47.5453], [-3.13349, 47.5427], [-3.13106, 47.53849], [-3.13201, 47.53677], [-3.13168, 47.5348], [-3.13323, 47.53244], [-3.13114, 47.52698], [-3.12836, 47.52586], [-3.12848, 47.52454], [-3.12975, 47.52191], [-3.12873, 47.52038], [-3.12644, 47.52005], [-3.12598, 47.51831], [-3.12656, 47.51557], [-3.12636, 47.51293], [-3.12489, 47.51159], [-3.12088, 47.51061], [-3.11991, 47.50971], [-3.11794, 47.51003], [-3.11864, 47.50707], [-3.1185, 47.50572], [-3.11963, 47.50314], [-3.11878, 47.49876], [-3.11748, 47.49644], [-3.11567, 47.49562], [-3.11346, 47.49545], [-3.11329, 47.49443], [-3.11156, 47.49374], [-3.10995, 47.4898], [-3.10867, 47.48896], [-3.1061, 47.48849], [-3.1024, 47.48619], [-3.10061, 47.48627], [-3.09844, 47.48525], [-3.09773, 47.48343], [-3.09455, 47.48286], [-3.09307, 47.48076], [-3.093, 47.4782], [-3.09085, 47.47605], [-3.09058, 47.47399], [-3.08952, 47.47268], [-3.0877, 47.47186], [-3.08625, 47.47203], [-3.08386, 47.47006], [-3.08097, 47.47038], [-3.08144, 47.469], [-3.08417, 47.46919], [-3.08799, 47.4701], [-3.08904, 47.47189], [-3.09358, 47.47344], [-3.09899, 47.47305], [-3.10002, 47.47197], [-3.10175, 47.47324], [-3.10558, 47.47369], [-3.10792, 47.47191], [-3.11076, 47.47358], [-3.11173, 47.47533], [-3.11531, 47.47787], [-3.1178, 47.4788], [-3.12128, 47.4789], [-3.12592, 47.47747], [-3.12768, 47.4753], [-3.12981, 47.47458], [-3.13297, 47.47496], [-3.13347, 47.47652], [-3.13529, 47.47882], [-3.13803, 47.48082], [-3.13926, 47.48242], [-3.14098, 47.48234], [-3.14181, 47.48329], [-3.14562, 47.48352], [-3.14547, 47.48465], [-3.14338, 47.48444], [-3.14451, 47.48624], [-3.14515, 47.48923], [-3.14285, 47.49082], [-3.14312, 47.49207], [-3.1451, 47.49197], [-3.14775, 47.49451], [-3.14706, 47.4949], [-3.15002, 47.49972], [-3.1492, 47.5008], [-3.15054, 47.5015], [-3.15177, 47.50387], [-3.15022, 47.50805], [-3.15272, 47.511], [-3.15108, 47.51324], [-3.1519, 47.51596], [-3.15303, 47.51734], [-3.15251, 47.51994], [-3.15468, 47.52366], [-3.15742, 47.52304], [-3.15961, 47.5256], [-3.15954, 47.52934], [-3.1573, 47.52778], [-3.15314, 47.52739], [-3.15114, 47.52929], [-3.14694, 47.5298], [-3.14463, 47.53127], [-3.14096, 47.53509], [-3.13868, 47.5402], [-3.1386, 47.54263], [-3.13682, 47.54403], [-3.1354, 47.54387], [-3.13442, 47.5459], [-3.13458, 47.54882], [-3.13839, 47.55933], [-3.13877, 47.5617], [-3.13862, 47.56807], [-3.13918, 47.57281], [-3.13901, 47.57562], [-3.13975, 47.5796], [-3.1435, 47.5856], [-3.1469, 47.59265], [-3.14933, 47.59623], [-3.15379, 47.60134], [-3.15696, 47.6043], [-3.15842, 47.60612], [-3.15838, 47.60698], [-3.16099, 47.60776], [-3.16252, 47.609], [-3.17112, 47.6135], [-3.17489, 47.61458], [-3.17769, 47.61386], [-3.17941, 47.61437], [-3.18053, 47.61626], [-3.18287, 47.61623], [-3.1858, 47.61812], [-3.1886, 47.62079], [-3.19091, 47.62176], [-3.19463, 47.62216], [-3.19767, 47.62392], [-3.1982, 47.62835], [-3.19992, 47.63084], [-3.2028, 47.63413], [-3.21074, 47.64182], [-3.21087, 47.64303], [-3.20919, 47.6455], [-3.2074, 47.64685], [-3.20624, 47.64658], [-3.20466, 47.64815], [-3.20561, 47.65081], [-3.20402, 47.65156], [-3.20612, 47.65308], [-3.2052, 47.6539], [-3.20693, 47.65507], [-3.20747, 47.65766], [-3.2064, 47.65894], [-3.20758, 47.66063], [-3.20865, 47.66333], [-3.20602, 47.66499], [-3.20575, 47.66672], [-3.20752, 47.6665], [-3.20944, 47.66703], [-3.20921, 47.6698], [-3.20857, 47.67019], [-3.20359, 47.67033], [-3.20163, 47.67075], [-3.20088, 47.67186], [-3.19835, 47.67325], [-3.19947, 47.67504], [-3.19954, 47.67635], [-3.19767, 47.67635], [-3.19623, 47.67786], [-3.1968, 47.67882], [-3.19102, 47.67914], [-3.18925, 47.67751], [-3.18809, 47.67788], [-3.18871, 47.67997], [-3.19172, 47.68136], [-3.18943, 47.68373], [-3.18807, 47.68343], [-3.18569, 47.68498], [-3.18353, 47.68409], [-3.18312, 47.68145], [-3.18123, 47.68186], [-3.17764, 47.68135], [-3.17626, 47.68155], [-3.17628, 47.68309], [-3.17456, 47.6833], [-3.17224, 47.68278], [-3.16855, 47.68137], [-3.16813, 47.68049], [-3.16332, 47.67983], [-3.16228, 47.68014], [-3.16341, 47.68193], [-3.16214, 47.6833], [-3.16213, 47.68448], [-3.16361, 47.68585], [-3.15868, 47.68978], [-3.15756, 47.6874], [-3.15532, 47.68642], [-3.15442, 47.68795], [-3.15025, 47.68959], [-3.15053, 47.6917], [-3.14947, 47.69238], [-3.14961, 47.69416], [-3.14857, 47.69589], [-3.14673, 47.69557], [-3.14591, 47.69673], [-3.1434, 47.69695], [-3.14189, 47.69851], [-3.14078, 47.69869], [-3.13567, 47.69776], [-3.13232, 47.70153], [-3.13596, 47.7005], [-3.13751, 47.69952], [-3.13994, 47.70026], [-3.14303, 47.6998], [-3.1455, 47.69788], [-3.15165, 47.69859], [-3.15443, 47.69958], [-3.15912, 47.69728], [-3.15365, 47.69601], [-3.15368, 47.69497], [-3.15521, 47.69369], [-3.15895, 47.69374], [-3.16178, 47.69463], [-3.16402, 47.69435], [-3.16732, 47.69577], [-3.16884, 47.69687], [-3.16852, 47.69842], [-3.16671, 47.69828], [-3.16559, 47.70041], [-3.16172, 47.69915], [-3.15954, 47.69943], [-3.15724, 47.70035], [-3.15411, 47.70045], [-3.15348, 47.70219], [-3.15434, 47.70391], [-3.15283, 47.70484], [-3.1507, 47.70368], [-3.14836, 47.70361], [-3.14777, 47.70435], [-3.14846, 47.70707], [-3.15124, 47.70753], [-3.15104, 47.70953], [-3.14968, 47.71117], [-3.14717, 47.71214], [-3.14585, 47.7136], [-3.14879, 47.71419], [-3.14974, 47.71504], [-3.14908, 47.71642], [-3.14591, 47.71549], [-3.14271, 47.71668], [-3.14192, 47.71559], [-3.14286, 47.71374], [-3.14193, 47.7118], [-3.14443, 47.71146], [-3.14664, 47.70955], [-3.1451, 47.70895], [-3.144, 47.70657], [-3.14224, 47.70638], [-3.14025, 47.7072], [-3.13763, 47.70574], [-3.13547, 47.70738], [-3.13423, 47.70639], [-3.13422, 47.70504], [-3.13149, 47.70391], [-3.12806, 47.70555], [-3.12788, 47.70967], [-3.13141, 47.71283], [-3.13179, 47.71444], [-3.1293, 47.71506], [-3.1265, 47.71767], [-3.12266, 47.71857], [-3.12016, 47.72094], [-3.12379, 47.72176], [-3.12596, 47.72346], [-3.12527, 47.7258], [-3.11827, 47.72518], [-3.11388, 47.72403], [-3.10934, 47.72352], [-3.10788, 47.72296], [-3.10867, 47.72098], [-3.1056, 47.71901], [-3.10438, 47.71753], [-3.10311, 47.71823], [-3.10654, 47.7209], [-3.10696, 47.72183], [-3.10584, 47.72395], [-3.10756, 47.72504], [-3.11093, 47.72592], [-3.10947, 47.72802], [-3.11435, 47.72676], [-3.12086, 47.72645], [-3.12159, 47.72695], [-3.12786, 47.7282], [-3.12881, 47.72644], [-3.1318, 47.72301], [-3.13505, 47.72209], [-3.14095, 47.72231], [-3.14326, 47.72278], [-3.14542, 47.72164], [-3.14629, 47.71966], [-3.14917, 47.71912], [-3.15034, 47.71952], [-3.15262, 47.71891], [-3.15366, 47.71991], [-3.15224, 47.72101], [-3.15239, 47.72253], [-3.15154, 47.72397], [-3.1514, 47.7265], [-3.15014, 47.72657], [-3.14925, 47.72516], [-3.151, 47.72389], [-3.1519, 47.72224], [-3.14936, 47.7216], [-3.1486, 47.72393], [-3.14701, 47.72599], [-3.14721, 47.72801], [-3.14516, 47.72873], [-3.14399, 47.73045], [-3.14375, 47.73196], [-3.142, 47.73312], [-3.13926, 47.73316], [-3.13862, 47.73215], [-3.14051, 47.73035], [-3.13993, 47.72871], [-3.13827, 47.72811], [-3.13554, 47.72889], [-3.1346, 47.73139], [-3.13654, 47.73527], [-3.14096, 47.7347], [-3.14359, 47.73305], [-3.14549, 47.73269], [-3.14781, 47.73051], [-3.15092, 47.73342], [-3.15134, 47.73435], [-3.14898, 47.73667], [-3.1496, 47.73812], [-3.1479, 47.7392], [-3.14581, 47.73894], [-3.14381, 47.73971], [-3.14279, 47.74084], [-3.13923, 47.74254], [-3.13787, 47.74238], [-3.13728, 47.7443], [-3.13484, 47.74734], [-3.13704, 47.74777], [-3.13752, 47.74663], [-3.1404, 47.74424], [-3.14327, 47.74347], [-3.14566, 47.74331], [-3.14668, 47.74228], [-3.14828, 47.74279], [-3.14723, 47.74423], [-3.14761, 47.74602], [-3.14707, 47.74798], [-3.14712, 47.75235], [-3.14988, 47.75051], [-3.14972, 47.74831], [-3.14886, 47.74709], [-3.15, 47.74514], [-3.15188, 47.7446], [-3.1528, 47.74321], [-3.15289, 47.74149], [-3.15588, 47.74139], [-3.15618, 47.73772], [-3.15832, 47.73654], [-3.16021, 47.73745], [-3.15998, 47.73452], [-3.15777, 47.73377], [-3.15479, 47.73337], [-3.15706, 47.73151], [-3.15754, 47.73027], [-3.16008, 47.72898], [-3.1619, 47.73051], [-3.16445, 47.73125], [-3.16717, 47.73035], [-3.17135, 47.73138], [-3.17293, 47.735], [-3.17212, 47.73805], [-3.17421, 47.73709], [-3.17508, 47.73764], [-3.17737, 47.73722], [-3.18103, 47.73826], [-3.18255, 47.73756], [-3.18645, 47.73837], [-3.18817, 47.74076], [-3.18815, 47.74189], [-3.18948, 47.74377], [-3.18601, 47.74637], [-3.19026, 47.74675], [-3.1919, 47.74838], [-3.19364, 47.74839], [-3.19572, 47.74595], [-3.19903, 47.74561], [-3.20083, 47.74489], [-3.19998, 47.74377], [-3.19796, 47.7444], [-3.19531, 47.74457], [-3.19391, 47.74717], [-3.19171, 47.74587], [-3.1922, 47.74476], [-3.19184, 47.74271], [-3.19081, 47.74109], [-3.19289, 47.7374], [-3.19226, 47.73395], [-3.19234, 47.73214], [-3.19082, 47.7323], [-3.18868, 47.73159], [-3.18441, 47.73224], [-3.18311, 47.73393], [-3.18326, 47.73482], [-3.18103, 47.73646], [-3.17856, 47.73653], [-3.17706, 47.73561], [-3.17573, 47.73297], [-3.17314, 47.72994], [-3.17406, 47.72922], [-3.17402, 47.72751], [-3.17189, 47.72823], [-3.16974, 47.72807], [-3.1696, 47.7242], [-3.1715, 47.72316], [-3.17464, 47.72315], [-3.17542, 47.72167], [-3.17574, 47.71832], [-3.17276, 47.71661], [-3.17366, 47.71508], [-3.16934, 47.71529], [-3.16973, 47.71269], [-3.17199, 47.71119], [-3.16923, 47.70971], [-3.1698, 47.70746], [-3.16569, 47.70455], [-3.1691, 47.70402], [-3.17371, 47.70196], [-3.17506, 47.69897], [-3.17606, 47.69896], [-3.17571, 47.70137], [-3.17601, 47.70361], [-3.17436, 47.70635], [-3.17668, 47.70686], [-3.17968, 47.70421], [-3.18193, 47.70527], [-3.18424, 47.70246], [-3.18648, 47.7028], [-3.18968, 47.70409], [-3.19133, 47.70266], [-3.19463, 47.70354], [-3.19447, 47.70061], [-3.19556, 47.69971], [-3.19868, 47.69951], [-3.19795, 47.69824], [-3.19917, 47.69714], [-3.19754, 47.69488], [-3.19415, 47.69378], [-3.19234, 47.69567], [-3.19063, 47.69526], [-3.19198, 47.69352], [-3.19134, 47.69246], [-3.18928, 47.69261], [-3.18885, 47.69168], [-3.19038, 47.69089], [-3.19304, 47.69077], [-3.19385, 47.68955], [-3.1973, 47.6875], [-3.1999, 47.69062], [-3.20595, 47.68907], [-3.208, 47.69141], [-3.21051, 47.69128], [-3.2102, 47.69401], [-3.21118, 47.69635], [-3.21072, 47.69835], [-3.2124, 47.69845], [-3.21432, 47.69629], [-3.21626, 47.69579], [-3.21479, 47.6945], [-3.21579, 47.69383], [-3.21478, 47.69068], [-3.21234, 47.69147], [-3.21017, 47.6899], [-3.20802, 47.68978], [-3.20659, 47.68818], [-3.2074, 47.68643], [-3.20984, 47.68671], [-3.21171, 47.68487], [-3.2094, 47.68453], [-3.20596, 47.68469], [-3.20495, 47.68407], [-3.19944, 47.68375], [-3.20068, 47.68211], [-3.20004, 47.68119], [-3.20246, 47.67882], [-3.20244, 47.67719], [-3.20902, 47.6763], [-3.20653, 47.67295], [-3.20632, 47.67161], [-3.20994, 47.67116], [-3.21538, 47.67212], [-3.21409, 47.66925], [-3.21514, 47.66784], [-3.21739, 47.66765], [-3.21855, 47.66534], [-3.21541, 47.66413], [-3.21378, 47.6625], [-3.2119, 47.66187], [-3.21156, 47.65986], [-3.21208, 47.65654], [-3.21094, 47.65506], [-3.21058, 47.65111], [-3.21213, 47.6487], [-3.21212, 47.64613], [-3.2146, 47.64488], [-3.21672, 47.64668], [-3.22481, 47.65125], [-3.22891, 47.65407], [-3.24325, 47.66298], [-3.25003, 47.6646], [-3.25219, 47.66738], [-3.25446, 47.66916], [-3.25721, 47.67006], [-3.25929, 47.6719], [-3.26452, 47.67467], [-3.26929, 47.67747], [-3.2709, 47.67887], [-3.28299, 47.68406], [-3.29412, 47.68758], [-3.30046, 47.68943], [-3.31034, 47.69184], [-3.31792, 47.69354], [-3.32294, 47.6942], [-3.33369, 47.69481], [-3.33882, 47.69541], [-3.34449, 47.69527], [-3.34706, 47.69493], [-3.35113, 47.69368], [-3.35357, 47.69158], [-3.35297, 47.69026], [-3.35374, 47.68877], [-3.35552, 47.68793], [-3.35761, 47.6862], [-3.35929, 47.68693], [-3.36018, 47.68905], [-3.35842, 47.6913], [-3.35824, 47.69342], [-3.35614, 47.69371], [-3.35425, 47.69606], [-3.35486, 47.6986], [-3.35246, 47.70038], [-3.34966, 47.69925], [-3.34725, 47.6973], [-3.34672, 47.69615], [-3.34331, 47.69619], [-3.34038, 47.69737], [-3.33916, 47.69846], [-3.33619, 47.69829], [-3.33121, 47.69858], [-3.32819, 47.7003], [-3.32673, 47.70159], [-3.32505, 47.70208], [-3.32316, 47.69933], [-3.32041, 47.69861], [-3.31612, 47.6985], [-3.31597, 47.69594], [-3.3111, 47.69465], [-3.30669, 47.69279], [-3.30439, 47.69371], [-3.30104, 47.69116], [-3.30082, 47.69032], [-3.29201, 47.68787], [-3.28978, 47.68756], [-3.28576, 47.68618], [-3.28213, 47.68591], [-3.28104, 47.68767], [-3.27938, 47.68838], [-3.27765, 47.69032], [-3.27845, 47.69086], [-3.28067, 47.68976], [-3.28247, 47.69301], [-3.28507, 47.696], [-3.28579, 47.69776], [-3.28786, 47.70096], [-3.29034, 47.70093], [-3.29222, 47.70309], [-3.29396, 47.70242], [-3.29656, 47.70302], [-3.29856, 47.70228], [-3.30328, 47.70215], [-3.30733, 47.70384], [-3.30796, 47.7053], [-3.31047, 47.70572], [-3.31213, 47.70492], [-3.30793, 47.70255], [-3.30747, 47.70068], [-3.31283, 47.70218], [-3.3149, 47.70212], [-3.31618, 47.70283], [-3.31771, 47.70473], [-3.31536, 47.70521], [-3.3132, 47.70496], [-3.31059, 47.70617], [-3.31055, 47.7077], [-3.309, 47.70873], [-3.31087, 47.70945], [-3.31383, 47.70773], [-3.32031, 47.70588], [-3.322, 47.70476], [-3.32317, 47.7052], [-3.32616, 47.70816], [-3.32666, 47.70962], [-3.32868, 47.70799], [-3.33155, 47.70726], [-3.3346, 47.70716], [-3.34091, 47.7087], [-3.34422, 47.70836], [-3.34528, 47.70642], [-3.34915, 47.7051], [-3.34998, 47.70353], [-3.35224, 47.70287], [-3.35544, 47.7033], [-3.35604, 47.70467], [-3.35778, 47.70521], [-3.35925, 47.70713], [-3.36394, 47.70906], [-3.36541, 47.7103], [-3.36405, 47.71131], [-3.36203, 47.70997], [-3.3602, 47.70965], [-3.35646, 47.71097], [-3.35317, 47.70828], [-3.34999, 47.70988], [-3.35113, 47.71178], [-3.35235, 47.71245], [-3.35268, 47.71439], [-3.35059, 47.71603], [-3.34864, 47.71405], [-3.34679, 47.71355], [-3.34438, 47.71417], [-3.3427, 47.71592], [-3.34213, 47.71752], [-3.34274, 47.71939], [-3.34651, 47.72222], [-3.34912, 47.7229], [-3.35097, 47.72269], [-3.35194, 47.72417], [-3.3493, 47.72393], [-3.34832, 47.7248], [-3.34633, 47.7248], [-3.34617, 47.72585], [-3.34404, 47.72659], [-3.34372, 47.72799], [-3.34612, 47.72978], [-3.34907, 47.72931], [-3.34875, 47.73118], [-3.34697, 47.7328], [-3.34784, 47.73456], [-3.3428, 47.73494], [-3.34208, 47.73439], [-3.34284, 47.73228], [-3.33902, 47.73084], [-3.33843, 47.72974], [-3.33615, 47.729], [-3.33238, 47.7294], [-3.32968, 47.73224], [-3.33449, 47.73544], [-3.32684, 47.73572], [-3.32262, 47.73498], [-3.31772, 47.73787], [-3.31575, 47.74072], [-3.31429, 47.74201], [-3.31576, 47.74333], [-3.31494, 47.74572], [-3.31356, 47.74647], [-3.30847, 47.74702], [-3.30571, 47.74811], [-3.3045, 47.75186], [-3.30392, 47.75518], [-3.3015, 47.75823], [-3.30145, 47.75967], [-3.30284, 47.76254], [-3.30081, 47.76426], [-3.30003, 47.7657], [-3.29791, 47.76715], [-3.29786, 47.76855], [-3.29653, 47.77119], [-3.29457, 47.76907], [-3.29079, 47.76876], [-3.28684, 47.76809], [-3.28542, 47.76978], [-3.282, 47.77793], [-3.28343, 47.78006], [-3.2864, 47.78033], [-3.28816, 47.78173], [-3.28886, 47.78327], [-3.29324, 47.78483], [-3.29331, 47.78676], [-3.29071, 47.79126], [-3.28984, 47.79188], [-3.28241, 47.79247], [-3.28101, 47.79321], [-3.27759, 47.79311], [-3.27773, 47.79441], [-3.2855, 47.7939], [-3.29024, 47.79312], [-3.29294, 47.79092], [-3.29427, 47.78829], [-3.29569, 47.78651], [-3.29621, 47.78449], [-3.29517, 47.78288], [-3.29363, 47.78228], [-3.29048, 47.78225], [-3.29067, 47.78089], [-3.28722, 47.77799], [-3.28737, 47.77563], [-3.2865, 47.77433], [-3.28681, 47.77283], [-3.2883, 47.77177], [-3.29075, 47.77151], [-3.2925, 47.77228], [-3.29398, 47.77478], [-3.29647, 47.77556], [-3.29811, 47.77471], [-3.30005, 47.77466], [-3.30091, 47.77273], [-3.30019, 47.77033], [-3.30153, 47.76733], [-3.30375, 47.76488], [-3.30636, 47.76489], [-3.30949, 47.76294], [-3.31124, 47.76236], [-3.31437, 47.75846], [-3.31813, 47.75612], [-3.32095, 47.75629], [-3.32465, 47.75904], [-3.32356, 47.76126], [-3.32556, 47.76251], [-3.32493, 47.76597], [-3.32621, 47.76609], [-3.3261, 47.76379], [-3.32701, 47.76104], [-3.32451, 47.75706], [-3.32346, 47.75342], [-3.32291, 47.74831], [-3.32468, 47.74732], [-3.32623, 47.74747], [-3.33014, 47.74589], [-3.33302, 47.74412], [-3.3333, 47.74293], [-3.33543, 47.74283], [-3.34241, 47.74136], [-3.34425, 47.74159], [-3.34707, 47.74551], [-3.34825, 47.74842], [-3.349, 47.75294], [-3.34991, 47.75393], [-3.35117, 47.75815], [-3.35353, 47.76074], [-3.35749, 47.76276], [-3.36301, 47.76191], [-3.36344, 47.76283], [-3.3622, 47.76429], [-3.36285, 47.76534], [-3.36289, 47.76886], [-3.36071, 47.76977], [-3.36004, 47.77098], [-3.36432, 47.77162], [-3.36777, 47.77321], [-3.36801, 47.77668], [-3.36936, 47.77922], [-3.37269, 47.7815], [-3.37653, 47.78545], [-3.37682, 47.78878], [-3.37882, 47.79251], [-3.38017, 47.79379], [-3.38, 47.79471], [-3.37766, 47.79483], [-3.37872, 47.79716], [-3.38016, 47.79741], [-3.38411, 47.79685], [-3.38636, 47.79913], [-3.38657, 47.80043], [-3.38521, 47.80144], [-3.38542, 47.80463], [-3.38716, 47.80522], [-3.39181, 47.8049], [-3.39237, 47.80699], [-3.3897, 47.8083], [-3.38885, 47.81091], [-3.38685, 47.81294], [-3.38622, 47.81694], [-3.389, 47.81979], [-3.38994, 47.82168], [-3.38825, 47.82523], [-3.38851, 47.82828], [-3.3903, 47.82675], [-3.39166, 47.82393], [-3.39224, 47.82125], [-3.3896, 47.81971], [-3.38721, 47.81554], [-3.38822, 47.81261], [-3.39105, 47.80963], [-3.39355, 47.80869], [-3.39973, 47.81064], [-3.39942, 47.80908], [-3.39811, 47.80748], [-3.39526, 47.80703], [-3.39407, 47.80606], [-3.39248, 47.80365], [-3.39019, 47.80426], [-3.38748, 47.80263], [-3.38956, 47.80078], [-3.38939, 47.79857], [-3.38856, 47.79713], [-3.38598, 47.79621], [-3.38252, 47.794], [-3.37999, 47.79155], [-3.37977, 47.79017], [-3.38047, 47.78792], [-3.38224, 47.78693], [-3.38552, 47.78389], [-3.3837, 47.78316], [-3.38095, 47.78366], [-3.3789, 47.78335], [-3.37644, 47.78158], [-3.37401, 47.78079], [-3.36978, 47.77501], [-3.3705, 47.77308], [-3.37221, 47.77219], [-3.37159, 47.76956], [-3.36908, 47.76738], [-3.36684, 47.76649], [-3.3676, 47.76479], [-3.36569, 47.76136], [-3.36315, 47.76018], [-3.3615, 47.75841], [-3.35871, 47.7586], [-3.35547, 47.75772], [-3.35349, 47.75362], [-3.35241, 47.7535], [-3.35222, 47.75107], [-3.35105, 47.74892], [-3.35163, 47.74569], [-3.35015, 47.74495], [-3.35126, 47.7435], [-3.35588, 47.74417], [-3.36026, 47.74559], [-3.36054, 47.74517], [-3.35671, 47.74369], [-3.35221, 47.74291], [-3.35172, 47.74208], [-3.35309, 47.73994], [-3.35491, 47.73818], [-3.35423, 47.73754], [-3.35583, 47.73241], [-3.3575, 47.73188], [-3.35971, 47.72992], [-3.35936, 47.72926], [-3.36569, 47.7285], [-3.36774, 47.73196], [-3.36852, 47.73179], [-3.36704, 47.72857], [-3.36581, 47.72701], [-3.3683, 47.72359], [-3.36858, 47.7211], [-3.36929, 47.72034], [-3.36756, 47.71795], [-3.36658, 47.71746], [-3.36715, 47.71594], [-3.36912, 47.71431], [-3.37028, 47.71465], [-3.37448, 47.71274], [-3.37545, 47.71175], [-3.37462, 47.70899], [-3.37944, 47.70848], [-3.38143, 47.70771], [-3.38208, 47.70633], [-3.38104, 47.70504], [-3.3832, 47.70429], [-3.38457, 47.70282], [-3.38739, 47.70165], [-3.38943, 47.70209], [-3.39183, 47.70074], [-3.39574, 47.70227], [-3.40463, 47.70296], [-3.40816, 47.70287], [-3.40885, 47.70189], [-3.41191, 47.70233], [-3.41523, 47.70032], [-3.42063, 47.70086], [-3.4232, 47.70353], [-3.42484, 47.70458], [-3.42778, 47.7046], [-3.43044, 47.70321], [-3.43029, 47.70241], [-3.43296, 47.70119], [-3.43451, 47.70134], [-3.43632, 47.70017], [-3.43609, 47.69874], [-3.43914, 47.69904], [-3.44118, 47.69875], [-3.44499, 47.69946], [-3.44618, 47.69693], [-3.44586, 47.69582], [-3.44841, 47.69587], [-3.45013, 47.69515], [-3.45276, 47.69534], [-3.45437, 47.69671], [-3.45683, 47.69717], [-3.45838, 47.69912], [-3.46069, 47.69833], [-3.46286, 47.70092], [-3.46132, 47.70159], [-3.45967, 47.70113], [-3.45896, 47.70319], [-3.4632, 47.70595], [-3.46892, 47.7063], [-3.47041, 47.70713], [-3.47021, 47.7089], [-3.47248, 47.71077], [-3.47381, 47.70948], [-3.47679, 47.71046], [-3.47617, 47.71212], [-3.47466, 47.71291], [-3.47513, 47.7142], [-3.4771, 47.71504], [-3.48017, 47.71444], [-3.48448, 47.71657], [-3.48412, 47.71821], [-3.4856, 47.71945], [-3.48538, 47.72103], [-3.4863, 47.72221], [-3.48947, 47.72435], [-3.49141, 47.72497], [-3.49402, 47.72493], [-3.4939, 47.72684], [-3.49467, 47.72842], [-3.49665, 47.72818], [-3.50049, 47.73092], [-3.49894, 47.73321], [-3.50099, 47.73545], [-3.50279, 47.74082], [-3.50369, 47.74176], [-3.5041, 47.74373], [-3.50669, 47.74765], [-3.50962, 47.74882], [-3.51051, 47.75021], [-3.51205, 47.75086], [-3.5123, 47.75314], [-3.51472, 47.7551], [-3.52096, 47.75767], [-3.52264, 47.75957], [-3.52208, 47.76113], [-3.52272, 47.76209], [-3.52553, 47.76393], [-3.52865, 47.76544], [-3.52913, 47.76735], [-3.52602, 47.76715], [-3.52489, 47.76897], [-3.52538, 47.77035], [-3.52805, 47.7721], [-3.52985, 47.77391], [-3.53041, 47.77901], [-3.52993, 47.78246], [-3.5255, 47.78472], [-3.5257, 47.78773], [-3.52878, 47.78956], [-3.52516, 47.79132], [-3.52499, 47.79345], [-3.5258, 47.79467], [-3.52547, 47.79595], [-3.52185, 47.79649], [-3.5201, 47.79757], [-3.51891, 47.80016], [-3.52063, 47.80115], [-3.51806, 47.80218], [-3.5179, 47.80314], [-3.51986, 47.80498], [-3.52355, 47.8052], [-3.52383, 47.80591], [-3.52194, 47.80876], [-3.52388, 47.81109], [-3.53354, 47.81381], [-3.53504, 47.81468], [-3.53592, 47.81644], [-3.53481, 47.81852], [-3.53284, 47.81953], [-3.53371, 47.82124], [-3.53584, 47.82248], [-3.53842, 47.82334], [-3.53899, 47.82426], [-3.53923, 47.827], [-3.54082, 47.82927], [-3.53973, 47.83149], [-3.53829, 47.83602], [-3.53572, 47.83822], [-3.5329, 47.83932], [-3.52837, 47.84261], [-3.52689, 47.84255], [-3.52401, 47.8449], [-3.52359, 47.84831], [-3.523, 47.84915], [-3.51951, 47.84901], [-3.51871, 47.84779], [-3.52208, 47.8414], [-3.52177, 47.83988], [-3.51977, 47.83935], [-3.51621, 47.8393], [-3.51464, 47.83771], [-3.51344, 47.83538], [-3.51332, 47.83363], [-3.51172, 47.83199], [-3.50839, 47.83085], [-3.50231, 47.83039], [-3.50083, 47.82848], [-3.4963, 47.82753], [-3.49262, 47.8252], [-3.49217, 47.82422], [-3.48959, 47.82493], [-3.48744, 47.8237], [-3.48464, 47.82442], [-3.4843, 47.82624], [-3.48168, 47.82863], [-3.47981, 47.83161], [-3.47697, 47.83197], [-3.47689, 47.83306], [-3.47521, 47.83549], [-3.47177, 47.83651], [-3.46883, 47.83649], [-3.46555, 47.83584], [-3.46175, 47.83728], [-3.45766, 47.83663], [-3.45595, 47.8388], [-3.45572, 47.84029], [-3.45441, 47.8418], [-3.45403, 47.84448], [-3.44906, 47.84616], [-3.44889, 47.85073], [-3.44989, 47.85249], [-3.44938, 47.85333], [-3.4509, 47.855], [-3.45182, 47.85789], [-3.45165, 47.85875], [-3.44949, 47.86057], [-3.44985, 47.86133], [-3.44831, 47.8632], [-3.44233, 47.86423], [-3.4397, 47.86286], [-3.43578, 47.86432], [-3.43557, 47.86613], [-3.43171, 47.86759], [-3.42601, 47.86818], [-3.42476, 47.86906], [-3.41948, 47.86909], [-3.41595, 47.86814], [-3.41199, 47.86802], [-3.41058, 47.86619], [-3.41178, 47.86478], [-3.41067, 47.86331], [-3.40791, 47.86265], [-3.40453, 47.8629], [-3.4014, 47.86245], [-3.39905, 47.86361], [-3.40147, 47.8643], [-3.40401, 47.86616], [-3.40344, 47.87011], [-3.40144, 47.87328], [-3.40205, 47.87582], [-3.40367, 47.87988], [-3.40224, 47.88437], [-3.40242, 47.88661], [-3.40358, 47.8899], [-3.40516, 47.89207], [-3.40529, 47.89333], [-3.4079, 47.89577], [-3.40765, 47.89768], [-3.40598, 47.8978], [-3.40427, 47.89929], [-3.40539, 47.90221], [-3.40953, 47.90394], [-3.41315, 47.90335], [-3.41854, 47.90412], [-3.41924, 47.90558], [-3.41703, 47.90686], [-3.41542, 47.90685], [-3.41224, 47.90547], [-3.40954, 47.90525], [-3.40606, 47.90587], [-3.40331, 47.90777], [-3.40466, 47.90909], [-3.4077, 47.90921], [-3.40923, 47.90977], [-3.40862, 47.91408], [-3.40882, 47.91592], [-3.40497, 47.91809], [-3.39975, 47.9188], [-3.39741, 47.91829], [-3.39555, 47.91716], [-3.39327, 47.91786], [-3.39186, 47.92154], [-3.38965, 47.92281], [-3.38703, 47.92524], [-3.38682, 47.92643], [-3.38808, 47.92929], [-3.39032, 47.93139], [-3.39329, 47.93278], [-3.39824, 47.93452], [-3.39878, 47.93702], [-3.40007, 47.93903], [-3.40104, 47.94232], [-3.40173, 47.94314], [-3.40138, 47.94496], [-3.39713, 47.94715], [-3.39714, 47.94846], [-3.39509, 47.94938], [-3.39261, 47.95189], [-3.39308, 47.95362], [-3.39228, 47.95628], [-3.39305, 47.95845], [-3.39508, 47.95852], [-3.39655, 47.95778], [-3.39746, 47.96007], [-3.39862, 47.96083], [-3.40055, 47.96006], [-3.40273, 47.96032], [-3.40231, 47.96385], [-3.40334, 47.96533], [-3.40339, 47.967], [-3.40664, 47.96734], [-3.4082, 47.96686], [-3.4102, 47.96865], [-3.41065, 47.97079], [-3.41283, 47.9742], [-3.41486, 47.97501], [-3.41688, 47.97432], [-3.41728, 47.97258], [-3.42089, 47.96871], [-3.42123, 47.96752], [-3.42433, 47.96637], [-3.42793, 47.96548], [-3.43185, 47.96402], [-3.43306, 47.96518], [-3.4358, 47.96383], [-3.43688, 47.96265], [-3.44064, 47.9602], [-3.4447, 47.95865], [-3.44711, 47.95808], [-3.4515, 47.95886], [-3.4528, 47.9573], [-3.45603, 47.95665], [-3.45912, 47.95798], [-3.46002, 47.9601], [-3.46136, 47.9595], [-3.46102, 47.95636], [-3.4626, 47.95425], [-3.46206, 47.95233], [-3.46311, 47.95034], [-3.46229, 47.9489], [-3.46395, 47.94697], [-3.46757, 47.94575], [-3.467, 47.94722], [-3.46953, 47.94772], [-3.4721, 47.94904], [-3.474, 47.94927], [-3.47798, 47.94884], [-3.4814, 47.95187], [-3.48175, 47.95744], [-3.48245, 47.95835], [-3.48527, 47.95957], [-3.48452, 47.9619], [-3.48481, 47.96689], [-3.48849, 47.96982], [-3.48997, 47.97291], [-3.49154, 47.9749], [-3.49399, 47.97582], [-3.49782, 47.97594], [-3.50058, 47.97535], [-3.50399, 47.97577], [-3.50589, 47.9754], [-3.50772, 47.97612], [-3.51031, 47.97581], [-3.51233, 47.97473], [-3.51515, 47.97486], [-3.51672, 47.97638], [-3.51974, 47.97615], [-3.52307, 47.97824], [-3.52481, 47.97882], [-3.52476, 47.98018], [-3.52614, 47.98178], [-3.52886, 47.98322], [-3.52952, 47.98567], [-3.53091, 47.98718], [-3.53108, 47.98866], [-3.53344, 47.98885], [-3.53661, 47.98716], [-3.53857, 47.98724], [-3.54158, 47.98655], [-3.54362, 47.98739], [-3.54628, 47.98654], [-3.55027, 47.99099], [-3.55274, 47.99208], [-3.55527, 47.9924], [-3.55523, 47.9933], [-3.55869, 47.99416], [-3.56039, 47.99313], [-3.56084, 47.99122], [-3.56302, 47.99205], [-3.56511, 47.99212], [-3.5659, 47.99132], [-3.57137, 47.99158], [-3.57146, 47.9901], [-3.57274, 47.98944], [-3.57436, 47.99076], [-3.57696, 47.99058], [-3.57866, 47.98901], [-3.57892, 47.98777], [-3.58069, 47.98791], [-3.58159, 47.98692], [-3.58141, 47.98535], [-3.58415, 47.98458], [-3.58621, 47.98506], [-3.59005, 47.98929], [-3.59702, 47.99038], [-3.60374, 47.98988], [-3.60489, 47.98931], [-3.60771, 47.98929], [-3.60993, 47.98747], [-3.61126, 47.9856], [-3.61441, 47.98499], [-3.61641, 47.98416], [-3.61728, 47.98245], [-3.61997, 47.98186], [-3.62455, 47.98379], [-3.6263, 47.98311], [-3.6284, 47.98391], [-3.62843, 47.98544], [-3.63124, 47.98652], [-3.6322, 47.98431], [-3.63342, 47.98379], [-3.63566, 47.98579], [-3.64023, 47.98524], [-3.64104, 47.98579], [-3.64011, 47.98773], [-3.64161, 47.99257], [-3.64359, 47.99342], [-3.64383, 47.99557], [-3.64504, 47.99677], [-3.64693, 47.99978], [-3.64851, 48.00371], [-3.6483, 48.00652], [-3.65147, 48.01019], [-3.65507, 48.0129], [-3.65692, 48.01266], [-3.65962, 48.01455], [-3.66089, 48.0162], [-3.6608, 48.01716], [-3.66252, 48.01932], [-3.66329, 48.02302], [-3.6612, 48.02367], [-3.66182, 48.02563], [-3.66429, 48.02947], [-3.6621, 48.03034], [-3.66215, 48.03142], [-3.66417, 48.03439], [-3.6641, 48.0367], [-3.66862, 48.03677], [-3.6711, 48.03733], [-3.66901, 48.04018], [-3.66997, 48.04279], [-3.67314, 48.04457], [-3.67569, 48.04746], [-3.67412, 48.05024], [-3.67369, 48.05243], [-3.67383, 48.05482], [-3.67316, 48.05656], [-3.67354, 48.05812], [-3.67529, 48.0593], [-3.68489, 48.05974], [-3.68694, 48.05874], [-3.69232, 48.06292], [-3.69427, 48.06229], [-3.69911, 48.0623], [-3.69895, 48.06326], [-3.70194, 48.06347], [-3.70246, 48.0657], [-3.70871, 48.06681], [-3.7082, 48.06942], [-3.70139, 48.06873], [-3.69878, 48.06873], [-3.69926, 48.07005], [-3.699, 48.073], [-3.69992, 48.07521], [-3.70234, 48.07643], [-3.70349, 48.07814], [-3.70295, 48.08227], [-3.70431, 48.083], [-3.70432, 48.08662], [-3.7019, 48.08782], [-3.69798, 48.09172], [-3.69502, 48.09349], [-3.70012, 48.0968], [-3.70319, 48.09781], [-3.71432, 48.09868], [-3.71432, 48.09805], [-3.71762, 48.09747], [-3.72083, 48.09609], [-3.72528, 48.09496], [-3.728, 48.09576], [-3.73319, 48.0965], [-3.73324, 48.09826], [-3.72963, 48.10181], [-3.72913, 48.10441], [-3.72987, 48.10617], [-3.73102, 48.10684], [-3.73182, 48.10964], [-3.73483, 48.11123], [-3.73445, 48.11261], [-3.73234, 48.11357], [-3.73033, 48.11539], [-3.72586, 48.11747], [-3.72349, 48.118], [-3.72113, 48.1179], [-3.71819, 48.11994], [-3.7173, 48.12152], [-3.72101, 48.12336], [-3.72394, 48.12445], [-3.72214, 48.12555], [-3.72138, 48.12718], [-3.7219, 48.12927], [-3.71742, 48.13252], [-3.71395, 48.13337], [-3.71037, 48.13387], [-3.7085, 48.13578], [-3.71142, 48.13774], [-3.71291, 48.13726], [-3.71559, 48.14059], [-3.71551, 48.14222], [-3.71146, 48.14392], [-3.70711, 48.14482], [-3.69769, 48.14544], [-3.69468, 48.15091], [-3.6933, 48.1518], [-3.68837, 48.15241], [-3.68805, 48.15189], [-3.683, 48.15133], [-3.67364, 48.15205], [-3.67186, 48.15163], [-3.67066, 48.15233], [-3.66721, 48.1523], [-3.66501, 48.15365], [-3.66057, 48.15443], [-3.6585, 48.15512], [-3.65186, 48.15658], [-3.64431, 48.16067], [-3.63576, 48.16489], [-3.63123, 48.16773], [-3.62611, 48.16953], [-3.62261, 48.17021], [-3.61398, 48.17312], [-3.61082, 48.17387], [-3.6031, 48.17525], [-3.59852, 48.17535], [-3.59546, 48.17623], [-3.58879, 48.17756], [-3.58528, 48.17922], [-3.58065, 48.18243], [-3.56853, 48.1856], [-3.56484, 48.18575]]]]}}, {"type": "Feature", "geometry": {"type": "Polygon", "coordinates": [[[5.893401083719673, 49.496909750110916], [5.939944946897957, 49.50096978911359], [5.971783320923806, 49.4913163055914], [5.982536594108972, 49.45105527746582], [6.02765177650771, 49.455538917030424], [6.055623323914133, 49.46535978168454], [6.076705098128764, 49.463656672860225], [6.123474712997803, 49.473441852078615], [6.155249287805073, 49.50381182382041], [6.256413026994873, 49.5100225584692], [6.279098229910086, 49.50335719786734], [6.296571041016304, 49.480106944913075], [6.312489363480976, 49.48032031550801], [6.364391072331403, 49.459485597794696], [6.407623710243866, 49.4675154675881], [6.419090928661235, 49.474937866427084], [6.470082245543733, 49.462763723134074], [6.554360572853942, 49.41838313208105], [6.5405283477242735, 49.401145041619664], [6.563269082557648, 49.38828526012536], [6.587074296882195, 49.3849358288203], [6.568452040389599, 49.3449154814342], [6.5955807025304996, 49.33027144782366], [6.588884741951244, 49.32209317831749], [6.6175524843963345, 49.302169283821854], [6.638579265784432, 49.29553478914614], [6.660330281989145, 49.26096781243674], [6.684616608971706, 49.24231882936001], [6.694810016062328, 49.21590718897018], [6.71965859480421, 49.22137943216265], [6.731498100833765, 49.2060909576377], [6.711364818806887, 49.188541683234874], [6.738512367681464, 49.16366113912631], [6.7845550558709675, 49.168090266711616], [6.834537718950126, 49.151466712468384], [6.8609420718719845, 49.17871523308854], [6.851537824818373, 49.200484084387014], [6.835378369933188, 49.21132385245782], [6.857449193294861, 49.222275027981475], [6.885215505575565, 49.21104948546778], [6.9354255357579655, 49.22215593921376], [6.959285196153518, 49.20300203966244], [6.974631643711455, 49.20981472133559], [6.998806412798309, 49.19427844167972], [7.034324960729169, 49.189681536322034], [7.0276480006522135, 49.17008240822472], [7.046147533263103, 49.13856517309118], [7.054297461807657, 49.1126326923314], [7.102777636286391, 49.140499445767595], [7.156729211133253, 49.121305964534294], [7.183938532639857, 49.130733985517935], [7.206632231887248, 49.123477362718766], [7.245302859127929, 49.129807084465035], [7.282600803455493, 49.11693169088899], [7.298652796709717, 49.117457118012105], [7.329841252153916, 49.144944493025186], [7.36284676727469, 49.14521917131234], [7.366092677702596, 49.172465701358625], [7.4450608117676325, 49.18430555508701], [7.4552291504089965, 49.16632509495078], [7.493995166397878, 49.16963770649743], [7.492159555313797, 49.14186210733454], [7.515445437889962, 49.12116845523475], [7.528977470244165, 49.097207912439856], [7.569010373147195, 49.07978656309812], [7.599982064041664, 49.08333244993025], [7.631070828249015, 49.07018534790654], [7.635285449703197, 49.0541613551771], [7.6400276339065405, 49.049114242922506], [7.609553546221074, 49.02123201245433], [7.591218725544888, 48.993724868247604], [7.57839213753989, 48.95740241810784], [7.533247825039657, 48.93350273583194], [7.50187360937539, 48.94425222519554], [7.479572330825655, 48.96139105276517], [7.451630239981024, 48.967962755037526], [7.392311568753424, 48.952706941018526], [7.358876660684313, 48.95760287154302], [7.326851980608823, 48.943372742020955], [7.293949845247019, 48.97157404948427], [7.236031367305892, 48.987818615118876], [7.209311457091751, 48.9800881370531], [7.174240270723143, 49.006365681338195], [7.130505931552783, 49.00459350678602], [7.119477346819226, 49.03721652969957], [7.108081132396537, 49.04341471828652], [7.103885148469087, 49.074161754697926], [7.068107134587352, 49.066879969038716], [7.078659891943001, 49.05036062768427], [7.054911912536333, 49.03061918771655], [7.05300726402484, 49.00729189414574], [7.038359726746952, 48.99687346466287], [7.032219488521415, 48.95604910228417], [6.98921640979739, 48.95992878867804], [6.978894125394516, 48.93334137925148], [6.955547179403453, 48.922319717315936], [6.964601688658047, 48.90452526765522], [6.988916052470446, 48.8911922591983], [7.044405156028646, 48.87353491651631], [7.050249140492324, 48.85934342449812], [7.081165552464466, 48.864100481733125], [7.086623738193806, 48.847740597072104], [7.051334597348638, 48.84628529036997], [7.054514540544794, 48.813704386223854], [7.079303305840072, 48.81404016744667], [7.088166864000689, 48.79249269644048], [7.1231658021967155, 48.80450097964112], [7.146671555297553, 48.82130284961471], [7.149408408912651, 48.84470403837187], [7.195876686739622, 48.840397988184655], [7.196675525429877, 48.828301758643974], [7.228655644882326, 48.828038818777635], [7.262026914660001, 48.797761488092036], [7.291233271693293, 48.79399531609868], [7.3064497001602975, 48.7691099850618], [7.286884538061931, 48.73134414106466], [7.266625221422177, 48.714209030699415], [7.260168326105747, 48.69429915361379], [7.242261522633183, 48.69210964676438], [7.2645955424124935, 48.662703775725404], [7.30435493964854, 48.6602012988693], [7.270398382732597, 48.63054438708614], [7.278427796440234, 48.625202388791344], [7.256388448234081, 48.60150853250187], [7.256281654444217, 48.588675507652], [7.2183172603088295, 48.55264406598888], [7.1924855682726525, 48.54879290260453], [7.167909935894842, 48.527596443549314], [7.147094880277466, 48.52694681230707], [7.114376678081027, 48.537389878992194], [7.079359770973246, 48.53641761270014], [7.05703294231895, 48.55111677598128], [7.034244738955548, 48.58041837913675], [6.994503728351811, 48.59596380824709], [6.982896473118807, 48.61187146059442], [6.960798228747959, 48.60828605857016], [6.930006989091913, 48.6355511656451], [6.905122950842201, 48.61984409056823], [6.86360548586589, 48.62031667084879], [6.8440535368717015, 48.62597500455583], [6.836628311600907, 48.643091017748844], [6.810500233885349, 48.64743317270349], [6.782490229155465, 48.642725006759726], [6.757341859177665, 48.66339528935242], [6.733850339573668, 48.663755791166636], [6.68791954042715, 48.683627810294645], [6.658407329856351, 48.70804728628271], [6.638020827883166, 48.70287255743568], [6.6236441629626235, 48.713682866112556], [6.598965570952483, 48.71569079778236], [6.594835612692378, 48.72922173177475], [6.564255135947671, 48.74995572268137], [6.5401903328498525, 48.75385918265721], [6.511039646542062, 48.74880543901709], [6.489616200477496, 48.765575862224765], [6.453603381539952, 48.765894004837314], [6.433515038771951, 48.78904238593331], [6.394874246018456, 48.77476240981232], [6.370600538901966, 48.78462319426055], [6.330651430081595, 48.82330786866148], [6.338947107825573, 48.834058199828384], [6.2888587554276025, 48.84323273382886], [6.311714980584929, 48.863826545661276], [6.298269555306107, 48.88072376373154], [6.327264769799276, 48.90519552048261], [6.288337094198781, 48.9164057732219], [6.271977767337417, 48.9331355970772], [6.245534632278756, 48.92378375934002], [6.222641164054098, 48.93850513094841], [6.177120700704927, 48.934924104920626], [6.16233199123861, 48.94287521453305], [6.132207146051102, 48.93472094774055], [6.116912179457586, 48.967832850981594], [6.081322571612109, 48.96304750061741], [6.043435324319259, 48.977477915970994], [6.045110478908419, 49.013520358557074], [5.9532001062961815, 49.05400525300155], [5.924683336615274, 49.09212399499875], [5.931603285178869, 49.10910433832356], [5.997395942366339, 49.10784182738146], [6.00491999554859, 49.113988280244584], [5.981384937221558, 49.14445423565313], [6.0261499402444025, 49.16511893599002], [6.002250831363206, 49.185007006720355], [5.982834325573433, 49.18651522282689], [5.987627297222747, 49.20961691713355], [6.029385386695151, 49.23047199221416], [6.0286095479587445, 49.24841255130629], [6.006667263528377, 49.26028809283966], [6.000492336268631, 49.27537547287367], [6.006390696711231, 49.3079648171488], [5.985220799804532, 49.30517081937582], [5.94400804744167, 49.334644506896005], [5.962613221125637, 49.344866959890794], [5.956123967212049, 49.36159497798842], [5.9327717047585935, 49.37015147282544], [5.929562016978401, 49.40189069409503], [5.91204332139632, 49.40747659912329], [5.942282468750819, 49.43034622332949], [5.938573949545653, 49.47481323186841], [5.9028920872339725, 49.48379495708393], [5.893401083719673, 49.496909750110916]]]}, "properties": {"code": "57", "nom": "Moselle"}}, {"type": "Feature", "geometry": {"type": "Polygon", "coordinates": [[[2.8746252064056805, 47.52042311253978], [2.8489038940037736, 47.53754044480101], [2.8574899628231805, 47.552844658956644], [2.890770179974213, 47.55309660602271], [2.914297452553034, 47.56597018271849], [2.95865823105343, 47.55738006412381], [2.9765380120036067, 47.56942879709582], [3.0187759740569513, 47.55731386824091], [3.059199650745983, 47.56884905584853], [3.080558427544962, 47.5854885999859], [3.102009918822544, 47.58795615956075], [3.1350763394879597, 47.5419077972082], [3.165190757880271, 47.51750199807388], [3.2046491761957805, 47.522966343570126], [3.2354902376938353, 47.4891790840854], [3.2721566613710795, 47.49154765493751], [3.2852515362929866, 47.50393862662616], [3.3395269332726487, 47.47816523272086], [3.3807002450190415, 47.48729175533955], [3.3972880002653882, 47.508867495938276], [3.437164175942187, 47.50799559642577], [3.488276701493949, 47.493830911376975], [3.492366537968952, 47.56012889108053], [3.50460694021663, 47.557934222629186], [3.5135049928892266, 47.527668013741454], [3.553140570878716, 47.50232679103883], [3.5806168100615214, 47.49786323631363], [3.580113356556516, 47.46490071648911], [3.6789914842274665, 47.445533677873506], [3.7147823454353084, 47.406834666623176], [3.74055092250182, 47.39650073819435], [3.774605414302544, 47.40619956994621], [3.785647440559844, 47.39054224193822], [3.818472205441228, 47.380187941025326], [3.8217875906686545, 47.402796919032404], [3.8443762508505244, 47.41082738551116], [3.851506603080638, 47.43558613394464], [3.878310953801514, 47.42929226716236], [3.8933965172489198, 47.410290156628015], [3.8635369268343536, 47.395841532600606], [3.8718702934595615, 47.36693490948858], [3.8867653218201808, 47.3645805378824], [3.9087922026053734, 47.38205569491613], [3.944243142987652, 47.38021568332925], [3.9653529425108722, 47.3652327054121], [3.973097819719344, 47.332712674420605], [3.999278507688071, 47.312773725416655], [4.028760221806572, 47.31557728480351], [4.046432164286821, 47.339943756300286], [4.106085850126875, 47.339255985490894], [4.1249016818373665, 47.33586115686488], [4.130399481098536, 47.32021421171321], [4.114111422721765, 47.30795616873572], [4.115801786333514, 47.27973253282323], [4.135479914723283, 47.23739632412277], [4.178052482394732, 47.25029686466267], [4.218051703421399, 47.22051351486304], [4.230668433773607, 47.19895113888856], [4.21254075976185, 47.18181888845327], [4.209834279044644, 47.15541168354448], [4.1819015999311935, 47.15050500507014], [4.137377150535575, 47.14271256994814], [4.115067396116834, 47.14616206884513], [4.1159670699158095, 47.12333757652634], [4.093453790716921, 47.11837533659616], [4.06142733788571, 47.121041664100176], [4.038726355028209, 47.08001003428516], [4.068333453149657, 47.060849772300685], [4.0565135025792305, 47.03590917660347], [4.054940156290852, 47.0126839142093], [4.0314701513696285, 46.99832730189447], [3.9951563121844047, 46.9853110258271], [4.014415061270238, 46.97247440888245], [4.039401951235417, 46.98511001230653], [4.055716129773101, 46.956751483000446], [4.037221978317054, 46.91815560684184], [4.047930985015345, 46.899770705295666], [4.063541781254885, 46.898637142134945], [4.093851364443379, 46.8747343332292], [4.10088702370378, 46.859107279954316], [4.056234450174584, 46.843272376735854], [4.062709832615211, 46.78936469128212], [4.033374685377483, 46.787597067958394], [3.9632215617966824, 46.76602786916393], [3.9268461357095314, 46.73932209846788], [3.886217784502878, 46.72736946397975], [3.8446585970830824, 46.720902226508414], [3.8260957715927075, 46.70391953563021], [3.797329518692337, 46.70150263714515], [3.783666045566592, 46.736048122663426], [3.73619002089105, 46.75247120098576], [3.6764513769021243, 46.738863704610445], [3.638852795875816, 46.7414291297393], [3.629423683496518, 46.74945902193754], [3.575688644059658, 46.74951576942387], [3.598004570548422, 46.72398257750036], [3.5773110866449174, 46.71485003618856], [3.550392218815862, 46.715864672081594], [3.5601217846433015, 46.68944384651715], [3.546479370174174, 46.67829016254972], [3.523959952566555, 46.685994912475735], [3.4885699471242644, 46.6601824726314], [3.45529917195652, 46.65239553162601], [3.4473359853067485, 46.66355627140273], [3.453772658174005, 46.68414192059341], [3.432977086126445, 46.69334363262723], [3.43414613166678, 46.711906018109566], [3.3877607382601562, 46.71481835659156], [3.366446289777872, 46.69126127383442], [3.3467088070518343, 46.68441634541089], [3.3139717258866157, 46.688751593416065], [3.3009216002863893, 46.7163033886406], [3.2697920192933188, 46.71674092868996], [3.2155498733945853, 46.68289184476865], [3.197261486410674, 46.679926344970944], [3.1631563644760856, 46.69354021702288], [3.129775813721409, 46.72720423640006], [3.0839363013486563, 46.73762859045693], [3.049065356287102, 46.75807894189366], [3.0320681893946824, 46.794911188525944], [3.059347134977098, 46.82726033600817], [3.069533804251037, 46.85306859289044], [3.0680947893123323, 46.877676731330354], [3.0502941730720203, 46.9106303658982], [3.0793297925031697, 46.955118753700084], [3.0628630913516144, 46.98581276267424], [3.0757508386893258, 47.019144570799824], [3.0627479524794685, 47.04527994600743], [3.0232152406674615, 47.06261687352466], [3.0313750673889857, 47.09247842625923], [3.0280852399597813, 47.129067685143], [3.0092825607816684, 47.17991916254789], [2.9816846477683376, 47.22199695723395], [2.9834041014118906, 47.25976318037284], [2.9378686076548557, 47.287718487007425], [2.9077684884182546, 47.31098769398195], [2.8767969741076427, 47.321752773704915], [2.8734906167112504, 47.34839595881793], [2.9194707204649397, 47.407274676600125], [2.931175112801269, 47.441669509538606], [2.9026727758043678, 47.4787904760825], [2.8884546532335578, 47.5094282811585], [2.8746252064056805, 47.52042311253978]]]}, "properties": {"code": "58", "nom": "Ni\u00e8vre"}}, {"type": "Feature", "geometry": {"type": "MultiPolygon", "coordinates": [[[[3.0403984136982025, 50.159705108437066], [3.063005335119136, 50.17367767246187], [3.0939135240338187, 50.1622262487789], [3.0681434935957395, 50.14734495422104], [3.0727880608848768, 50.131186438720206], [3.037036047993321, 50.130313345175814], [3.0272922183841873, 50.118551266105456], [2.9993155954143598, 50.11885065997644], [3.0038853511528694, 50.15024647820991], [3.0403984136982025, 50.159705108437066]]], [[[2.067712027611001, 51.00650515466528], [2.1101030884192196, 51.00515436424168], [2.1387263723924743, 51.02047731288083], [2.1902457546664613, 51.01804063448275], [2.1918237851448867, 51.034715807218134], [2.218563107404832, 51.03222167243631], [2.2590195633030064, 51.043490583642196], [2.342194490550121, 51.057309558240824], [2.395233281299764, 51.05033008301106], [2.4247542826080695, 51.055626117413155], [2.5463252972819905, 51.088402305103116], [2.5628959666132043, 51.064605626153075], [2.575982419777286, 51.01375274755887], [2.5739940374755257, 51.00352108038122], [2.6080265106495104, 50.98718243218274], [2.6326872836805335, 50.94600519935866], [2.5900130400649437, 50.919096163778526], [2.607535290732441, 50.9124066086538], [2.610326300169626, 50.862061552621626], [2.634982733121708, 50.81275641876223], [2.7181914035396804, 50.81320560793264], [2.737511840411906, 50.782670872072046], [2.781947131330458, 50.751092598326686], [2.7867446611456996, 50.73381921547943], [2.813275390169948, 50.716947630173586], [2.8483804350303905, 50.72291764499729], [2.870172980563469, 50.70291406808004], [2.8983800599236966, 50.69423611297018], [2.922327234684258, 50.70280503897035], [2.9374114543505443, 50.74209770629575], [2.969662775707332, 50.74961097888233], [3.0220450489487614, 50.77210693218003], [3.0613770323899683, 50.78050085123832], [3.088705984283759, 50.77336931450737], [3.1109249331515394, 50.794122278216896], [3.1519976780893755, 50.78234329668403], [3.1991342816652897, 50.734730939175776], [3.211782829092417, 50.71325538898358], [3.2446834848058272, 50.71304246580907], [3.2583851392745764, 50.70064949194268], [3.2624232273169933, 50.6784852826563], [3.2410965359392057, 50.65778991575674], [3.25520436601742, 50.62258275479467], [3.270292523712289, 50.610812110449736], [3.2817266737308675, 50.57732844552126], [3.275957418697949, 50.55853840025285], [3.286531399925948, 50.52757580555707], [3.362673754976159, 50.50309643957861], [3.3762218373048696, 50.49108182460425], [3.432248715257614, 50.507118771607686], [3.4739635628750074, 50.533561751146436], [3.5194110029872943, 50.522868831996384], [3.4963210235985827, 50.498683290226374], [3.5223176214061334, 50.49496788323126], [3.5683447329862488, 50.50097669533296], [3.5853371177327213, 50.49053885448199], [3.607087548067213, 50.497283044825515], [3.6436495322531623, 50.463211807396284], [3.664218477773235, 50.45317465879256], [3.673733173288203, 50.38972521710218], [3.658270970690328, 50.37134117960119], [3.673675908769281, 50.3349233228203], [3.710430924740463, 50.30316614070561], [3.731606234421014, 50.31235332867399], [3.7362206016065613, 50.3432570480394], [3.7474038155627727, 50.35092914840201], [3.8527555820958135, 50.35159288086556], [3.889799951126813, 50.32998024472696], [3.9090033110400197, 50.328466474363545], [3.967898522087576, 50.35036640688851], [3.993908424048428, 50.3486153355103], [4.027387066832294, 50.357490365275616], [4.037614330208127, 50.34294913095139], [4.12197186382358, 50.298311640610294], [4.124352666164769, 50.27361398697191], [4.207538662540225, 50.27297040073831], [4.221850100147642, 50.25695260304661], [4.189455991301053, 50.23687571936165], [4.160120194753328, 50.202535967141905], [4.149388632981125, 50.174787171955124], [4.154073029606527, 50.161253710023075], [4.126926892460069, 50.13501086614893], [4.197038470830976, 50.13530868448463], [4.197497822706036, 50.109176465683625], [4.227538806961173, 50.079679063351016], [4.217832037790911, 50.06080510279823], [4.173905462387534, 50.045603929706495], [4.162223866832849, 50.04898484693673], [4.136379263762434, 50.0204647847058], [4.157702243163169, 49.988249823321674], [4.140895251736092, 49.97875959899442], [4.08712850474961, 49.9691875854119], [4.056699209471129, 49.98542604488944], [4.01304088648856, 49.98566024631078], [3.9794498952640214, 50.00299190781123], [3.9947330894398947, 50.02553192166869], [3.9895472401156926, 50.0413469883853], [3.903385572183311, 50.01801137888116], [3.8820101104438387, 50.03303286775057], [3.8356719382516733, 50.048312733420666], [3.815827444952555, 50.03904215991495], [3.797523254135232, 50.048396124718515], [3.7463798889650586, 50.05360423497288], [3.715184685025503, 50.06927463596353], [3.6657493008457873, 50.05473310262326], [3.6623093500340085, 50.03911432468407], [3.6136399192005855, 50.025418579177284], [3.6006637298781827, 50.039925849470826], [3.5671883147756422, 50.053261540953365], [3.542755355797365, 50.05391998941126], [3.5286139046189744, 50.03818286664185], [3.507141600307539, 50.03577661902003], [3.490663196296732, 50.0188947701039], [3.4282376399201713, 50.022065913063614], [3.3989075840823038, 50.03475745860893], [3.3529820989914247, 50.03586832624208], [3.3371140096429532, 50.017096007517154], [3.2801740988851327, 50.015182550806884], [3.2306551064640994, 50.03198300751153], [3.2026122838195157, 50.01743710744522], [3.1729557922769542, 50.011311964972776], [3.117562382696325, 50.027670727516394], [3.090253620620082, 50.05374055513492], [3.094758364918514, 50.08315987378872], [3.1141238720183764, 50.092160389605915], [3.1048462443791918, 50.115285460750734], [3.0918531294760667, 50.12063041191277], [3.128954376035887, 50.16556204959065], [3.1561320895920617, 50.183715151473976], [3.1314047305598587, 50.19940491824935], [3.1427922279498945, 50.219237231259655], [3.1788851239271336, 50.219073327099096], [3.188353526948621, 50.22867621857968], [3.1556853741465, 50.243187559380864], [3.133679451303655, 50.26623580402242], [3.0515044113968517, 50.276650211776854], [3.018560069810309, 50.26439442090914], [3.0152741338861255, 50.283780191722634], [3.0843056602069536, 50.31119078351624], [3.004772238368158, 50.36678462460666], [2.990408003554761, 50.39527899657189], [3.0251728351795903, 50.40757565859167], [3.076383262967528, 50.44060786930254], [3.0543582082042056, 50.455089924005314], [3.037672306035308, 50.4416400980408], [3.016772027301739, 50.44834132930235], [3.0157717239835207, 50.48645538436221], [2.9647097377674005, 50.512778020799246], [2.8989518584324676, 50.5015578156606], [2.8798761281832572, 50.51589325872625], [2.881364535884128, 50.535434775320184], [2.8259824668620874, 50.52538845142136], [2.801938478218003, 50.53483062913716], [2.8134467388705726, 50.54934391547588], [2.80816309470569, 50.57916943876986], [2.7890757995406865, 50.583060514887364], [2.8065346151718447, 50.606764517797096], [2.8424416096298035, 50.62905410400955], [2.8697378084597434, 50.631095996029686], [2.8404494526472543, 50.656566351394346], [2.809187984818708, 50.669372896442674], [2.7690409100193936, 50.66367813929786], [2.757400535457718, 50.61823745589094], [2.725641525704916, 50.61411481623499], [2.713850503520111, 50.63129225354632], [2.6844644994994438, 50.632719762619324], [2.630516060197486, 50.617951505356416], [2.5866206729970513, 50.63809536205738], [2.564653031146168, 50.624522730303156], [2.5370449897762186, 50.63045370101787], [2.533625965601234, 50.64308581112802], [2.495948921017839, 50.631244941936494], [2.4503937034166032, 50.65384652293581], [2.428985110726485, 50.65701656077829], [2.40779242678447, 50.67276560279946], [2.3831045994174644, 50.671828851607664], [2.363524646595893, 50.684643637888016], [2.3829874868893204, 50.69628206936786], [2.3417485781495326, 50.72837526546449], [2.34089102647672, 50.74090632543495], [2.4114775397506802, 50.76673424707295], [2.375989607627449, 50.78404912635709], [2.3428811569437658, 50.7810883826341], [2.252496270869472, 50.788115718263434], [2.213001675000002, 50.81619844972972], [2.2018976811147395, 50.8508405908696], [2.1541252595915212, 50.92600143483312], [2.1353365874298347, 50.96425774404664], [2.097600537080802, 50.998427200370195], [2.067712027611001, 51.00650515466528]]]]}, "properties": {"code": "59", "nom": "Nord"}}, {"type": "Feature", "geometry": {"type": "Polygon", "coordinates": [[[1.7838370588623413, 49.75830750106765], [1.8089798932395025, 49.754332476868704], [1.836736935686628, 49.74011542093402], [1.838108169073818, 49.708425628485685], [1.8938643249004963, 49.69898823076106], [1.9332098221662726, 49.719629963489474], [1.988919892649775, 49.709402970462676], [2.0267681801791118, 49.711310876188165], [2.05989780108139, 49.6948752492932], [2.103494780498011, 49.694736883916796], [2.1214097069260887, 49.68807409174484], [2.156484137758264, 49.70211563032466], [2.21756318128915, 49.70246959323254], [2.2850923978754705, 49.689388245191964], [2.3157256235726433, 49.689753026308125], [2.337642942746636, 49.66900004753446], [2.3708606973518425, 49.65635328949203], [2.409702695719323, 49.66099609376744], [2.4456566302700073, 49.65297898416902], [2.4781226406322063, 49.620790233933015], [2.506120221148308, 49.63500671034503], [2.526732085722268, 49.62940041323432], [2.571493337841171, 49.59708062701416], [2.5970251802580453, 49.61168115170793], [2.62379591221486, 49.61023030743844], [2.6299442784590084, 49.58032399470266], [2.649628562594336, 49.5717641083625], [2.670723151725744, 49.58141197178741], [2.671248956542555, 49.59858674592385], [2.687556334287926, 49.62475309433038], [2.7395572131560577, 49.626924487224116], [2.7709877504026585, 49.61435313605804], [2.7980938007575653, 49.61811251953584], [2.7897685778094523, 49.638092566661996], [2.8007055089354633, 49.661447402253124], [2.843350258918428, 49.65852651008911], [2.857260670232296, 49.68366758301244], [2.915712813038834, 49.70267238896688], [2.9495143470656977, 49.69065965176808], [2.989594629116647, 49.70802042057901], [3.026158602863713, 49.680298029261905], [3.0629504716788527, 49.71256910166192], [3.1184031553047866, 49.705968560150744], [3.115636640843051, 49.66498825414465], [3.09777622468101, 49.65668309123162], [3.1127661529868123, 49.63132972837916], [3.093575310755229, 49.622548596683885], [3.1220112456372937, 49.60374206640511], [3.139814891208892, 49.57623313724928], [3.126982208375892, 49.573038994477], [3.1314803354793224, 49.54337765179183], [3.121165955043159, 49.520974573583764], [3.096325086537241, 49.51789625444081], [3.1212810029381983, 49.493670908120365], [3.1070854783285102, 49.46823138703083], [3.1605832452848968, 49.451589762665364], [3.1626441754771344, 49.440639681268124], [3.131884455784113, 49.43177892295364], [3.1005059556280803, 49.439314058331185], [3.0925346575940007, 49.37534154439133], [3.076780341252717, 49.371262738908456], [3.0747246045970944, 49.34897187029861], [3.042914962956999, 49.333571302660516], [3.001513216421808, 49.34001503161223], [2.964603145483289, 49.32192389525919], [2.981004000749905, 49.29790832703466], [3.0351669019132688, 49.2871713469825], [3.025849635470415, 49.25992627182155], [3.0397940574425517, 49.22840404055804], [3.023604722971875, 49.21655041441553], [3.0027869375627287, 49.23569244874083], [2.958587991995842, 49.226138012652044], [2.970646337718828, 49.21429263146397], [2.967751163640478, 49.19164549413419], [3.00241402574711, 49.187810905489094], [3.0004940244510117, 49.21363093492948], [3.0499603800932262, 49.20875690532957], [3.057604302772935, 49.19731791616205], [3.1027108891029056, 49.19726093786907], [3.116850461379955, 49.18929161278119], [3.1213530433372445, 49.1615694736916], [3.1396578896700365, 49.15257695363476], [3.0943242330142073, 49.14204789992474], [3.0924779533731277, 49.12879682562634], [3.071884293834167, 49.117554218816146], [3.0483639955943445, 49.086321770811566], [3.0085155429257675, 49.09151015780461], [2.974612129302612, 49.07483790651457], [2.9015078805206906, 49.08537404257291], [2.8949540105299616, 49.077060509386286], [2.8560893422319023, 49.07003394285967], [2.845152480122472, 49.0846582975852], [2.7918669791571764, 49.090224385649144], [2.7870683167938073, 49.075272380356054], [2.753551034147009, 49.06074104171223], [2.7067286108537023, 49.06571610231719], [2.673154178752123, 49.090859401094306], [2.633272965218076, 49.10837621896302], [2.5905242793946224, 49.079654846732424], [2.5581713639343153, 49.09838623642425], [2.4899309091229616, 49.10636117791936], [2.5032579551258722, 49.11758406300134], [2.471584849664169, 49.13543134509872], [2.4131026213629148, 49.152351151856486], [2.3912888696248515, 49.14934773205012], [2.3462570508145517, 49.161815824563625], [2.3109290446865427, 49.18640655833579], [2.2864129770481765, 49.15992057659305], [2.252488213818398, 49.15288152246086], [2.218650036331584, 49.180682600571025], [2.1819500283812623, 49.17367773782481], [2.1327389034606554, 49.191378260554046], [2.0968812642737786, 49.18975715797898], [2.0749104023995684, 49.20868708172066], [2.0006083248213287, 49.175708039448175], [1.973760882151743, 49.18378113635129], [1.9607171449401366, 49.173518197205695], [1.9314802344723212, 49.17417045483985], [1.8852389528169067, 49.16263786454188], [1.877040859056052, 49.17144524902654], [1.845548847714221, 49.169897638882595], [1.7954686863275515, 49.18525912523885], [1.755165127607803, 49.17454501384096], [1.7421373979981678, 49.18015527802457], [1.7341091564710822, 49.221278789282294], [1.7043642065965865, 49.232201775163404], [1.7104793339744566, 49.26446416218004], [1.7345063044967537, 49.26899820204799], [1.7643521273092135, 49.2630859414422], [1.7895325987859003, 49.247868037421206], [1.8026808722972285, 49.271950623613535], [1.7757705439300602, 49.29951534986682], [1.7679448109268296, 49.31982583692622], [1.7741379719748898, 49.33469565160132], [1.759340781875861, 49.368238985112555], [1.7203156024953805, 49.39482842844473], [1.7139375433100608, 49.409224988863485], [1.7229968419974309, 49.43391580233039], [1.7474339115753832, 49.45944834208184], [1.775862453037976, 49.47132557760213], [1.7741127542848931, 49.48629204874629], [1.7902240900460897, 49.50346919449449], [1.7718644061411502, 49.51284827349518], [1.7508109914810421, 49.4953034048916], [1.7192326604453187, 49.50822302010686], [1.7478873461630975, 49.537734307389876], [1.7271846205611596, 49.54162647589022], [1.7298338150528105, 49.56129313430964], [1.7147813730167585, 49.576405140938526], [1.7057508157515966, 49.60621127470416], [1.7216075786347382, 49.62199032398025], [1.7088335612864556, 49.64638148474686], [1.7252046142437358, 49.67263435960493], [1.7521846819353237, 49.680957188725905], [1.7339504969080488, 49.69920938045457], [1.7045143422610263, 49.68092631423977], [1.6895758821118119, 49.694785646260954], [1.7154681056064667, 49.70860435289633], [1.7196883349196141, 49.730467625863746], [1.7454557068129848, 49.73856265789178], [1.7416263242274626, 49.751633772466256], [1.7838370588623413, 49.75830750106765]]]}, "properties": {"code": "60", "nom": "Oise"}}, {"type": "Feature", "geometry": {"type": "Polygon", "coordinates": [[[-0.8409353560137922, 48.75222016383323], [-0.8192734301255277, 48.7541311066678], [-0.7806266616236817, 48.78665142650693], [-0.7125565216024937, 48.80069002566648], [-0.6821715230909893, 48.821834119269546], [-0.7054998116130325, 48.83677879901897], [-0.6935979640277244, 48.8472307255334], [-0.6264394642029217, 48.8268065097143], [-0.5445223814299559, 48.8478900838751], [-0.4940452996821073, 48.84857463029627], [-0.46875379913660753, 48.86921416486376], [-0.431252227536603, 48.87431946705079], [-0.4089756657265101, 48.87089665763008], [-0.38621249067401003, 48.8452588814631], [-0.3462445710154039, 48.821999140746314], [-0.3267045002943942, 48.840277412458356], [-0.3285204584539417, 48.857599313600346], [-0.29452074618238994, 48.85168192113505], [-0.26217897261037365, 48.85359465583731], [-0.17671993891467938, 48.83423079521249], [-0.1463430882060753, 48.83444909949476], [-0.0850638956816069, 48.84465033807136], [-0.0590064530019254, 48.853491798472966], [-0.030666077085217337, 48.8738778222776], [0.008758124525063051, 48.8910599383045], [0.05639799250068904, 48.902464038657314], [0.07094503667266873, 48.932121250285164], [0.09488679748726127, 48.93579979818696], [0.12760760912750246, 48.95221907078784], [0.1564748700538276, 48.924787583562484], [0.18746286897648523, 48.940627353263515], [0.24227175031800538, 48.94434881189317], [0.24466232022740259, 48.95878245595905], [0.27250168047082235, 48.964655839870495], [0.28264019709882576, 48.94899613116388], [0.3105016483200191, 48.9525668734449], [0.3332314772821841, 48.942781544583966], [0.3581085399804696, 48.95050361041376], [0.37731004626458825, 48.972554866896424], [0.40609491524831554, 48.96346413266829], [0.412814532889088, 48.950626367694355], [0.3907837746929919, 48.9271332888758], [0.38618934896504153, 48.91041450585282], [0.42156714219561403, 48.89864779537123], [0.4200659412941513, 48.88818710783798], [0.45358528537402837, 48.88019513771439], [0.4761125006440536, 48.88686266076319], [0.5021397353658976, 48.878150204150515], [0.5525030083730612, 48.87553783157171], [0.5780409793892106, 48.89364694598877], [0.6109659813863897, 48.853218358881485], [0.6078685100835315, 48.832489316673694], [0.6687110370739024, 48.80802140346215], [0.6889623683560373, 48.79460354988005], [0.7319447587721393, 48.78545800743581], [0.7584300486684715, 48.767971967774606], [0.7508055582409985, 48.75949683157833], [0.774959043114129, 48.73752726458568], [0.7433928921084365, 48.71690523836887], [0.7660502318369231, 48.69679825478523], [0.7640759546715993, 48.67527365639454], [0.7822053215915061, 48.66652415160697], [0.8148191028635925, 48.67016796018795], [0.8268154990669214, 48.63060614219509], [0.8177592533729132, 48.616321964340834], [0.8465847869380818, 48.60477987546661], [0.8495690718886973, 48.584317085863454], [0.8676826582446395, 48.57348477486485], [0.8912620563004201, 48.57217735609871], [0.9387576535104647, 48.55055845317247], [0.9226089134985012, 48.5377152127879], [0.9667159729358187, 48.52408891339411], [0.9539997024327551, 48.50383926047164], [0.956288496333069, 48.48228110680156], [0.9357072927920254, 48.475553713886015], [0.9584142860496184, 48.442595257597894], [0.9439900556805834, 48.41543779690512], [0.9486303005350746, 48.40254075139077], [0.9090291135378351, 48.37025942165492], [0.8837069426865347, 48.35671469741493], [0.8187477629538905, 48.3492990187552], [0.7854319060188925, 48.34042724028456], [0.7688672771787132, 48.32194393371593], [0.7958184564245077, 48.28648186022423], [0.7875964742272762, 48.26131463776064], [0.8302416950484665, 48.21430027818372], [0.797655838494225, 48.19445221754921], [0.764084678712686, 48.181597068873735], [0.7236370295054257, 48.198143278755104], [0.6954713879467597, 48.236330986094266], [0.6754723126802372, 48.254743451079044], [0.6531564634145168, 48.26370008686643], [0.6236114391567086, 48.24531365157172], [0.5791940330516644, 48.24436715365327], [0.5359730618565085, 48.24984731423508], [0.5303066115723511, 48.265500468342935], [0.49456203378441577, 48.28681219277962], [0.48757228180388706, 48.307800269630285], [0.4313327796769827, 48.30663773892564], [0.4062188750511576, 48.31462381799055], [0.3826045470591668, 48.33382739375671], [0.3831416441494548, 48.35506581259146], [0.3717304119271855, 48.41045271670545], [0.38155707814654405, 48.42516246095979], [0.35577910790038714, 48.4582196404425], [0.30023976976312095, 48.480570774759265], [0.21796784681891437, 48.4738014493765], [0.18981014616858835, 48.46189487699406], [0.17216701037378906, 48.46478849710128], [0.1513148609685129, 48.43722944549019], [0.11624508246972709, 48.43555379652284], [0.09917026625350714, 48.41035346558878], [0.0686800642491165, 48.406668571805646], [0.06252414284954447, 48.38302768487248], [0.020988775959532427, 48.38019902542899], [0.0033707584170527497, 48.39598744941706], [-0.04462899093295152, 48.379755379925435], [-0.05453120471342586, 48.382003457815514], [-0.05735713318959158, 48.42850475869075], [-0.051896256193192464, 48.4532597698412], [-0.10641204070316028, 48.44752336948581], [-0.14362687075469976, 48.45472711281225], [-0.1663420949957147, 48.51558833305454], [-0.14460396356167668, 48.52775250488166], [-0.16938322355767327, 48.53697934057344], [-0.20693829348513745, 48.562944759163955], [-0.23435383691646136, 48.56233718214002], [-0.26180278773892185, 48.54789343136948], [-0.24146030977322894, 48.53711490462154], [-0.2629746987558156, 48.52359724467027], [-0.2715497531161014, 48.50745217404008], [-0.3202385045732452, 48.522920009526636], [-0.33820693066737895, 48.50050101655408], [-0.3676233888648988, 48.492944315128234], [-0.44380935670202487, 48.51374721178168], [-0.4781981375781819, 48.501570405632215], [-0.5050654278707298, 48.50579601256293], [-0.5304357344769987, 48.495166069981224], [-0.5502899127948604, 48.47423143238625], [-0.5986229162657322, 48.47101955265918], [-0.6510738694884249, 48.44394876336686], [-0.6662397250359153, 48.48588955148741], [-0.7020679300858332, 48.467206812159105], [-0.730343478460553, 48.472706578375146], [-0.7358573623603453, 48.46112222178988], [-0.7151034623418729, 48.448949122074], [-0.7572811397545338, 48.436551469912764], [-0.7796468261489741, 48.44602717779943], [-0.7778740724524535, 48.46541168200867], [-0.7975558085305263, 48.465278693659805], [-0.8603629154348681, 48.50145849652254], [-0.847670683669462, 48.52112645892402], [-0.8057094829569462, 48.54987498304548], [-0.7741715461672727, 48.56267832832823], [-0.768359672906354, 48.59032984724143], [-0.7517442676401291, 48.60131936977811], [-0.7524222705829918, 48.62213618876707], [-0.7733632741625079, 48.65747680031274], [-0.7354985764702292, 48.68396472383358], [-0.7917739207703051, 48.70515869262072], [-0.817893287414865, 48.73117743116182], [-0.8492246178903684, 48.73075569433634], [-0.8409353560137922, 48.75222016383323]]]}, "properties": {"code": "61", "nom": "Orne"}}, {"type": "Feature", "geometry": {"type": "Polygon", "coordinates": [[[2.067712027611001, 51.00650515466528], [2.097600537080802, 50.998427200370195], [2.1353365874298347, 50.96425774404664], [2.1541252595915212, 50.92600143483312], [2.2018976811147395, 50.8508405908696], [2.213001675000002, 50.81619844972972], [2.252496270869472, 50.788115718263434], [2.3428811569437658, 50.7810883826341], [2.375989607627449, 50.78404912635709], [2.4114775397506802, 50.76673424707295], [2.34089102647672, 50.74090632543495], [2.3417485781495326, 50.72837526546449], [2.3829874868893204, 50.69628206936786], [2.363524646595893, 50.684643637888016], [2.3831045994174644, 50.671828851607664], [2.40779242678447, 50.67276560279946], [2.428985110726485, 50.65701656077829], [2.4503937034166032, 50.65384652293581], [2.495948921017839, 50.631244941936494], [2.533625965601234, 50.64308581112802], [2.5370449897762186, 50.63045370101787], [2.564653031146168, 50.624522730303156], [2.5866206729970513, 50.63809536205738], [2.630516060197486, 50.617951505356416], [2.6844644994994438, 50.632719762619324], [2.713850503520111, 50.63129225354632], [2.725641525704916, 50.61411481623499], [2.757400535457718, 50.61823745589094], [2.7690409100193936, 50.66367813929786], [2.809187984818708, 50.669372896442674], [2.8404494526472543, 50.656566351394346], [2.8697378084597434, 50.631095996029686], [2.8424416096298035, 50.62905410400955], [2.8065346151718447, 50.606764517797096], [2.7890757995406865, 50.583060514887364], [2.80816309470569, 50.57916943876986], [2.8134467388705726, 50.54934391547588], [2.801938478218003, 50.53483062913716], [2.8259824668620874, 50.52538845142136], [2.881364535884128, 50.535434775320184], [2.8798761281832572, 50.51589325872625], [2.8989518584324676, 50.5015578156606], [2.9647097377674005, 50.512778020799246], [3.0157717239835207, 50.48645538436221], [3.016772027301739, 50.44834132930235], [3.037672306035308, 50.4416400980408], [3.0543582082042056, 50.455089924005314], [3.076383262967528, 50.44060786930254], [3.0251728351795903, 50.40757565859167], [2.990408003554761, 50.39527899657189], [3.004772238368158, 50.36678462460666], [3.0843056602069536, 50.31119078351624], [3.0152741338861255, 50.283780191722634], [3.018560069810309, 50.26439442090914], [3.0515044113968517, 50.276650211776854], [3.133679451303655, 50.26623580402242], [3.1556853741465, 50.243187559380864], [3.188353526948621, 50.22867621857968], [3.1788851239271336, 50.219073327099096], [3.1427922279498945, 50.219237231259655], [3.1314047305598587, 50.19940491824935], [3.1561320895920617, 50.183715151473976], [3.128954376035887, 50.16556204959065], [3.0918531294760667, 50.12063041191277], [3.1048462443791918, 50.115285460750734], [3.1141238720183764, 50.092160389605915], [3.094758364918514, 50.08315987378872], [3.090253620620082, 50.05374055513492], [3.074492199997738, 50.04529954091121], [3.014439323479967, 50.059152788811005], [2.9787858100327975, 50.04636219278302], [2.9444810700691098, 50.05347379150127], [2.917155076234358, 50.035710799347], [2.87653264314694, 50.04217932424792], [2.857843650412817, 50.07739311900277], [2.807546851114983, 50.062415585560984], [2.7889640682343506, 50.045311213953525], [2.763122932751498, 50.03863557102141], [2.742546612593098, 50.04823137136034], [2.781835790362261, 50.09110348945762], [2.7633488151068777, 50.10996516360832], [2.729579928321446, 50.125953038257606], [2.6918325946042887, 50.09172778717194], [2.633413606035314, 50.100835661500284], [2.620114035740686, 50.1111233231505], [2.5760198137336725, 50.11341281005766], [2.579246199237998, 50.128556557952706], [2.557055359846941, 50.14204829791205], [2.53247243497901, 50.11502396682772], [2.514949343300702, 50.140811614698116], [2.481495194281265, 50.13816938510139], [2.4501350913608073, 50.12440021874914], [2.4296578345647766, 50.0881849283962], [2.4145079258525888, 50.10064240686793], [2.375459692531332, 50.109251478562726], [2.3923866280005646, 50.14534070022987], [2.3897770566865675, 50.155484821444404], [2.4148458534849215, 50.17310955154985], [2.4511824235732345, 50.17870118824561], [2.4956903275727766, 50.19456202411803], [2.4852044166964613, 50.20779089755312], [2.4524037722545233, 50.22617450808976], [2.4054762905102116, 50.234029470791484], [2.3814020747034625, 50.22558671136131], [2.370204907638782, 50.20977035832257], [2.3404952021137726, 50.2293253960828], [2.3012047633367585, 50.212864087760096], [2.269796498169412, 50.22880955959933], [2.2458060345105704, 50.211701863441725], [2.2173374639794026, 50.21748679591506], [2.17414784189994, 50.20889796150714], [2.1602439796705144, 50.195073090929476], [2.122580060921799, 50.21070523924823], [2.0857138282832497, 50.20100753303517], [2.0561495866960637, 50.25515840313268], [2.026446120500165, 50.269546075893764], [2.0032288628275974, 50.27038408348767], [1.9364041762807813, 50.30146908295568], [1.9587947410604334, 50.31226469090631], [1.9381301712408916, 50.33010048991117], [1.9180007470953697, 50.31177877534881], [1.8759231954314028, 50.32174642503478], [1.8725624158329885, 50.332203345380606], [1.8313070764668689, 50.345521376961486], [1.8051005697505793, 50.35956479028979], [1.7787842601942672, 50.361866180722075], [1.739453874214164, 50.35457494026503], [1.6707155098465678, 50.33101039989745], [1.6415439209955993, 50.35215320244089], [1.6252340548486761, 50.37183439351513], [1.5794678479116167, 50.37921781617639], [1.555658414115049, 50.39768062437081], [1.5699664459670746, 50.444481375243384], [1.5774237782704903, 50.51653279341479], [1.5854134517805314, 50.537352456779296], [1.6192903917994448, 50.53527496629917], [1.581273860269884, 50.56277234419219], [1.5766093094233622, 50.57222508465235], [1.5754702574635382, 50.64376921433218], [1.5607115203796038, 50.69967640419991], [1.5940631007212405, 50.73490631352115], [1.6044002891055364, 50.76283351023702], [1.6054977030902289, 50.79303342273639], [1.577946150441329, 50.85333565117015], [1.5835458071046016, 50.87182012003101], [1.6421019989787113, 50.87886833813072], [1.6673428270137456, 50.89226662456871], [1.692541394498637, 50.91537531133391], [1.7288531641107558, 50.93789161557745], [1.7807165493326218, 50.95487029863247], [1.8323650766395754, 50.963096204871015], [1.8711615477136776, 50.97493483409628], [1.8896911321764678, 50.97231089361649], [1.915776261224723, 50.9840846407249], [2.0454058015250167, 50.998317962768176], [2.067712027611001, 51.00650515466528]], [[3.0403984136982025, 50.159705108437066], [3.0038853511528694, 50.15024647820991], [2.9993155954143598, 50.11885065997644], [3.0272922183841873, 50.118551266105456], [3.037036047993321, 50.130313345175814], [3.0727880608848768, 50.131186438720206], [3.0681434935957395, 50.14734495422104], [3.0939135240338187, 50.1622262487789], [3.063005335119136, 50.17367767246187], [3.0403984136982025, 50.159705108437066]]]}, "properties": {"code": "62", "nom": "Pas-de-Calais"}}, {"type": "Feature", "geometry": {"type": "Polygon", "coordinates": [[[2.5653790586982073, 46.143032182829025], [2.6406912317167386, 46.118477661719005], [2.6552891559950393, 46.12604206490928], [2.675536737103756, 46.155809042125064], [2.6774585186785225, 46.1727617979065], [2.715881178634498, 46.17955498592873], [2.7305652928970168, 46.19609671226358], [2.720917952533929, 46.21130971383818], [2.732404782173034, 46.22305265922885], [2.786781773175518, 46.19864733659311], [2.810275114252155, 46.196212623621854], [2.8229846867516923, 46.21982582951188], [2.8186225286604203, 46.23256980947683], [2.838238654032007, 46.25133842004792], [2.89131100728084, 46.253562623561876], [2.9371457775851466, 46.24291746827498], [2.936482510275278, 46.221710765741776], [2.9133683342305123, 46.21076365100903], [2.920103043246808, 46.19098495139527], [2.911139505619457, 46.17743500340432], [2.942765231308341, 46.168549525458715], [2.971756635840471, 46.1217801298987], [2.9937709582935033, 46.123728525772805], [3.0164792061121424, 46.102448954980474], [3.0480765097735856, 46.10031481550088], [3.0906232146771364, 46.11452555946364], [3.099793609402441, 46.09490520389922], [3.1280978125696843, 46.07140098569798], [3.166531859715606, 46.065677976513406], [3.1831200731258975, 46.074513260697124], [3.2145108831873523, 46.07494451930903], [3.233650605398404, 46.06355148384772], [3.2810346944765536, 46.065929354622334], [3.332766798825711, 46.05497440619716], [3.36764567175092, 46.05430839581729], [3.3829420706213997, 46.06480264969235], [3.419029561174583, 46.07429245580498], [3.433106873763625, 46.06115526638401], [3.4535928570638426, 46.063794720194835], [3.4678828897234224, 46.02374515995011], [3.4813683084812777, 46.01371105761674], [3.5346371071845772, 46.02237834647508], [3.5413270581913245, 46.01519652019095], [3.601439901652659, 46.015082558028055], [3.6413068945873417, 45.96461484273165], [3.6767635131618666, 45.95805976115134], [3.6940178008729885, 45.930732356412385], [3.7234546463589506, 45.92186686966796], [3.7543707578917007, 45.88603083611283], [3.7315424899852925, 45.87016039642116], [3.72534244009261, 45.82707398650144], [3.7116170222098575, 45.79955113302971], [3.6906934795455935, 45.79217071537155], [3.7310653997028584, 45.77483343230172], [3.727105164096888, 45.75553371264516], [3.7586724976385866, 45.74600532878878], [3.7827600945783164, 45.706694635321], [3.776946294898936, 45.6908405345388], [3.823453198078696, 45.63241694241682], [3.86173367803394, 45.62272878464922], [3.8846825953282202, 45.60275694217335], [3.903596234209209, 45.599022466324875], [3.935548097136248, 45.57675205994888], [3.954348408158434, 45.555962683335494], [3.9459486995868804, 45.54447980125801], [3.964839538556207, 45.503218682032596], [3.9844000736338567, 45.49411557572152], [3.966604497321932, 45.472189147410184], [3.972751884382159, 45.46143771943691], [3.9601432570462634, 45.44344571733884], [3.899187761612733, 45.410307649293415], [3.8892315945582094, 45.39452005881283], [3.897408424881887, 45.3570837817156], [3.869748727932898, 45.355825177974914], [3.837685746380872, 45.365713933149365], [3.8352859719724157, 45.37605158297855], [3.804943044201567, 45.392104461166284], [3.7856753429070356, 45.37076437810785], [3.7899965323666374, 45.35387675419062], [3.7722554467335283, 45.34919188352554], [3.705828237197212, 45.3607062251683], [3.679853380401792, 45.38418941501764], [3.6631634778409548, 45.36157929015898], [3.6186259166992305, 45.33771043696724], [3.5903478302934047, 45.35722324299155], [3.5880474177320365, 45.375226810928446], [3.5630771718254137, 45.39491340017769], [3.5209066851487667, 45.40241117172981], [3.501320580432494, 45.42757868705258], [3.4797803281462016, 45.42109945505887], [3.4636110218729947, 45.40187938765357], [3.37740750048678, 45.40195065808154], [3.355951003761219, 45.42270452498479], [3.324323216190769, 45.40643003851577], [3.30631987673738, 45.41954639101777], [3.290691872112179, 45.401821892426035], [3.220912377077928, 45.37892046186799], [3.1680632240379363, 45.352259807508], [3.1034981328800555, 45.35437310008832], [3.081709261400673, 45.33620210714899], [3.060267266954517, 45.33058792846881], [3.058569686824016, 45.30656505249262], [3.021790178296388, 45.29536780296733], [3.0183045953290004, 45.2870664026082], [2.967346132390612, 45.307097870959936], [2.9495692996597285, 45.30885613298761], [2.931754110661835, 45.33059235323827], [2.9207131825210073, 45.36542334907543], [2.8863031117541533, 45.382961505858326], [2.8677277513750035, 45.376079673109146], [2.851739807542808, 45.392294826301445], [2.8012313498513737, 45.39285594883326], [2.7635223964556954, 45.38562409648569], [2.742824191956514, 45.393286416958404], [2.714857227145231, 45.38155782083131], [2.6871186111491756, 45.40629147061533], [2.6764584284787265, 45.43907413938682], [2.663390372512316, 45.43416415509558], [2.6396930053973264, 45.44570657455579], [2.590384711197607, 45.45005773186534], [2.5437058143512723, 45.47758527668323], [2.508408697113082, 45.47849879874483], [2.516808004227086, 45.52382961392976], [2.516332317304299, 45.55342661392312], [2.490928563504916, 45.5603922863538], [2.4639202998517407, 45.594746716951256], [2.4784319627002147, 45.60790817567205], [2.483386743242332, 45.639304413699904], [2.517544011548676, 45.639591069896426], [2.5249409687054394, 45.65723626708714], [2.5125929116065997, 45.6697634761611], [2.526510829142244, 45.68539249032416], [2.5210064489111423, 45.70681016156742], [2.4921255582417543, 45.73767009540705], [2.454731087219177, 45.76088170513876], [2.435460687234864, 45.76697343160803], [2.427406116463833, 45.79428142437904], [2.3880204308712214, 45.82737590512424], [2.4013447212803922, 45.83757813269279], [2.4265480371985815, 45.83477320365116], [2.4706202631864147, 45.87233257398153], [2.4922254101808226, 45.86402992467918], [2.5279244706403525, 45.8992324603817], [2.55163679096888, 45.94126557576326], [2.5696347302085196, 45.95881426721691], [2.61078659720824, 45.971228075938264], [2.5944189201416936, 45.98944187163358], [2.6025111446423104, 46.033460147639815], [2.57170126140345, 46.04837735959016], [2.5521924042632187, 46.08251218540567], [2.5505225579409916, 46.11895797457819], [2.5653790586982073, 46.143032182829025]]]}, "properties": {"code": "63", "nom": "Puy-de-D\u00f4me"}}, {"type": "Feature", "geometry": {"type": "Polygon", "coordinates": [[[-0.24283655874306692, 43.58497620901365], [-0.21060677583663345, 43.59323717586582], [-0.20474047168197715, 43.583595044006366], [-0.17292754407472402, 43.59364235835892], [-0.1604496417177948, 43.58057113664128], [-0.12160423721761877, 43.58624235445866], [-0.09678297320877491, 43.582405897631695], [-0.0889353115702106, 43.55720120791489], [-0.06439614081942817, 43.54514708135416], [-0.040131786150039817, 43.512605402100824], [-0.04931853949113948, 43.49246722068145], [-0.03395773428648386, 43.4748821154567], [-0.06575363832737609, 43.46348011949314], [-0.06960017201868417, 43.43296649967561], [-0.04274822802160633, 43.410433038551396], [-0.03370932429921264, 43.43246529630011], [-0.01653409524496999, 43.44394693211105], [0.009655310320461439, 43.422201547264585], [-0.003925534377874021, 43.3934664638352], [-0.005254456755174934, 43.37375854928626], [0.029503346533208717, 43.34615364492955], [0.010318158747631801, 43.32531563972634], [-0.024871748469064887, 43.32949512965254], [-0.046122416801734574, 43.300855792904], [-0.04438748267104296, 43.285276684905334], [-0.017007531250723754, 43.270453175934975], [-0.04586866874069626, 43.23214073673146], [-0.07252865439013752, 43.22439059831667], [-0.06787400013058484, 43.17711979316513], [-0.1177014616836111, 43.1803266630819], [-0.12625382600229515, 43.157664646038775], [-0.14613235140227143, 43.128235959977104], [-0.1708703509900363, 43.11342325510858], [-0.19098404402245078, 43.11120001485184], [-0.18776412338244444, 43.08332759879084], [-0.1991458409823786, 43.064411115641306], [-0.20042576352682828, 43.042716040400485], [-0.22443426834756924, 43.033763083786916], [-0.2599408711456362, 43.038273850395626], [-0.2648355668439734, 43.009960256978964], [-0.2872360879456974, 43.00592033944367], [-0.29228087888317733, 42.991102936760555], [-0.28159092548449843, 42.93356279018235], [-0.32717226195000754, 42.91649889360632], [-0.30706856228167917, 42.86996632786312], [-0.3134428634980887, 42.84937505970757], [-0.32147747742734595, 42.837156313582035], [-0.34754008403707837, 42.8359138333211], [-0.3679794649305534, 42.81384420795455], [-0.3925972910093655, 42.79955853388815], [-0.40923534884558577, 42.80775176126848], [-0.4443073733042952, 42.79644188968569], [-0.509645724461578, 42.825392555785875], [-0.5248214033720447, 42.81169922814938], [-0.5228809859764464, 42.799053820578806], [-0.5438135992737796, 42.79316107597114], [-0.5512049085825593, 42.77751593074885], [-0.570596979524969, 42.782910869511355], [-0.56886355590546, 42.806821287959146], [-0.5927365436827333, 42.80323323591071], [-0.6036291574211501, 42.83261701820438], [-0.6488576242634109, 42.85520307403128], [-0.6786504294307736, 42.88435162671404], [-0.6989906898468694, 42.87965527922473], [-0.7252987547541817, 42.891321607770166], [-0.7349914574877744, 42.91217714898651], [-0.7250694205419334, 42.92302821420027], [-0.751639105301494, 42.966938899771456], [-0.7878117200655661, 42.964220133379236], [-0.8100187374291915, 42.95143307665448], [-0.8650339469969248, 42.950782024634954], [-0.8997253347034583, 42.961944671110295], [-0.9464504061324416, 42.95406127408886], [-1.0005051395543532, 42.97795014220868], [-1.0064443208237912, 42.988993997889715], [-1.0830603615120118, 43.00168071076038], [-1.1130329544941873, 43.02237691659177], [-1.1334470820212093, 43.01037270050248], [-1.1668982697369847, 43.03557738093639], [-1.1807234359906535, 43.03252804425024], [-1.2286741205591398, 43.055160334686654], [-1.2471934082929712, 43.042415611440845], [-1.2642856059829322, 43.044567445791834], [-1.2835261465024137, 43.06128566378849], [-1.308546707643754, 43.06868136866409], [-1.2986667955038385, 43.093279481535944], [-1.2802211653973743, 43.1182176727211], [-1.3220188073653838, 43.112341489609655], [-1.3461709053432147, 43.091146616577], [-1.3409221159462987, 43.08017084901461], [-1.3547480564678596, 43.02846729741783], [-1.441215102138327, 43.04630623466782], [-1.471735353863028, 43.08109307328759], [-1.4708729299201966, 43.09171395485682], [-1.415487839708494, 43.12745746864605], [-1.416022603215192, 43.1497408035206], [-1.4034369386574947, 43.15976006228705], [-1.4020241459530187, 43.17787126578672], [-1.3844898703699202, 43.19125222875264], [-1.3826552191243804, 43.25302936103839], [-1.4132056044596777, 43.273416064289286], [-1.4388514488237716, 43.2665172949958], [-1.4954242196638288, 43.28272765553131], [-1.5053245319871684, 43.29278486875202], [-1.5647156489015603, 43.28791168353549], [-1.5581480152327398, 43.276925958606746], [-1.577703455461285, 43.25064368535375], [-1.6086713312434922, 43.251911493906945], [-1.6303674039621392, 43.28444921654921], [-1.6225991787656453, 43.30062353105162], [-1.6671377641602614, 43.31445979762466], [-1.694148056872775, 43.31228000342086], [-1.7297463174854624, 43.295677171644435], [-1.7577102787128112, 43.344006413921115], [-1.7871316386117875, 43.35136807471246], [-1.7889705724558977, 43.3740616062586], [-1.7620152282748711, 43.37589213130254], [-1.6391097857903005, 43.40836090393235], [-1.6014509805064314, 43.433291711283985], [-1.5629953964271497, 43.484727946611734], [-1.5480683309573409, 43.49597169694441], [-1.5248665484221002, 43.52970134669009], [-1.5014142682685339, 43.526946780448405], [-1.4765954372767023, 43.539347276261424], [-1.4641103174097, 43.51978418733692], [-1.4311182651313608, 43.51461371523744], [-1.4153887215828598, 43.49717030109977], [-1.3679078186199811, 43.49490465671754], [-1.3274966286590806, 43.50492395449724], [-1.2888696900073222, 43.49872862084951], [-1.2173167238027949, 43.53073810827331], [-1.1956162981323255, 43.546095049204695], [-1.1708199655376668, 43.5456098839176], [-1.1315682094233597, 43.51069576475205], [-1.1639945144136432, 43.50839178467792], [-1.1625744604180746, 43.49153545937573], [-1.1195951980376606, 43.50151151366748], [-1.109247829938908, 43.51412989565137], [-1.073598211038545, 43.51939437447959], [-1.0265078502683154, 43.503370175677496], [-0.9933935609538049, 43.505388046842114], [-0.98987372975074, 43.53346243559243], [-0.9758267609662757, 43.53928445138307], [-0.9509135778063627, 43.53212326134325], [-0.8966906468904682, 43.55048921576566], [-0.8556394802658646, 43.541912093762534], [-0.8426740269835161, 43.55356012044782], [-0.7817805196343679, 43.564167159066834], [-0.7682806920100282, 43.57948154907272], [-0.7180970591845858, 43.54064303476207], [-0.7009707203498448, 43.56096357592762], [-0.670807186170969, 43.5667169721834], [-0.6008401126869658, 43.538204154807815], [-0.5670718315523744, 43.558215555933955], [-0.5571744316529481, 43.542797175106195], [-0.5105948945954394, 43.563209686236384], [-0.5076560922832347, 43.56923087293328], [-0.44992960469658516, 43.595703984518344], [-0.43347042112212875, 43.580338984734894], [-0.4634382109634287, 43.566589232141745], [-0.45203767058593636, 43.550435492790825], [-0.4060419475368964, 43.568225638621044], [-0.35359679862890814, 43.561780875085], [-0.33595845896027376, 43.55085163558024], [-0.30369046804673383, 43.560276850255974], [-0.2763965148657968, 43.584761045574], [-0.24283655874306692, 43.58497620901365]], [[-0.10332953356469002, 43.35858355910215], [-0.09014219532070926, 43.35886208428034], [-0.08727094997091522, 43.33384409231069], [-0.11552121102299735, 43.33237650784547], [-0.11030601684007735, 43.31299058296239], [-0.07504166669941048, 43.30713969252607], [-0.06249932084582573, 43.346711256254366], [-0.08317321572204538, 43.37135001696728], [-0.10332953356469002, 43.35858355910215]], [[-0.10307533206661205, 43.2428172034933], [-0.07983617553877999, 43.26236925486353], [-0.09617852463729769, 43.28547921988103], [-0.09202865057224784, 43.300470229904995], [-0.11185509693098625, 43.31039821912341], [-0.1373518115949468, 43.28574075772358], [-0.1406176398389843, 43.27194385552744], [-0.12194467153732959, 43.24335344245164], [-0.10307533206661205, 43.2428172034933]]]}, "properties": {"code": "64", "nom": "Pyr\u00e9n\u00e9es-Atlantiques"}}, {"type": "Feature", "geometry": {"type": "MultiPolygon", "coordinates": [[[[-0.10307533206661205, 43.2428172034933], [-0.12194467153732959, 43.24335344245164], [-0.1406176398389843, 43.27194385552744], [-0.1373518115949468, 43.28574075772358], [-0.11185509693098625, 43.31039821912341], [-0.09202865057224784, 43.300470229904995], [-0.09617852463729769, 43.28547921988103], [-0.07983617553877999, 43.26236925486353], [-0.10307533206661205, 43.2428172034933]]], [[[-0.10332953356469002, 43.35858355910215], [-0.08317321572204538, 43.37135001696728], [-0.06249932084582573, 43.346711256254366], [-0.07504166669941048, 43.30713969252607], [-0.11030601684007735, 43.31299058296239], [-0.11552121102299735, 43.33237650784547], [-0.08727094997091522, 43.33384409231069], [-0.09014219532070926, 43.35886208428034], [-0.10332953356469002, 43.35858355910215]]], [[[-0.09678297320877491, 43.582405897631695], [-0.0772195291003595, 43.59016567666762], [-0.07397188111422878, 43.60631260105189], [-0.015780894995830737, 43.60465738319822], [-0.006638780883364193, 43.59430394426513], [-0.0019248187812945813, 43.56554046143869], [0.015782134897742738, 43.543393230182545], [0.029579566383845242, 43.544897297852316], [0.056081443916198466, 43.5188072498529], [0.08058083535969605, 43.523863090805406], [0.08975008845749399, 43.51017249617227], [0.11212423457670333, 43.51736991981858], [0.1304678194460616, 43.49489917669358], [0.1350017858108604, 43.46572396335525], [0.14930802677520033, 43.465363039807976], [0.16599704732355133, 43.44273636926645], [0.1374594398551805, 43.43399175225508], [0.1538629917033123, 43.39932405975342], [0.17380494234693045, 43.40277225485803], [0.18203121400006392, 43.37118267445077], [0.2317041924912655, 43.36771211454836], [0.27840649370482956, 43.38622497108639], [0.30085675386203575, 43.37175476096837], [0.32769435096802535, 43.37095370345262], [0.32831696781083425, 43.34849301742664], [0.33909513817586934, 43.34345707398941], [0.3883410229269578, 43.35621468006998], [0.3957284672697182, 43.33360258395701], [0.4430328988271061, 43.32792703588786], [0.44498008716314374, 43.340735933546554], [0.49803381879209657, 43.32618057240136], [0.5043244698794473, 43.333508245170144], [0.5474473878405767, 43.329319731373445], [0.6068109749570959, 43.310885991585494], [0.6357239806030284, 43.300074553718005], [0.6183078501522927, 43.29035045829162], [0.5511319943370407, 43.236236596459726], [0.5738333078065921, 43.22033420729316], [0.5518748957180641, 43.20914713009289], [0.5173856740584795, 43.212372971316064], [0.515732011440808, 43.189611401008044], [0.4878146424725309, 43.16525164014629], [0.4700411050323527, 43.15730371100298], [0.4419985587106282, 43.13127313187027], [0.46394373544501977, 43.117816246348056], [0.5322696523895433, 43.093864488407256], [0.533134473195984, 43.08279812294234], [0.5573359728300217, 43.066396922958404], [0.5652571210979821, 43.04118358284234], [0.5379303286735891, 43.041641647509145], [0.5341218546281855, 43.01498318247417], [0.5412081928415171, 43.001720551955394], [0.5673867928980146, 43.02086035561931], [0.5918253760443509, 43.022372936614325], [0.6080473328079602, 43.034009064146474], [0.6274179241908862, 43.00010287323426], [0.6116327283329046, 42.98841659996602], [0.6188348311181961, 42.972417013199525], [0.645536953415737, 42.96206456656776], [0.6419907184981635, 42.95287272899541], [0.6060586556910943, 42.93436290905924], [0.5865354938150936, 42.899764469600925], [0.5759351469518764, 42.870825923039746], [0.5598104479575664, 42.86131086278569], [0.5324055542379432, 42.863293191606644], [0.4773565901163487, 42.87824375089618], [0.45645030119577185, 42.81819976680441], [0.4631381823278041, 42.79013609203236], [0.45587668333542497, 42.769893094701686], [0.46339485659012236, 42.75961776986063], [0.4550942250736491, 42.728060641999555], [0.4845912327562892, 42.70987563691782], [0.47774954032737066, 42.69999034279792], [0.4356455710506602, 42.69037183158463], [0.40211897973801236, 42.69648986021392], [0.39263011986752094, 42.71311750189731], [0.3596287954835796, 42.72339183232152], [0.3262254490865479, 42.70523591329384], [0.320802303741389, 42.683131711219026], [0.29282224858132516, 42.67492458180092], [0.2657494410548165, 42.69585404878972], [0.2601414748532607, 42.715502851551555], [0.22668497017769476, 42.71735823262267], [0.2059924149934227, 42.729298724675765], [0.17574306986977128, 42.73677329861877], [0.1604176644184873, 42.72442882623834], [0.1365670029696411, 42.72232698158292], [0.11125032280716181, 42.71021137331376], [0.09042040053997723, 42.717132811761196], [0.0459533905361909, 42.696777408747096], [0.024585610304963493, 42.70245653014717], [-0.010637584646291413, 42.684385085093155], [-0.05980922099813103, 42.69342720546847], [-0.06884483739406957, 42.7179035165553], [-0.10244023343942496, 42.72158700465701], [-0.15972871920981477, 42.79739905213244], [-0.1784879363541327, 42.785361494949754], [-0.23844023717848478, 42.808170502420666], [-0.27668498267988956, 42.835474417476526], [-0.3134428634980887, 42.84937505970757], [-0.30706856228167917, 42.86996632786312], [-0.32717226195000754, 42.91649889360632], [-0.28159092548449843, 42.93356279018235], [-0.29228087888317733, 42.991102936760555], [-0.2872360879456974, 43.00592033944367], [-0.2648355668439734, 43.009960256978964], [-0.2599408711456362, 43.038273850395626], [-0.22443426834756924, 43.033763083786916], [-0.20042576352682828, 43.042716040400485], [-0.1991458409823786, 43.064411115641306], [-0.18776412338244444, 43.08332759879084], [-0.19098404402245078, 43.11120001485184], [-0.1708703509900363, 43.11342325510858], [-0.14613235140227143, 43.128235959977104], [-0.12625382600229515, 43.157664646038775], [-0.1177014616836111, 43.1803266630819], [-0.06787400013058484, 43.17711979316513], [-0.07252865439013752, 43.22439059831667], [-0.04586866874069626, 43.23214073673146], [-0.017007531250723754, 43.270453175934975], [-0.04438748267104296, 43.285276684905334], [-0.046122416801734574, 43.300855792904], [-0.024871748469064887, 43.32949512965254], [0.010318158747631801, 43.32531563972634], [0.029503346533208717, 43.34615364492955], [-0.005254456755174934, 43.37375854928626], [-0.003925534377874021, 43.3934664638352], [0.009655310320461439, 43.422201547264585], [-0.01653409524496999, 43.44394693211105], [-0.03370932429921264, 43.43246529630011], [-0.04274822802160633, 43.410433038551396], [-0.06960017201868417, 43.43296649967561], [-0.06575363832737609, 43.46348011949314], [-0.03395773428648386, 43.4748821154567], [-0.04931853949113948, 43.49246722068145], [-0.040131786150039817, 43.512605402100824], [-0.06439614081942817, 43.54514708135416], [-0.0889353115702106, 43.55720120791489], [-0.09678297320877491, 43.582405897631695]]]]}, "properties": {"code": "65", "nom": "Hautes-Pyr\u00e9n\u00e9es"}}, {"type": "Feature", "geometry": {"type": "Polygon", "coordinates": [[[2.166053682054993, 42.66391836976526], [2.176204944795001, 42.65250633141794], [2.246516821037239, 42.681202948030595], [2.255205048620104, 42.69745713836985], [2.297058357278089, 42.70099502933411], [2.3220061203917695, 42.7077915762024], [2.3573542563069108, 42.730614151700564], [2.352474899591023, 42.76247835717117], [2.3429452475243857, 42.77535071033062], [2.343922918928302, 42.8012178810544], [2.3335924644994988, 42.80438237482061], [2.3271160459779234, 42.83744277583184], [2.382167466090285, 42.848465968894374], [2.4524747607108766, 42.83693276356475], [2.501496510152125, 42.85114590958063], [2.5303296696211732, 42.84330870449564], [2.551517478135935, 42.84669055878725], [2.5979979640054287, 42.83710010473599], [2.665129702318414, 42.836638227667535], [2.680460074219605, 42.83066919623472], [2.7392695852260918, 42.83704183830966], [2.754406508896001, 42.85193277009744], [2.762151578941423, 42.87367587089044], [2.789053819259419, 42.895988728811574], [2.8163773260069473, 42.899968720008566], [2.834726633088116, 42.91226461376727], [2.8652738803519484, 42.91834143726101], [2.8804319367618048, 42.90142601782671], [2.9068743640845423, 42.89581380072565], [2.9176652105086776, 42.88490560680479], [2.976233697434438, 42.870285782323506], [3.043510805290506, 42.8381501142638], [3.039269430432411, 42.799791836114], [3.03866210585288, 42.73115943015552], [3.0354222951214984, 42.678248196502366], [3.037082831998312, 42.62608415053007], [3.0451908300933015, 42.59457922768011], [3.0496064216977565, 42.55014015956973], [3.0571198441096596, 42.5372092844744], [3.0868940108835354, 42.524055488048134], [3.1056245890262795, 42.525593780023925], [3.138121628181151, 42.51489518727693], [3.1229727483854868, 42.50504339919354], [3.1331116175574936, 42.48125477575951], [3.1530067352162088, 42.477776284883916], [3.15732898680088, 42.459432454750015], [3.1741805499682005, 42.435585934319825], [3.120829508201149, 42.43800580748714], [3.085437328583658, 42.42550988123317], [3.0490406236305536, 42.45554617467689], [3.0407621096853417, 42.47314100863664], [3.0125781244014846, 42.46652317375274], [2.988889553374083, 42.4738313841575], [2.9689921541918216, 42.46579130273507], [2.9470269070718653, 42.481801093577864], [2.924481044394249, 42.458389170964374], [2.863516909035993, 42.463685965835424], [2.8414109625242325, 42.45852270899326], [2.814839563839402, 42.43879437507126], [2.799242281304166, 42.41856867596309], [2.771995685896969, 42.412356726628104], [2.7532002138160787, 42.42535725427018], [2.7163026018456495, 42.420861005709845], [2.6737509151182475, 42.40452391803864], [2.6556410417562404, 42.38843162789706], [2.6717654689105332, 42.34117820769783], [2.611297522207988, 42.346807721180475], [2.5778245531567956, 42.357933234601866], [2.5545994607392077, 42.353892840228475], [2.540046438348588, 42.33376082281662], [2.5003079444422434, 42.342911142856316], [2.4829628754848416, 42.33964655377135], [2.4675348643249904, 42.35892180847505], [2.4334621567522774, 42.37709101786132], [2.435482130866189, 42.38887656698712], [2.3491816579437708, 42.40674798977397], [2.3069539494770965, 42.42879201328318], [2.2923910299124817, 42.422979357750634], [2.2567190982902723, 42.43844036451443], [2.2466766500833426, 42.429497661909714], [2.201063478390105, 42.41629324758647], [2.1563417567377465, 42.42342744508062], [2.128866046268498, 42.4124914459525], [2.1151215213189642, 42.38204970639233], [2.08954757389964, 42.37371732752677], [2.0835981014554434, 42.36270013981574], [2.02349649688789, 42.35522663210627], [1.9859066164117019, 42.36204816679774], [1.9605413830047367, 42.39193435465887], [1.9582842085598802, 42.42404869009333], [1.9417298315540916, 42.42966577271863], [1.9353121382830816, 42.45358596021788], [1.9166429808948604, 42.44630507104221], [1.8854520225275206, 42.44929175065031], [1.8814289746097121, 42.459713683305495], [1.8498223891207548, 42.46731551034911], [1.8433623972460949, 42.477143601221265], [1.8030674804478923, 42.48955493039855], [1.7632574952590807, 42.48684429750053], [1.7312197831734901, 42.49274331055303], [1.7262968840513657, 42.51739946334924], [1.735934655538207, 42.55051896327486], [1.7548048574820891, 42.56487435248866], [1.7861250110638969, 42.57362343207788], [1.8010033491172206, 42.57239786027001], [1.8347684364358996, 42.58353364671248], [1.8744850028357225, 42.58140598425563], [1.907286118231748, 42.60862947926328], [1.9361188221910517, 42.60541384031619], [1.9521234354600119, 42.61830326460022], [1.9722426969695992, 42.61714092425327], [1.9969224698605978, 42.66006561399484], [2.0187920574337195, 42.6534170353211], [2.0470193906647904, 42.66358965489304], [2.1114664198303457, 42.666032470916626], [2.127356949655341, 42.672313305937074], [2.166053682054993, 42.66391836976526]], [[1.9600558256458676, 42.4704521123199], [1.9598031610861055, 42.4532613568093], [1.981341106824749, 42.44752720529524], [2.0126921284863117, 42.44834353508286], [1.9865324547331493, 42.475759236261595], [1.9600558256458676, 42.4704521123199]]]}, "properties": {"code": "66", "nom": "Pyr\u00e9n\u00e9es-Orientales"}}, {"type": "Feature", "geometry": {"type": "Polygon", "coordinates": [[[7.635285449703197, 49.0541613551771], [7.674493719844778, 49.045038223564895], [7.707321827434022, 49.05405939239169], [7.732229514556395, 49.044360193628584], [7.7694289796184846, 49.04774245099701], [7.794587260656014, 49.065791918907415], [7.868785609773862, 49.03415707326486], [7.8916198759125775, 49.04759725259064], [7.91670251003609, 49.04096826102967], [7.934626827531663, 49.05780915030637], [7.963045952864435, 49.04293379198175], [7.980055713019351, 49.02611958784408], [7.996711900374363, 49.02835488426032], [8.04922031277792, 49.01418078522583], [8.091376040143569, 48.98925821691501], [8.139803411862454, 48.9784496512654], [8.222736022927482, 48.97597079725059], [8.232836216038969, 48.96697753356419], [8.195800936945588, 48.956207796670824], [8.139135858085103, 48.892894767368645], [8.124578710186213, 48.87069214791491], [8.096320563319823, 48.810383710147846], [8.058939302273348, 48.78881229521909], [8.029130925797226, 48.78647637177024], [8.02282921871248, 48.7683571613944], [8.00494993955973, 48.75878082453401], [7.969723932850821, 48.75544146180311], [7.9631400450945655, 48.7213530972908], [7.890886576122132, 48.663095896501474], [7.83981724689541, 48.6413739851056], [7.828710432304629, 48.61770955816417], [7.804169862129346, 48.59233465434716], [7.800241352793423, 48.57868703631089], [7.807039561191584, 48.5211033498163], [7.794703889606317, 48.50209025324464], [7.768199002101854, 48.489657602973395], [7.764890504178269, 48.456687573980204], [7.7359757519993035, 48.40415792790444], [7.732004052005759, 48.375403413096564], [7.7450285445207925, 48.33566571677894], [7.733240771599047, 48.31779594408542], [7.703153723776976, 48.30881155728774], [7.667802806274936, 48.223910814462734], [7.645993836509834, 48.20894372463805], [7.628420489829124, 48.18234169524649], [7.601153626284707, 48.15837840879526], [7.597069643598031, 48.13314665478638], [7.577312855212316, 48.12036852180279], [7.519368638022094, 48.12611186663136], [7.5125346837248, 48.15232225264574], [7.477457496315403, 48.15656192531237], [7.4675859539752825, 48.16899525405458], [7.476943375699939, 48.20353668428324], [7.44466546317087, 48.21741894982423], [7.408909688142275, 48.224103980885616], [7.397985372184995, 48.23250486975424], [7.3502585424914155, 48.24763679309355], [7.324540354627305, 48.245301227144324], [7.312654881787611, 48.26854265756791], [7.275183721811301, 48.30523478704946], [7.241733352395135, 48.302429901416254], [7.198281537029947, 48.31046786102034], [7.184818696745765, 48.33615437512855], [7.120494270164923, 48.33334864685793], [7.0785233740914295, 48.35107311533077], [7.108026244714085, 48.376989845150604], [7.095873788299803, 48.4270217723305], [7.11688383670396, 48.484885014570324], [7.097693072924202, 48.48762107861984], [7.123165369028565, 48.513592265556596], [7.080630193411291, 48.51267454477156], [7.064487678486664, 48.52339791207404], [7.079359770973246, 48.53641761270014], [7.114376678081027, 48.537389878992194], [7.147094880277466, 48.52694681230707], [7.167909935894842, 48.527596443549314], [7.1924855682726525, 48.54879290260453], [7.2183172603088295, 48.55264406598888], [7.256281654444217, 48.588675507652], [7.256388448234081, 48.60150853250187], [7.278427796440234, 48.625202388791344], [7.270398382732597, 48.63054438708614], [7.30435493964854, 48.6602012988693], [7.2645955424124935, 48.662703775725404], [7.242261522633183, 48.69210964676438], [7.260168326105747, 48.69429915361379], [7.266625221422177, 48.714209030699415], [7.286884538061931, 48.73134414106466], [7.3064497001602975, 48.7691099850618], [7.291233271693293, 48.79399531609868], [7.262026914660001, 48.797761488092036], [7.228655644882326, 48.828038818777635], [7.196675525429877, 48.828301758643974], [7.195876686739622, 48.840397988184655], [7.149408408912651, 48.84470403837187], [7.146671555297553, 48.82130284961471], [7.1231658021967155, 48.80450097964112], [7.088166864000689, 48.79249269644048], [7.079303305840072, 48.81404016744667], [7.054514540544794, 48.813704386223854], [7.051334597348638, 48.84628529036997], [7.086623738193806, 48.847740597072104], [7.081165552464466, 48.864100481733125], [7.050249140492324, 48.85934342449812], [7.044405156028646, 48.87353491651631], [6.988916052470446, 48.8911922591983], [6.964601688658047, 48.90452526765522], [6.955547179403453, 48.922319717315936], [6.978894125394516, 48.93334137925148], [6.98921640979739, 48.95992878867804], [7.032219488521415, 48.95604910228417], [7.038359726746952, 48.99687346466287], [7.05300726402484, 49.00729189414574], [7.054911912536333, 49.03061918771655], [7.078659891943001, 49.05036062768427], [7.068107134587352, 49.066879969038716], [7.103885148469087, 49.074161754697926], [7.108081132396537, 49.04341471828652], [7.119477346819226, 49.03721652969957], [7.130505931552783, 49.00459350678602], [7.174240270723143, 49.006365681338195], [7.209311457091751, 48.9800881370531], [7.236031367305892, 48.987818615118876], [7.293949845247019, 48.97157404948427], [7.326851980608823, 48.943372742020955], [7.358876660684313, 48.95760287154302], [7.392311568753424, 48.952706941018526], [7.451630239981024, 48.967962755037526], [7.479572330825655, 48.96139105276517], [7.50187360937539, 48.94425222519554], [7.533247825039657, 48.93350273583194], [7.57839213753989, 48.95740241810784], [7.591218725544888, 48.993724868247604], [7.609553546221074, 49.02123201245433], [7.6400276339065405, 49.049114242922506], [7.635285449703197, 49.0541613551771]]]}, "properties": {"code": "67", "nom": "Bas-Rhin"}}, {"type": "Feature", "geometry": {"type": "Polygon", "coordinates": [[[7.198281537029947, 48.31046786102034], [7.241733352395135, 48.302429901416254], [7.275183721811301, 48.30523478704946], [7.312654881787611, 48.26854265756791], [7.324540354627305, 48.245301227144324], [7.3502585424914155, 48.24763679309355], [7.397985372184995, 48.23250486975424], [7.408909688142275, 48.224103980885616], [7.44466546317087, 48.21741894982423], [7.476943375699939, 48.20353668428324], [7.4675859539752825, 48.16899525405458], [7.477457496315403, 48.15656192531237], [7.5125346837248, 48.15232225264574], [7.519368638022094, 48.12611186663136], [7.577312855212316, 48.12036852180279], [7.579959302676986, 48.1060241628568], [7.569229918944941, 48.08140103227969], [7.571623278915894, 48.03037963253785], [7.605442849614272, 48.00375666733687], [7.622090012011825, 47.972273158282675], [7.583289971638735, 47.93111867339603], [7.583517659704031, 47.90164054665845], [7.556704620769357, 47.87994110574265], [7.563546061062802, 47.85213451656705], [7.531259755609871, 47.786758092739966], [7.5322376356790635, 47.768103948729824], [7.548078387714247, 47.73958664484275], [7.543471717716171, 47.7219511962019], [7.513752001020271, 47.70281805790175], [7.522345790100707, 47.662321489849276], [7.566467478798788, 47.63289794133456], [7.592166196122287, 47.595364230897054], [7.5847059048213925, 47.57726432341283], [7.506109699820528, 47.5443371916087], [7.5252484411100795, 47.5198644991559], [7.507326934833388, 47.5152130072166], [7.506753671499357, 47.49563386052678], [7.486855374527259, 47.48173332111362], [7.434560148747173, 47.497929056791456], [7.422690550181342, 47.484388198189606], [7.4501432999503265, 47.47529024914208], [7.420293972815237, 47.44542252005264], [7.380947797110134, 47.431864331193985], [7.337556330611329, 47.44091115313276], [7.281541911285926, 47.43421552862775], [7.2462970616937685, 47.4222020998741], [7.232812984772371, 47.43881243982562], [7.206682632158959, 47.43482071398383], [7.170823146393291, 47.444351795572196], [7.18658232857427, 47.491228297146144], [7.158949175727589, 47.49075866687029], [7.130345969302944, 47.50302658239207], [7.135819374783416, 47.53646303183533], [7.106219108143236, 47.55138203283421], [7.086270201422721, 47.592562199657216], [7.064719544691056, 47.60105755104757], [7.025415883306456, 47.59267760605909], [7.004983231421509, 47.61938273174142], [7.018871382727326, 47.65067487496959], [7.046314752908177, 47.67150171047833], [7.026487154962489, 47.70099973832609], [7.0374240128839105, 47.72163936009252], [7.011758808530528, 47.741727719619604], [6.971172049261423, 47.75268332188395], [6.940432511420332, 47.77156566113129], [6.924003092082664, 47.77046856849051], [6.862439977221479, 47.786366479297826], [6.848453009671943, 47.80186631777955], [6.846179818400714, 47.822945196999186], [6.897600863366078, 47.8375646687869], [6.920047718110646, 47.85028746971086], [6.900213335139267, 47.891191372710956], [6.927825935367718, 47.90821058120768], [6.920755573390488, 47.942921686407516], [6.943356419805964, 47.99795794686154], [6.961410552710714, 48.000261282588426], [7.001883743858899, 48.0223990958155], [7.029803015827174, 48.07190490436478], [7.047595780380201, 48.08006166786818], [7.084162370831343, 48.12921286268667], [7.058017510455936, 48.13770265802238], [7.085332018879333, 48.18087313160711], [7.117505784718491, 48.207992451661525], [7.147824517541642, 48.263892801246804], [7.159489565642163, 48.268753563588], [7.172440378133587, 48.29748024360684], [7.198281537029947, 48.31046786102034]]]}, "properties": {"code": "68", "nom": "Haut-Rhin"}}, {"type": "Feature", "geometry": {"type": "Polygon", "coordinates": [[[4.388079599211451, 46.21978851671503], [4.392045244906183, 46.26302385998399], [4.405813600867752, 46.29606050757099], [4.458369104418381, 46.29697584037131], [4.488464517812633, 46.28799447923909], [4.504000511619177, 46.26712967638222], [4.537259095086993, 46.269909752755986], [4.557791734390365, 46.294551693366884], [4.58651066847238, 46.26869366799675], [4.618564521857389, 46.26479290298609], [4.617019082985369, 46.28062156129126], [4.6546541224676705, 46.30348939899555], [4.688792316232356, 46.30134017113633], [4.707543694868305, 46.2846591310526], [4.679555470888074, 46.25866738898982], [4.735773074768783, 46.234243689563726], [4.720630389105726, 46.22239538927804], [4.735252824806332, 46.210851459521535], [4.7208781171109155, 46.19392061792661], [4.730529789085251, 46.1783721277199], [4.757472202390895, 46.17225721411849], [4.780213475718984, 46.176677022719375], [4.802383406855843, 46.15689004179432], [4.7974461577782055, 46.14070125939972], [4.74842216438804, 46.092116678231136], [4.76168298760261, 46.068835281873454], [4.739924532383598, 46.044545739209596], [4.74583632453276, 46.03479022524953], [4.754510768697905, 45.972272809968736], [4.729096921230878, 45.94909221230217], [4.737325990745241, 45.938166671490364], [4.771751698096339, 45.939227157903346], [4.7885556818887975, 45.92396575312498], [4.805862172264801, 45.921565090394125], [4.805177333218323, 45.89632861459743], [4.8480352687938995, 45.91297548186924], [4.88069852397936, 45.897169382005984], [4.88382693945437, 45.879994069300665], [4.909016569606379, 45.87410386475139], [4.9012173780094885, 45.86033670744545], [4.916119464335568, 45.84545668995466], [4.918340642420571, 45.80702873296715], [4.963083585101699, 45.81097052424602], [5.013451311336389, 45.80505705540713], [5.044790298055403, 45.8117360670572], [5.101067478338776, 45.81337808264365], [5.089312645190639, 45.784275022180616], [5.059330594890989, 45.79197852353507], [5.068368951685849, 45.765473881827624], [5.093091174921406, 45.766089791057205], [5.094526879742294, 45.739453359509234], [5.126011929215237, 45.73790916787724], [5.159431081299061, 45.7088530167123], [5.131061214476138, 45.7077086126494], [5.1081318769103605, 45.68802493937274], [5.059543480830934, 45.66509793238911], [5.058062092364437, 45.65324362294234], [5.035148740524161, 45.63720294798379], [5.038083762231331, 45.61507172104689], [5.0047455923475, 45.62311113752578], [4.997963145407583, 45.60341491364353], [4.9719731415095545, 45.61268302966118], [4.927527809638902, 45.605706962994894], [4.901457719834113, 45.606267804658444], [4.864457684448963, 45.59360146128447], [4.85277784466551, 45.57887851405256], [4.828114865183135, 45.58789311790868], [4.808696981728118, 45.5723005698916], [4.840117013694024, 45.543291913290595], [4.864438371893341, 45.5373424891419], [4.868481734036511, 45.5234402120416], [4.8412638959614664, 45.50060628572331], [4.782279555986659, 45.47220452723034], [4.775917949204341, 45.45421052340817], [4.756935570818616, 45.45570734978024], [4.739409870606086, 45.48659464798714], [4.721827573373719, 45.49439543048306], [4.700228209366997, 45.478251319676815], [4.661754663860458, 45.486753449800155], [4.6505036163787885, 45.52825095564595], [4.684974417954742, 45.55444421417092], [4.672311111048541, 45.5702781100426], [4.636946590180618, 45.54563402439237], [4.625186588148891, 45.5690598812714], [4.582929001860563, 45.57473357946033], [4.568607549526933, 45.583472510511605], [4.521074741734986, 45.57279549516226], [4.501195680541532, 45.585509531030695], [4.44944567617998, 45.607317262662356], [4.440485898400948, 45.62348155684874], [4.410284239143385, 45.632050806327356], [4.391675108287153, 45.6629035906777], [4.365920195904948, 45.67115339597], [4.3738410092708815, 45.7118281564325], [4.397995092909568, 45.751428954900874], [4.373503657509452, 45.74949633164302], [4.3493620257561165, 45.77130357540371], [4.375871288793124, 45.782079121045285], [4.376223580241809, 45.82463846230085], [4.396210392438567, 45.860049159409144], [4.357305400190197, 45.867818212138175], [4.342152967764877, 45.87717650941675], [4.32322164118184, 45.90393193479993], [4.34541858135298, 45.915369145765204], [4.34518756578921, 45.928106708428984], [4.293912264205216, 45.95339953385285], [4.298100713331312, 45.96566297835176], [4.249195496150678, 45.9953837193519], [4.300566276670547, 45.99131120846098], [4.312509748657016, 46.00559232184622], [4.262156206087431, 46.0353981231568], [4.254288650960761, 46.05273202617171], [4.285739765481103, 46.05353257676386], [4.309660723089374, 46.079736904576485], [4.306153355734185, 46.10204949110961], [4.321566636697419, 46.1292227390098], [4.361588426954295, 46.13845862089166], [4.380275754005176, 46.150004219111246], [4.410785750373344, 46.13662430946693], [4.438590902796802, 46.16787882969539], [4.395991931108271, 46.18913351748368], [4.422612723182659, 46.2025561207876], [4.388079599211451, 46.21978851671503]]]}, "properties": {"code": "69", "nom": "Rh\u00f4ne"}}, {"type": "Feature", "geometry": {"type": "Polygon", "coordinates": [[[5.884726375202079, 47.926047148569474], [5.900112413513003, 47.94475092005572], [5.918042584312377, 47.94735978283618], [5.918281347414071, 47.9655809864854], [5.9367444429976315, 47.978872441043904], [5.95951518224341, 47.96583761413322], [5.937717530374109, 47.95093996886656], [5.9537128429228625, 47.93703033418094], [5.9707779241858585, 47.95720515925631], [5.994585023938386, 47.957843619961515], [6.023512782425089, 47.97819459549159], [6.0411805356860935, 48.004423104387435], [6.131397185816461, 48.024084417358715], [6.156025724419171, 48.00640454629518], [6.1523863211856415, 47.99509120117254], [6.167984818891344, 47.95235039236555], [6.193308012990422, 47.953186926635745], [6.208333130052072, 47.93959154159432], [6.237987058178878, 47.93284210198345], [6.27733365541217, 47.95380917897212], [6.324502244506514, 47.94927719089294], [6.366159798724643, 47.96194440724777], [6.43172063760481, 47.94381556163065], [6.455958900669549, 47.90676595953145], [6.476305388045899, 47.89135525473161], [6.5421528235861155, 47.90261056529581], [6.563418085973325, 47.931389307581], [6.6073149335019385, 47.943147742357816], [6.641076475620301, 47.91580834582307], [6.643740194905068, 47.90503177099352], [6.703673452230481, 47.88141530820336], [6.737768277119198, 47.8615661276394], [6.784821909572192, 47.84962275516846], [6.792206691054161, 47.830065844691816], [6.823538854548165, 47.81305372458858], [6.811469860026116, 47.796038470605524], [6.785629179422312, 47.78207231453601], [6.757638483670512, 47.747877966474704], [6.756625698295901, 47.72444662113829], [6.772570902276831, 47.71163343375122], [6.781911060840567, 47.687677725049234], [6.776099673752326, 47.668572918052455], [6.80103447418288, 47.636044219886536], [6.780404771904786, 47.62526070544475], [6.804959146951254, 47.582108256125515], [6.80700533167707, 47.562801384972], [6.797499350037713, 47.5495126825397], [6.767404952407747, 47.538017268556935], [6.738845896180387, 47.55702322452207], [6.715410264318535, 47.55291548061491], [6.670176179849052, 47.55789898345777], [6.646719240296149, 47.53526063805599], [6.6108754443878, 47.530375696762064], [6.581373134078281, 47.5439823802077], [6.568287888950471, 47.53296730090853], [6.583644236898135, 47.50998705821796], [6.573512260277363, 47.495493621813196], [6.55356252302069, 47.49279726215029], [6.534536369742796, 47.50605436714645], [6.5183760537344355, 47.49650598459375], [6.495895471628419, 47.50568894568784], [6.475912751751343, 47.49653791477729], [6.463493609157821, 47.51211727914121], [6.4176533951113335, 47.52107576002842], [6.3343537374171, 47.50596607053227], [6.280184223466656, 47.44396949481327], [6.2635413933118995, 47.446113357872484], [6.256322884311814, 47.42460267369418], [6.227146778558152, 47.421361759224745], [6.20045182507361, 47.4291448308537], [6.159315835079816, 47.38763809750605], [6.118643218077476, 47.39516918586829], [6.080045800270596, 47.35403647497674], [6.038905360008941, 47.345543807863976], [6.031152213443059, 47.337818639776025], [5.979565477765114, 47.32599225383308], [5.965726777821383, 47.33714799401978], [5.926973317778065, 47.344842696907314], [5.908850384555448, 47.33130809335063], [5.860063369485741, 47.31441371512956], [5.84401524176912, 47.30002560772319], [5.783911882300601, 47.29062859459643], [5.772794289154126, 47.27839174115347], [5.732304584331136, 47.2635708244963], [5.698725742766405, 47.264996774959506], [5.67598472782394, 47.27574753150103], [5.641087079328796, 47.255902139031384], [5.602110210787404, 47.26053058449396], [5.574464664810694, 47.25405893079992], [5.572097032797981, 47.2684421265039], [5.531653812708307, 47.28437396080552], [5.518538729512594, 47.30418661945213], [5.4722397259852755, 47.31697205065742], [5.4927946655161906, 47.33207816699496], [5.487995511763959, 47.36201125941915], [5.496952532848246, 47.390117858136], [5.477377417366495, 47.39529212690571], [5.451397515008267, 47.38406251344994], [5.432338107070534, 47.438347264883], [5.406499562267299, 47.4618228232386], [5.376587470082713, 47.46467984209965], [5.399215772340755, 47.49901418953457], [5.447063511552309, 47.496253655345264], [5.471680911081918, 47.527461847421854], [5.486403857432212, 47.526968551040035], [5.497062180458679, 47.55418172115122], [5.477547427463133, 47.60872207289565], [5.425594945399527, 47.63207432012174], [5.39980448309253, 47.597153502136244], [5.374078595885573, 47.60454165278582], [5.37317594209649, 47.61838294374159], [5.405745536478159, 47.646866141018315], [5.406342872021028, 47.673400744473895], [5.4460337898832885, 47.67077575883233], [5.482567919490752, 47.684602874896335], [5.529778304397354, 47.67282923798152], [5.567204936430051, 47.70523436852804], [5.585005103022503, 47.69979015765272], [5.596682241448045, 47.67168603172257], [5.6534056633858105, 47.67738242296545], [5.690079801415203, 47.684838574927916], [5.684123936651815, 47.711966155758596], [5.693342993991239, 47.737537821735295], [5.709442412269412, 47.745127245662815], [5.705093217659827, 47.76911094285444], [5.679969716046147, 47.769967881716525], [5.681940162654595, 47.806412809419605], [5.699885101970957, 47.82390335263593], [5.732629873750381, 47.81759710089163], [5.746056257349712, 47.82359612703334], [5.744128331452809, 47.84867639845901], [5.76119123886598, 47.85933449216956], [5.805624457872526, 47.847311152266364], [5.851317308296247, 47.905988473584586], [5.869970150074121, 47.900706913078324], [5.890864473987194, 47.910829841401245], [5.884726375202079, 47.926047148569474]]]}, "properties": {"code": "70", "nom": "Haute-Sa\u00f4ne"}}, {"type": "Feature", "geometry": {"type": "Polygon", "coordinates": [[[4.1159670699158095, 47.12333757652634], [4.153771215900621, 47.11455697541982], [4.171903802407782, 47.11744504627446], [4.187112897689929, 47.133641259369064], [4.1819015999311935, 47.15050500507014], [4.209834279044644, 47.15541168354448], [4.235126114423698, 47.14567232864916], [4.254511023751104, 47.117244891665926], [4.2732057577392935, 47.10846860042988], [4.349384584855175, 47.09695260404792], [4.344250468382807, 47.07243028540817], [4.401611638839053, 47.08266237195949], [4.406283415170733, 47.049999892555], [4.42831764695131, 47.03978832160757], [4.453754603542757, 47.04180317977088], [4.488156368101142, 47.032053991768684], [4.5067016541013825, 47.01322725598124], [4.554809047275526, 47.02005452316086], [4.573661325177989, 46.97338633863404], [4.589560484494725, 46.9557070191566], [4.623230215613321, 46.94082023678555], [4.650119701990474, 46.94126696425738], [4.6790861065904545, 46.93024007090235], [4.66452477880559, 46.914160146408875], [4.685479824630714, 46.90086027628975], [4.715721115401545, 46.90691597166802], [4.728129651701318, 46.91937462593793], [4.780547505930617, 46.91818028344327], [4.7884658140953436, 46.931872716902944], [4.893911988532932, 46.951172459049864], [4.896071329118784, 46.96624020620316], [4.927494382962588, 46.96753853170502], [4.994466553308194, 46.959149599506034], [5.0034065361874065, 46.972143943970465], [5.049303736126251, 46.98158693341567], [5.0762583071667144, 46.95939003098176], [5.100252102348397, 46.95598327083581], [5.1243390082418205, 46.963720125840524], [5.166234471151257, 46.963868398378764], [5.181859259011498, 46.97482345386571], [5.222006075229213, 46.988855497295], [5.255236339191406, 46.97988809464049], [5.260170972283091, 46.94558220686418], [5.274765609317477, 46.93484664855668], [5.308497060036723, 46.93735552157344], [5.306862019346935, 46.92461572569682], [5.328705057646148, 46.8902268196612], [5.3633777404924405, 46.88326000729678], [5.390761534745653, 46.89436876615946], [5.403416904275394, 46.88995270444294], [5.401826175213913, 46.868321923377145], [5.418370968481785, 46.86028266347864], [5.4592864241149215, 46.855244785634916], [5.462804105486921, 46.84077447546622], [5.4488892034635485, 46.82627111311263], [5.409821779763356, 46.83254621337176], [5.3285860378953895, 46.8129521008927], [5.3329251666131325, 46.796100557884984], [5.352854015210384, 46.793190147243955], [5.390414912053985, 46.76783202725685], [5.366370235232235, 46.75127756992356], [5.361096638423232, 46.73098281339333], [5.393640625030492, 46.728633357928615], [5.407751223773992, 46.69588136597287], [5.395359314315539, 46.68505154004584], [5.422089954439316, 46.673031501871684], [5.415503039920619, 46.654982421219465], [5.441107903009741, 46.637540014709465], [5.417107587832548, 46.61545539475532], [5.405690744011141, 46.58167055755078], [5.369638182241569, 46.58033249938761], [5.359203918767164, 46.52256069453744], [5.384819294338149, 46.51562428945251], [5.40775059526701, 46.50005419367624], [5.415741925117894, 46.47313865941284], [5.373305922688233, 46.460100694018294], [5.3233509593207256, 46.462505958303325], [5.310560613770375, 46.446766420719875], [5.25581668314639, 46.451923595866475], [5.215064143095116, 46.46835927312158], [5.201145471995378, 46.50821850614692], [5.172664602566099, 46.513447365613864], [5.137248163610305, 46.509322673438184], [5.107377093416356, 46.49191576160186], [5.056433075236103, 46.48392614751307], [5.027777929725955, 46.49358075779722], [5.004307716480809, 46.51041518184386], [4.935598865656449, 46.514228992728945], [4.915557341962093, 46.48894113481689], [4.915786922554027, 46.465410523692164], [4.891817622919295, 46.43991436571944], [4.8882077017045455, 46.40298160185766], [4.851457022538043, 46.35626925172072], [4.852756157390729, 46.328199775494426], [4.831827095028622, 46.29688694217226], [4.825956808265179, 46.27478753204555], [4.810994882268941, 46.25992151697563], [4.807756868341096, 46.23696871115128], [4.7945808953124605, 46.21831635025701], [4.780213475718984, 46.176677022719375], [4.757472202390895, 46.17225721411849], [4.730529789085251, 46.1783721277199], [4.7208781171109155, 46.19392061792661], [4.735252824806332, 46.210851459521535], [4.720630389105726, 46.22239538927804], [4.735773074768783, 46.234243689563726], [4.679555470888074, 46.25866738898982], [4.707543694868305, 46.2846591310526], [4.688792316232356, 46.30134017113633], [4.6546541224676705, 46.30348939899555], [4.617019082985369, 46.28062156129126], [4.618564521857389, 46.26479290298609], [4.58651066847238, 46.26869366799675], [4.557791734390365, 46.294551693366884], [4.537259095086993, 46.269909752755986], [4.504000511619177, 46.26712967638222], [4.488464517812633, 46.28799447923909], [4.458369104418381, 46.29697584037131], [4.405813600867752, 46.29606050757099], [4.392045244906183, 46.26302385998399], [4.388079599211451, 46.21978851671503], [4.362151387631787, 46.195596184477786], [4.3157404325049695, 46.17203342079279], [4.292313251311721, 46.17248235017095], [4.2818305705425415, 46.156597324529926], [4.257119428326002, 46.157287705187656], [4.257372590726873, 46.18473517832983], [4.224689888463, 46.177995310819746], [4.207908679923857, 46.194835796707316], [4.18453492610967, 46.188021124528625], [4.188443814996147, 46.17512895597164], [4.133393277727922, 46.17732129820146], [4.104090700200876, 46.19839492284894], [4.051958867651804, 46.181688397585496], [4.0304983004444725, 46.169772418692666], [3.9817875015959623, 46.176336440402444], [3.972545422490283, 46.20271202778806], [3.9135641774619283, 46.20692040053432], [3.8901323277345172, 46.21449064143864], [3.9094002908986636, 46.25772625699907], [3.8995333931893303, 46.27590543921817], [3.913568325901341, 46.29667714620525], [3.947724671420121, 46.303449323036666], [3.9501794500141676, 46.32060215408413], [3.9866257932147806, 46.3191937873956], [3.991608290169238, 46.36963488772235], [3.9772154801510964, 46.399224593839804], [3.996095243061049, 46.42738316091883], [3.988140931065446, 46.43545798547263], [3.9980416518372484, 46.46546757106011], [3.957937642803863, 46.48975562185932], [3.9189689867502246, 46.49606391967711], [3.8904705648097098, 46.48125092995184], [3.861780077410741, 46.492069790934515], [3.864628432284858, 46.509716167248044], [3.839759641886244, 46.51756472437794], [3.8340059039329697, 46.53113227681354], [3.8017563441985818, 46.51989955458826], [3.767456276915371, 46.53900905290684], [3.741846977514427, 46.539511127662195], [3.731542528360726, 46.54958181729057], [3.743101843011838, 46.56549988100001], [3.732377738592808, 46.60491072152218], [3.7138789586356697, 46.613996147529015], [3.712149662452129, 46.6336280503392], [3.6969523102437005, 46.66058216583623], [3.6689793976266167, 46.67350816429054], [3.651395777587073, 46.70281985671478], [3.6379005417614154, 46.707208771712054], [3.629423683496518, 46.74945902193754], [3.638852795875816, 46.7414291297393], [3.6764513769021243, 46.738863704610445], [3.73619002089105, 46.75247120098576], [3.783666045566592, 46.736048122663426], [3.797329518692337, 46.70150263714515], [3.8260957715927075, 46.70391953563021], [3.8446585970830824, 46.720902226508414], [3.886217784502878, 46.72736946397975], [3.9268461357095314, 46.73932209846788], [3.9632215617966824, 46.76602786916393], [4.033374685377483, 46.787597067958394], [4.062709832615211, 46.78936469128212], [4.056234450174584, 46.843272376735854], [4.10088702370378, 46.859107279954316], [4.093851364443379, 46.8747343332292], [4.063541781254885, 46.898637142134945], [4.047930985015345, 46.899770705295666], [4.037221978317054, 46.91815560684184], [4.055716129773101, 46.956751483000446], [4.039401951235417, 46.98511001230653], [4.014415061270238, 46.97247440888245], [3.9951563121844047, 46.9853110258271], [4.0314701513696285, 46.99832730189447], [4.054940156290852, 47.0126839142093], [4.0565135025792305, 47.03590917660347], [4.068333453149657, 47.060849772300685], [4.038726355028209, 47.08001003428516], [4.06142733788571, 47.121041664100176], [4.093453790716921, 47.11837533659616], [4.1159670699158095, 47.12333757652634]]]}, "properties": {"code": "71", "nom": "Sa\u00f4ne-et-Loire"}}, {"type": "Feature", "geometry": {"type": "Polygon", "coordinates": [[[-0.05453120471342586, 48.382003457815514], [-0.04462899093295152, 48.379755379925435], [0.0033707584170527497, 48.39598744941706], [0.020988775959532427, 48.38019902542899], [0.06252414284954447, 48.38302768487248], [0.0686800642491165, 48.406668571805646], [0.09917026625350714, 48.41035346558878], [0.11624508246972709, 48.43555379652284], [0.1513148609685129, 48.43722944549019], [0.17216701037378906, 48.46478849710128], [0.18981014616858835, 48.46189487699406], [0.21796784681891437, 48.4738014493765], [0.30023976976312095, 48.480570774759265], [0.35577910790038714, 48.4582196404425], [0.38155707814654405, 48.42516246095979], [0.3717304119271855, 48.41045271670545], [0.3831416441494548, 48.35506581259146], [0.3826045470591668, 48.33382739375671], [0.4062188750511576, 48.31462381799055], [0.4313327796769827, 48.30663773892564], [0.48757228180388706, 48.307800269630285], [0.49456203378441577, 48.28681219277962], [0.5303066115723511, 48.265500468342935], [0.5359730618565085, 48.24984731423508], [0.5791940330516644, 48.24436715365327], [0.6236114391567086, 48.24531365157172], [0.6531564634145168, 48.26370008686643], [0.6754723126802372, 48.254743451079044], [0.6954713879467597, 48.236330986094266], [0.7236370295054257, 48.198143278755104], [0.764084678712686, 48.181597068873735], [0.797655838494225, 48.19445221754921], [0.8367739335625146, 48.166991974853865], [0.8619836907733601, 48.16682130452495], [0.9116186783263119, 48.14886135015183], [0.913802022562964, 48.13512781830264], [0.8525696983122546, 48.133605674559426], [0.8412172317044129, 48.10306240932052], [0.8430226369432118, 48.07264184794484], [0.8011883732648392, 48.0715172542445], [0.7975514233427093, 48.03724057968432], [0.8405346727531238, 48.021049640847735], [0.8323705747596303, 47.996592919852844], [0.8186564019800159, 47.9892543363892], [0.8376537080820077, 47.96869214349436], [0.8454683997304765, 47.9413323536207], [0.8171444727137281, 47.93447148791446], [0.8091382962389404, 47.91066255080899], [0.7805065684044099, 47.91037691407999], [0.7573343557395469, 47.8911737517487], [0.7745788175007324, 47.83968729513432], [0.7452461943264459, 47.82624263074177], [0.7248506777855144, 47.79889099623824], [0.6512736394121261, 47.75525397111593], [0.6207093570907236, 47.747478130583154], [0.6116040970811059, 47.728130849502094], [0.5805178732790718, 47.71232800971273], [0.6144311990931555, 47.69421364605317], [0.6148109083098767, 47.682749216116356], [0.5847693599955615, 47.66857981952678], [0.5599236683507411, 47.67081925112141], [0.5446201655241357, 47.656594675363216], [0.5168171483414108, 47.6548633763592], [0.49841790772099426, 47.644762985249095], [0.45663070361835445, 47.63882641156769], [0.449927725905683, 47.619326961976206], [0.4239064036884163, 47.61782807903746], [0.396250654091774, 47.640846063055804], [0.36465541592168343, 47.62601597769362], [0.39696475621012467, 47.59398591871484], [0.4025770030261876, 47.57851243241093], [0.37848363992659617, 47.568525933307754], [0.3395858922127171, 47.579470515833165], [0.32305499229698215, 47.59299821090531], [0.27798986367452727, 47.59737754800952], [0.2592506238809073, 47.61225007215638], [0.2300017263531844, 47.60839829191704], [0.1857971097487886, 47.61573515835152], [0.18492077212499186, 47.599519723895675], [0.13984161379263732, 47.59111878052602], [0.11568518986526223, 47.60572820554534], [0.05165930848592442, 47.606515201700375], [0.01704033105751261, 47.62110138156107], [-0.004507638464452976, 47.64768842379034], [-0.05468293127308542, 47.64842261886652], [-0.07177191841107244, 47.658369330035505], [-0.1075909106103418, 47.65528707795732], [-0.13610057418750457, 47.634067825440376], [-0.15714474625449978, 47.64556263174295], [-0.19315724780649848, 47.6479165803738], [-0.19505682505367974, 47.66137704033336], [-0.2201912638722686, 47.68962152946947], [-0.20031003076883538, 47.69468965521296], [-0.1823177464697087, 47.712899554202], [-0.20237319489976208, 47.7252424835264], [-0.23897070389904987, 47.704236533845965], [-0.2867043357584838, 47.7193267262097], [-0.3340636977656885, 47.72116613990195], [-0.3749413527409204, 47.739263349746885], [-0.3817032700427246, 47.76056283993387], [-0.3754332123417834, 47.76723904317632], [-0.3882005825686289, 47.80531865639091], [-0.43408017720781095, 47.80905444470248], [-0.4478589178811479, 47.832216379452724], [-0.40938712543111205, 47.858367062871636], [-0.3743813069594822, 47.85830770196427], [-0.37698156137550093, 47.887202712966676], [-0.40516479150867374, 47.89292797578798], [-0.40710509590818, 47.91084268048501], [-0.39622906190687696, 47.92596685050878], [-0.37509534291502034, 47.93272853592671], [-0.33832856883634976, 47.93101420361583], [-0.2953214951501512, 47.944001512102375], [-0.2826331784456301, 47.958191807392794], [-0.3160042679648186, 48.00526279935535], [-0.3399323890629896, 48.01160216696548], [-0.31721069812097374, 48.04509335726533], [-0.27144577462211034, 48.06524304546605], [-0.2309424436035576, 48.058985357486335], [-0.22496575471956115, 48.0740005169816], [-0.23852128063613662, 48.08512943952702], [-0.2164164207043083, 48.11373479657783], [-0.25380835722539496, 48.13652925202679], [-0.24992127138834272, 48.157106805241526], [-0.1989536608764294, 48.17827619579444], [-0.14683706738655639, 48.205008919837425], [-0.14518119273289676, 48.224233621433555], [-0.16095933457080433, 48.23880560928454], [-0.162366087633251, 48.26001034242559], [-0.13808698398432823, 48.2934339795153], [-0.15462051452709383, 48.31399248085133], [-0.15624187430084163, 48.33878308965111], [-0.1322639799404977, 48.34367891800192], [-0.13797809431803487, 48.36135559567944], [-0.11216445619965741, 48.37424593844257], [-0.07781568991642306, 48.369011884149366], [-0.05453120471342586, 48.382003457815514]]]}, "properties": {"code": "72", "nom": "Sarthe"}}, {"type": "Feature", "geometry": {"type": "Polygon", "coordinates": [[[6.802516663522652, 45.77837197402193], [6.808418511070923, 45.72515343860933], [6.847748586989986, 45.68937749599125], [6.906506784191486, 45.67456031820136], [6.902142336705646, 45.663739451343055], [6.934608837460737, 45.64709230917702], [6.966679928899032, 45.65406247996058], [7.000690534148291, 45.63990159437462], [6.98785713700158, 45.62484030507284], [6.977853982998437, 45.58988711838748], [6.995382953276822, 45.57564160818661], [6.9915063165642675, 45.531275223900984], [7.005311787943923, 45.51709673862955], [7.000331708478394, 45.504417196582274], [7.04452030151899, 45.497242723763186], [7.045847872850837, 45.478350392863504], [7.0997891354009095, 45.46943936219543], [7.113516455211971, 45.43419468733109], [7.152242832761182, 45.42319920873864], [7.1842747748936695, 45.407480631519924], [7.165149366142358, 45.383396585908265], [7.161662218042757, 45.36245350123881], [7.137734008933981, 45.35080736839848], [7.134719719291083, 45.33124412917526], [7.113617028522963, 45.32868608867201], [7.121796569398171, 45.296222432254126], [7.136428084679232, 45.28079531076303], [7.137753498643515, 45.25686099638962], [7.106506545205386, 45.239259844510855], [7.067342157688226, 45.21008321740584], [7.051179482821824, 45.225331224056454], [7.019992318063418, 45.21587387777123], [6.965752237821794, 45.20795099681965], [6.954190330678925, 45.17961083467822], [6.930266678221192, 45.17096314110703], [6.895349577041668, 45.16846478638608], [6.884108906250159, 45.15674060434921], [6.89437780212641, 45.13736971507668], [6.847887829330167, 45.127201835901765], [6.812274904701698, 45.14835683817089], [6.767947891773147, 45.15974332272096], [6.738956139264719, 45.13683144319859], [6.711286195179388, 45.14475992733128], [6.680067352474279, 45.14012497136189], [6.672462233861758, 45.124412299122746], [6.6299873381374725, 45.1093269281999], [6.615550094957373, 45.12147775227429], [6.57653069592537, 45.12309720037721], [6.55601396596344, 45.104195104315984], [6.529708447474563, 45.09856919735164], [6.510979894458294, 45.10875068557236], [6.480384256020366, 45.09079271505677], [6.486234598441578, 45.05607309559144], [6.451799595532319, 45.05172052616644], [6.438596097282185, 45.06258355349038], [6.393914586674507, 45.06181851097421], [6.364877554955543, 45.07017079687575], [6.373529600716985, 45.08414824428705], [6.362935515883446, 45.10449356656247], [6.3312977067397425, 45.11812379084807], [6.299216785815758, 45.10855211143577], [6.260566197557925, 45.12684791386632], [6.265373167502132, 45.139612058658614], [6.248933790379999, 45.14966269770901], [6.227710427654607, 45.142718202360385], [6.189207693158913, 45.163732283277994], [6.16131722681015, 45.151009138334466], [6.143789597164076, 45.15455037021851], [6.161919245441667, 45.188407230805964], [6.159477588169717, 45.202453059383735], [6.125696481423486, 45.244270268835855], [6.140875621531491, 45.261921460435985], [6.131944929909637, 45.288287215984546], [6.160203556675586, 45.31249020082116], [6.1844503207792245, 45.31794850760671], [6.194758976954228, 45.35224190534863], [6.177450938299202, 45.39316148783122], [6.144660957447894, 45.41359714609229], [6.13250773126349, 45.43338472055341], [6.097443053810049, 45.43210624582376], [6.090976636521003, 45.444017712369956], [6.049753851710852, 45.43791952965108], [6.008517618674313, 45.45384805163827], [6.010911085643492, 45.4732028948577], [5.991189721035916, 45.47515424577151], [5.966169653050879, 45.49230872138139], [5.915370443544101, 45.47644734987887], [5.92551858695235, 45.46607303539041], [5.9205757281996165, 45.446107810736585], [5.901623412018766, 45.41803604702067], [5.909619159426924, 45.3904002917266], [5.891004502554541, 45.39221582440636], [5.8797384015593375, 45.406796712103805], [5.854272829475331, 45.41656686156957], [5.820296539907869, 45.421184335243574], [5.782081150720109, 45.44065533936711], [5.740104011811925, 45.43734623286918], [5.731970000928497, 45.45281667211181], [5.73637233564262, 45.47254042424704], [5.719054346580329, 45.48422397831694], [5.71223316468065, 45.505057950484435], [5.690155380407807, 45.52805094541753], [5.671709636036369, 45.53657315102359], [5.675167496407929, 45.552447358553074], [5.623027366443004, 45.60428439343032], [5.623748035268078, 45.61326832676418], [5.659528303353562, 45.638682809874865], [5.689187102194641, 45.64850161239945], [5.687058475150925, 45.66816731077608], [5.708336503736496, 45.683064766572876], [5.704119379498135, 45.710926329459184], [5.756676853365063, 45.70873356110276], [5.783495254205752, 45.74431423922736], [5.77937453777779, 45.76217553185385], [5.786777683247082, 45.80940611504179], [5.80366973107069, 45.85558153164841], [5.8285402770414905, 45.909296035615355], [5.831226413621035, 45.93845957829322], [5.862101395990038, 45.932402294861824], [5.869091534260767, 45.886864468450106], [5.878940328529421, 45.8597615070083], [5.873592999113487, 45.842776979480114], [5.913222470309635, 45.80414050655359], [5.962785346309549, 45.81273546653543], [5.980956213671225, 45.795577042949866], [5.973931864683397, 45.77494633416943], [6.010784848574594, 45.75008827465721], [6.042951856542115, 45.73909560438109], [6.0527168183887685, 45.748591125666145], [6.082884373383685, 45.73997499672517], [6.127911958348486, 45.75170259298121], [6.142900945398585, 45.76151435802781], [6.178383991605425, 45.74715464474954], [6.19554810502904, 45.73233087617837], [6.189464060829947, 45.70250157434257], [6.231653819459301, 45.7027499445204], [6.239679907775353, 45.685404763162595], [6.279888236747214, 45.68431276833579], [6.3048306731057115, 45.69329913872337], [6.328722589989684, 45.693028041590736], [6.383851558657904, 45.77805529558221], [6.424911859192457, 45.80352244063008], [6.444801213660523, 45.84550566374783], [6.470572561574056, 45.8846919017355], [6.493715031750103, 45.88999988497013], [6.514771172368506, 45.90441808486001], [6.558675044419775, 45.8930927712201], [6.572913173369461, 45.87755381109516], [6.56843309482083, 45.86317365422438], [6.539525002903797, 45.86285738025596], [6.552237633503553, 45.82687986970037], [6.577214777368843, 45.81657207430024], [6.601732972495579, 45.795419923318136], [6.661011726554582, 45.799100632035966], [6.688825113135432, 45.77134869370408], [6.686145373112389, 45.755327050482464], [6.6987046073815275, 45.743259542342656], [6.691927026555463, 45.72680454299077], [6.711951361097394, 45.72291924893507], [6.74001337439419, 45.74561033697647], [6.755509936266976, 45.76635254534395], [6.802516663522652, 45.77837197402193]]]}, "properties": {"code": "73", "nom": "Savoie"}}, {"type": "Feature", "geometry": {"type": "Polygon", "coordinates": [[[6.802516663522652, 45.77837197402193], [6.755509936266976, 45.76635254534395], [6.74001337439419, 45.74561033697647], [6.711951361097394, 45.72291924893507], [6.691927026555463, 45.72680454299077], [6.6987046073815275, 45.743259542342656], [6.686145373112389, 45.755327050482464], [6.688825113135432, 45.77134869370408], [6.661011726554582, 45.799100632035966], [6.601732972495579, 45.795419923318136], [6.577214777368843, 45.81657207430024], [6.552237633503553, 45.82687986970037], [6.539525002903797, 45.86285738025596], [6.56843309482083, 45.86317365422438], [6.572913173369461, 45.87755381109516], [6.558675044419775, 45.8930927712201], [6.514771172368506, 45.90441808486001], [6.493715031750103, 45.88999988497013], [6.470572561574056, 45.8846919017355], [6.444801213660523, 45.84550566374783], [6.424911859192457, 45.80352244063008], [6.383851558657904, 45.77805529558221], [6.328722589989684, 45.693028041590736], [6.3048306731057115, 45.69329913872337], [6.279888236747214, 45.68431276833579], [6.239679907775353, 45.685404763162595], [6.231653819459301, 45.7027499445204], [6.189464060829947, 45.70250157434257], [6.19554810502904, 45.73233087617837], [6.178383991605425, 45.74715464474954], [6.142900945398585, 45.76151435802781], [6.127911958348486, 45.75170259298121], [6.082884373383685, 45.73997499672517], [6.0527168183887685, 45.748591125666145], [6.042951856542115, 45.73909560438109], [6.010784848574594, 45.75008827465721], [5.973931864683397, 45.77494633416943], [5.980956213671225, 45.795577042949866], [5.962785346309549, 45.81273546653543], [5.913222470309635, 45.80414050655359], [5.873592999113487, 45.842776979480114], [5.878940328529421, 45.8597615070083], [5.869091534260767, 45.886864468450106], [5.862101395990038, 45.932402294861824], [5.831226413621035, 45.93845957829322], [5.834025839734275, 45.972026538215985], [5.809643351753076, 45.98979960381866], [5.812398928975968, 46.02398062317354], [5.806996561909532, 46.043829800018194], [5.8114184967701625, 46.07842009259869], [5.832300912634432, 46.10599585856304], [5.855667958392184, 46.08676688670444], [5.883180329915085, 46.08491752032048], [5.8924200086063525, 46.118482302607056], [5.922266804802187, 46.13147760862653], [5.956063159932633, 46.13208943594269], [5.985318105052286, 46.14330892189844], [6.045529778815728, 46.139907519306156], [6.052041801049772, 46.151402672290395], [6.092465663697645, 46.15175991441013], [6.126624627901115, 46.14046081078615], [6.175072377878081, 46.15814989960168], [6.185975362523726, 46.178176058241256], [6.235977428314406, 46.20654881404464], [6.277369983407964, 46.21561016581553], [6.310110099309942, 46.24370059763195], [6.307272725570715, 46.255436556730494], [6.267633620497312, 46.247839839653885], [6.237797813525851, 46.2773342585167], [6.246790968617458, 46.30206938671207], [6.277022020836744, 46.34891543898281], [6.303735764913311, 46.36625941824085], [6.3446765942166445, 46.370013560347886], [6.356956142429217, 46.35266345709143], [6.3900361566872315, 46.34016563406088], [6.411592280204707, 46.35839568319258], [6.468499886776638, 46.37242442527263], [6.482856165126304, 46.39192443764463], [6.513071711513262, 46.40478840307281], [6.545175304790926, 46.394727359364545], [6.588092394777118, 46.402317999643515], [6.635060415534961, 46.405770576746406], [6.722868985320351, 46.40755389780494], [6.789802754759155, 46.39291791721357], [6.806217638297463, 46.38037206259825], [6.770617080369467, 46.35489783286797], [6.784482072903341, 46.33270290819052], [6.820345178565179, 46.31437668901683], [6.829983705845801, 46.300043050711345], [6.864509851829647, 46.282990769883504], [6.853894399067287, 46.253761843433864], [6.839925738114553, 46.248239017516546], [6.80366083421475, 46.20434524954354], [6.81194009872822, 46.18337761562343], [6.792040848027208, 46.16290288539592], [6.796535034034799, 46.13861879772074], [6.814732162900611, 46.129696461365214], [6.898381393099358, 46.122562070394075], [6.883845122673671, 46.09579681990079], [6.8914542235903005, 46.08449157208838], [6.872633110865425, 46.05204817296112], [6.888329552883717, 46.043116914092494], [6.924513948824021, 46.065193804450395], [6.951511564566567, 46.04995609942393], [6.9846850080843375, 46.00654353554806], [7.005830810542592, 46.00054972582734], [7.022720712338816, 45.98029457159881], [7.017978490745711, 45.96034701964026], [7.03720423287911, 45.95472134951176], [7.043890107046439, 45.92361818207322], [7.020983385199974, 45.916194082670756], [7.0031519124087716, 45.89782921384603], [7.00536167353659, 45.88435235390808], [6.991719912014907, 45.86819987209143], [6.951037365261489, 45.85954131063136], [6.939604939153821, 45.8467321064224], [6.895100845805131, 45.84259632779018], [6.8736072885923845, 45.84549967424515], [6.818885778420616, 45.83620281158613], [6.803991136344079, 45.815853187486255], [6.812719976307191, 45.808021694582315], [6.802516663522652, 45.77837197402193]]]}, "properties": {"code": "74", "nom": "Haute-Savoie"}}, {"type": "Feature", "geometry": {"type": "Polygon", "coordinates": [[[2.416339717281352, 48.84923827340741], [2.4622646327720443, 48.84253748930953], [2.4626974524261254, 48.81905707868419], [2.4384502049151475, 48.818235158647155], [2.4006819201840903, 48.82909612370583], [2.363949262797974, 48.81631512383787], [2.3318953139887446, 48.81701271305569], [2.2790573794463054, 48.83248998498127], [2.2242245702250814, 48.85351605360998], [2.2317363464837308, 48.869069480870024], [2.258472586492028, 48.88038999464371], [2.277487004862913, 48.87797011937597], [2.319884458526643, 48.90045886733916], [2.385151006972503, 48.902007792208785], [2.4139437894422056, 48.87082877761242], [2.416339717281352, 48.84923827340741]]]}, "properties": {"code": "75", "nom": "Paris"}}, {"type": "Feature", "geometry": {"type": "Polygon", "coordinates": [[[1.3815511365583815, 50.065766690242754], [1.4092601958562414, 50.057074130391825], [1.4235954957723689, 50.070850716019166], [1.459145908803628, 50.062499063196654], [1.4521908437935025, 50.04023194047863], [1.4933078848725079, 50.01773775805818], [1.5165885660526253, 50.011616580757526], [1.5269495769722599, 49.99657729204429], [1.5738945679765357, 49.973919004055446], [1.5940134659800094, 49.94905060798451], [1.6784506742272387, 49.91813416149145], [1.6932905136148655, 49.895599170378354], [1.7102228122571477, 49.889310195824926], [1.7373868163547241, 49.808208553760934], [1.7579353611352482, 49.78079816556512], [1.7838370588623413, 49.75830750106765], [1.7416263242274626, 49.751633772466256], [1.7454557068129848, 49.73856265789178], [1.7196883349196141, 49.730467625863746], [1.7154681056064667, 49.70860435289633], [1.6895758821118119, 49.694785646260954], [1.7045143422610263, 49.68092631423977], [1.7339504969080488, 49.69920938045457], [1.7521846819353237, 49.680957188725905], [1.7252046142437358, 49.67263435960493], [1.7088335612864556, 49.64638148474686], [1.7216075786347382, 49.62199032398025], [1.7057508157515966, 49.60621127470416], [1.7147813730167585, 49.576405140938526], [1.7298338150528105, 49.56129313430964], [1.7271846205611596, 49.54162647589022], [1.7478873461630975, 49.537734307389876], [1.7192326604453187, 49.50822302010686], [1.7508109914810421, 49.4953034048916], [1.7718644061411502, 49.51284827349518], [1.7902240900460897, 49.50346919449449], [1.7741127542848931, 49.48629204874629], [1.775862453037976, 49.47132557760213], [1.7474339115753832, 49.45944834208184], [1.7229968419974309, 49.43391580233039], [1.7139375433100608, 49.409224988863485], [1.6593030583878112, 49.39898608539559], [1.6210669431541742, 49.414378158641135], [1.6069566095899943, 49.410854416858434], [1.576136831058076, 49.43973886640559], [1.5283196177789204, 49.44198980558868], [1.503549409663381, 49.43807237615207], [1.4771860122081044, 49.45132697219684], [1.378499108777362, 49.45742638657252], [1.345233363898118, 49.44805852414145], [1.3353971000652705, 49.43371952908696], [1.3096318834456244, 49.42873257275235], [1.3080682780467234, 49.39535659061039], [1.2931900574437356, 49.394994727671126], [1.2860248038650488, 49.36318319072627], [1.2721366387570638, 49.346289233389804], [1.1990286032008088, 49.35080528187691], [1.1602558424773857, 49.3419941567295], [1.1359587366778499, 49.32511330683783], [1.133993537971445, 49.30984205819146], [1.092924014464112, 49.30997367751731], [1.0482359283696867, 49.2966707056018], [1.0644211959188252, 49.28193243229649], [1.0540696575756032, 49.26810664758745], [1.0133166256832071, 49.252262976528414], [0.959487909604523, 49.28612972876709], [0.9366215857125476, 49.321701430518324], [0.8924955592567678, 49.303062511451586], [0.8915316720257209, 49.31656133415404], [0.8622783261742117, 49.32742242737676], [0.8662303093667536, 49.34231160512299], [0.8875928951071438, 49.34591517415329], [0.9214023473164947, 49.33855254623689], [0.9181193706199334, 49.385460584535736], [0.8853214512018548, 49.38352473329317], [0.860851622884771, 49.39535013278994], [0.8265612311602684, 49.395044519606806], [0.8035289901620026, 49.41664937662084], [0.7736557882409092, 49.41808160502643], [0.6652914150341133, 49.40200234791148], [0.6597835439594861, 49.41617560182564], [0.6341203993784739, 49.43446117824468], [0.606260846591224, 49.428697933243775], [0.5790634674462867, 49.43507202120442], [0.5249403531988139, 49.47786858986832], [0.49007688558798895, 49.48360764057147], [0.4315314440644818, 49.45895529203515], [0.36879599400345847, 49.44396615809678], [0.33898282435946164, 49.440931306061266], [0.3393207094305681, 49.449868831628415], [0.27314284372297987, 49.453414579238974], [0.25680101789478893, 49.44632740649414], [0.21769675248147502, 49.45296251103499], [0.19246414594061223, 49.45146267347711], [0.12124538314126981, 49.46319090812617], [0.09027197399997772, 49.48238083770633], [0.0869152117239871, 49.50142956453898], [0.06955005489894274, 49.50639804169097], [0.07493125272583377, 49.53633203458849], [0.1067376725391497, 49.58349804620551], [0.1358703018889327, 49.61860240605246], [0.1545347165457159, 49.648642302677665], [0.16422682078283132, 49.6864622352224], [0.1916018630620729, 49.70633817691035], [0.25070045477776937, 49.72314244472515], [0.2832559477463974, 49.736576618509304], [0.3204248903804176, 49.741454635143654], [0.35491793407269084, 49.75501019348861], [0.3653124690043182, 49.7657533954537], [0.43342979790476643, 49.788116116429364], [0.5227583029442804, 49.82453411281469], [0.5729399803584807, 49.84972067059468], [0.642036660341264, 49.86418779498403], [0.7061281802579872, 49.87233770484798], [0.717770959544887, 49.86976975035244], [0.7909714215080401, 49.875752899331296], [0.8325742104597927, 49.889609850179305], [0.8746626207569893, 49.894680673456534], [0.9297893305630467, 49.90673400517858], [0.9631874837108031, 49.91985755151356], [1.0200465393294824, 49.91610987649026], [1.106143977580899, 49.936747669981074], [1.205890918797349, 49.97349908694593], [1.2464603482064156, 49.99528129594621], [1.3324241305696787, 50.047123771141564], [1.3815511365583815, 50.065766690242754]]]}, "properties": {"code": "76", "nom": "Seine-Maritime"}}, {"type": "Feature", "geometry": {"type": "Polygon", "coordinates": [[[2.571660318442073, 48.69201409164602], [2.5688040564289847, 48.707222628077005], [2.585211502726328, 48.727239448802735], [2.5854093346308815, 48.74171196622536], [2.607003437584154, 48.77439762384403], [2.5922804883088015, 48.8074366758147], [2.592517689219438, 48.82587446702569], [2.568103791053846, 48.86594445401019], [2.5870340052947016, 48.893952959629644], [2.592341722831452, 48.925023616614034], [2.58930360616549, 48.953762745338985], [2.5717986314833206, 48.96867398285449], [2.580314053373102, 48.99158952144207], [2.55306064485419, 49.0098171174389], [2.547651942231624, 49.02344674891678], [2.587858904546535, 49.04990157898905], [2.572031573014404, 49.06149045194861], [2.5905242793946224, 49.079654846732424], [2.633272965218076, 49.10837621896302], [2.673154178752123, 49.090859401094306], [2.7067286108537023, 49.06571610231719], [2.753551034147009, 49.06074104171223], [2.7870683167938073, 49.075272380356054], [2.7918669791571764, 49.090224385649144], [2.845152480122472, 49.0846582975852], [2.8560893422319023, 49.07003394285967], [2.8949540105299616, 49.077060509386286], [2.9015078805206906, 49.08537404257291], [2.974612129302612, 49.07483790651457], [3.0085155429257675, 49.09151015780461], [3.0483639955943445, 49.086321770811566], [3.071884293834167, 49.117554218816146], [3.1039032023368676, 49.10783847337312], [3.1361260876735515, 49.10736575572267], [3.16523032905892, 49.09965085798759], [3.1535840813505853, 49.08328424779814], [3.1818268776645002, 49.060865198640144], [3.1682883590774806, 49.01667270236993], [3.229176905886298, 48.98841784600257], [3.2518351589230496, 48.97236625695047], [3.2678460373508416, 48.938331129104206], [3.3047494707754015, 48.94876427894454], [3.3130758740800688, 48.9212163651494], [3.3302994547269797, 48.908706088642376], [3.3663472431751384, 48.922836905893014], [3.3828132392962247, 48.88874725594759], [3.380474508825688, 48.874761432854626], [3.404630766733507, 48.86387236235099], [3.452232416190477, 48.856291455303484], [3.4607105852412756, 48.83944139457446], [3.4851874436586847, 48.851908494372864], [3.484964362562067, 48.82500976544345], [3.4321733352035433, 48.81226134369876], [3.442913938608982, 48.78618495446326], [3.409426927872636, 48.78384005486431], [3.395834526122342, 48.75925128896011], [3.4302049079731773, 48.756874901226034], [3.4443842525897947, 48.73668491350176], [3.4697275479340295, 48.73786507384338], [3.4643028353269045, 48.707377209765006], [3.4693877334848082, 48.68643581459289], [3.4406134906014127, 48.6636539025972], [3.460426313142606, 48.65300999879329], [3.5174997752390147, 48.64336703334491], [3.5190711976645597, 48.633474580141225], [3.5556137492385345, 48.62028467657408], [3.5038535314822115, 48.6048091344709], [3.4975003134409723, 48.58995747369995], [3.4655161591022283, 48.57048567886506], [3.479607557239746, 48.54471109171053], [3.4591902801865113, 48.53074024476159], [3.4234423807070566, 48.533562692399734], [3.4053980660358945, 48.528012199625785], [3.4348599344666386, 48.49751072268098], [3.388359827890943, 48.480408300039215], [3.4064783284931712, 48.4524502326185], [3.3919598867876517, 48.424322153455364], [3.422082006455869, 48.413341906536964], [3.4147915595010967, 48.390273038820325], [3.3833187883415756, 48.39970860491622], [3.367217075047188, 48.39431654152582], [3.3651592673815314, 48.37228068710627], [3.305153213312036, 48.37287323488759], [3.282397556791885, 48.37751802756359], [3.254382220567969, 48.36502185965591], [3.232843707551971, 48.37032930740775], [3.2018573040530143, 48.36401635870226], [3.1398687617633554, 48.37259875797597], [3.0988849903520745, 48.35782222270563], [3.0495188960927044, 48.36012035556557], [3.036760677253472, 48.34009779475704], [3.041677936242915, 48.329416667963116], [3.015901008416285, 48.3079017396547], [3.043627253848888, 48.27202235761227], [3.0051556578134635, 48.20767000034546], [2.97446503722382, 48.20555285255294], [2.970958045601008, 48.194187673485665], [2.9347486048838207, 48.17882262621194], [2.936314411640624, 48.1633917441478], [2.868032820232008, 48.156433549044586], [2.8208799789852854, 48.12966447731962], [2.7978126665223124, 48.14068615599144], [2.7989445730680167, 48.16827665010273], [2.7414685556447598, 48.15977844911796], [2.7551983055667155, 48.145653478490786], [2.720460981753342, 48.136910896310766], [2.7065470696044738, 48.12481924580505], [2.6634205012712795, 48.12220248073456], [2.6397338993017683, 48.1388605931352], [2.602684217604197, 48.13148889808521], [2.570562642830993, 48.14081569138084], [2.537506945660482, 48.14033979679666], [2.521518685158647, 48.127300215727736], [2.4903153051303115, 48.12660259180864], [2.460116447222927, 48.13685254342551], [2.4832376593500602, 48.164518230078265], [2.5063270278885916, 48.15643757520199], [2.5093663344872534, 48.18250926382449], [2.523126693688509, 48.19489310648136], [2.5068882455094257, 48.22598658432872], [2.4690901704508605, 48.255272821570486], [2.452518016092004, 48.25003251288878], [2.4237635277023717, 48.260297326582666], [2.4210918870276967, 48.298668261849855], [2.402664267131608, 48.320719459421184], [2.4255796854392964, 48.33725297618987], [2.4298322285044196, 48.362015783117755], [2.46921772462766, 48.37645004114287], [2.5216135704659886, 48.404932172570405], [2.527461927309532, 48.4157156753841], [2.50765489240467, 48.429543907057045], [2.501886311020425, 48.48476669856557], [2.51535674995086, 48.50615222035927], [2.49952467433224, 48.52523904800114], [2.5198364478476627, 48.5625203315344], [2.5182770284128475, 48.5832577878723], [2.543776514406961, 48.60384977114558], [2.5258433805130944, 48.61310782203827], [2.53361600680745, 48.65733138882678], [2.544818846722052, 48.671181815072785], [2.585373689362236, 48.67939805001862], [2.571660318442073, 48.69201409164602]]]}, "properties": {"code": "77", "nom": "Seine-et-Marne"}}, {"type": "Feature", "geometry": {"type": "Polygon", "coordinates": [[[2.200591009269503, 48.908679329890454], [2.168378401515456, 48.8950779335488], [2.1528691414227357, 48.87333985214219], [2.1458733412695294, 48.83602003450691], [2.1515778037276103, 48.81702039834037], [2.1766744128227886, 48.81380509870073], [2.1829398770998654, 48.7972269838604], [2.2026350450801604, 48.798403323102875], [2.2265593271545225, 48.77610203162176], [2.2027216574242257, 48.771358218371454], [2.1820096609166937, 48.757573640869396], [2.150675004182983, 48.753712115449396], [2.1349798974354277, 48.737139276053675], [2.097999010182745, 48.73436502883337], [2.1103326928214208, 48.714381141190366], [2.0820789629661083, 48.68544592956703], [2.0456590375105823, 48.687570739614664], [2.0178852678544255, 48.64224227868909], [2.0602445240702307, 48.6175941143781], [2.034508920154608, 48.603498748150024], [2.035741451799255, 48.58886342431221], [2.0172296562124665, 48.56946047379915], [2.01757406029729, 48.55759738742344], [1.9787832030076382, 48.553654167165384], [1.9378872442847588, 48.562931040710545], [1.9340684230182927, 48.54810690246857], [1.9674261909808515, 48.53307136184394], [1.9460308303104135, 48.515862147920664], [1.933377950693106, 48.482146422725215], [1.9149145708790403, 48.473854949789406], [1.9221489648373706, 48.457600286064135], [1.9064022701801788, 48.44014576962788], [1.8716851573650342, 48.43978475842447], [1.84486306037181, 48.4493607065379], [1.8321369890615689, 48.467581442678565], [1.8032057888939028, 48.472565678495286], [1.7768442507697113, 48.50931096191216], [1.775751488475668, 48.52770729661422], [1.7872450519775867, 48.55374456486673], [1.7653297161980415, 48.56937104099974], [1.7092527874670105, 48.57802434626235], [1.7019890546581085, 48.58499862181419], [1.714895681919355, 48.61439494545783], [1.6662188615195896, 48.613706715891], [1.651574528306872, 48.63812870428749], [1.603118482168126, 48.66241796207503], [1.6117708691618606, 48.68947111646258], [1.579545829918285, 48.70181187348942], [1.6263993499269267, 48.748094297484094], [1.5875947031508344, 48.773602302755286], [1.5756742260519878, 48.7905067944881], [1.5912030850964909, 48.814869639400584], [1.5772685877162862, 48.84436076548629], [1.581598875031263, 48.85499897015231], [1.5462315883376268, 48.87242890235984], [1.5595052783343866, 48.88205164409549], [1.5385208308731109, 48.90668492167043], [1.5386150005667363, 48.92179645733065], [1.5073440226070087, 48.927598989147334], [1.5015238197988665, 48.94105360615515], [1.4974212515808907, 48.97955944476306], [1.477085024550759, 48.978790316157344], [1.4770779834042216, 49.01679764336922], [1.4577625828067995, 49.026291046220386], [1.4474328265726297, 49.04518805211747], [1.4607983669865394, 49.0627440580796], [1.4848834480593345, 49.05154791492779], [1.5380423840651944, 49.072342033316], [1.5570756944651978, 49.06962240086733], [1.6017185942276444, 49.08450261108525], [1.6087960706299218, 49.07789415353795], [1.6455144472390726, 49.08139804743355], [1.6736891270071164, 49.07815117318431], [1.6937298328462178, 49.056950122989164], [1.7234571618642331, 49.04497657550691], [1.7596265233069017, 49.06332287848212], [1.7942998843096216, 49.058190360814926], [1.7965466896679247, 49.072232197890884], [1.8300339442296272, 49.0754853922552], [1.8653368480003796, 49.05724562325274], [1.8513341928477542, 49.03336315145782], [1.869115159435854, 49.01823530435844], [1.8912257485830386, 49.03927754626276], [1.9124689805854491, 49.041836823035794], [1.9378021652564328, 49.02177632637227], [1.9918815520004978, 49.0210106286694], [2.02340791218018, 48.99794435218925], [2.084914920835882, 49.014678714910325], [2.127119946587909, 49.009678482150534], [2.1207126230627655, 48.99330122057494], [2.154931342389435, 48.985723515837904], [2.175542212320485, 48.97240487622723], [2.17723226175586, 48.953657461253236], [2.20585834678071, 48.94974074221645], [2.200591009269503, 48.908679329890454]]]}, "properties": {"code": "78", "nom": "Yvelines"}}, {"type": "Feature", "geometry": {"type": "Polygon", "coordinates": [[[-0.8919599503022404, 46.975817849607864], [-0.8559224678754487, 46.979084161484536], [-0.7875770887198819, 47.00513718237798], [-0.7619520119905745, 46.992139886795954], [-0.743365629187983, 47.00070367813692], [-0.7156396951065868, 46.985502313803366], [-0.6758343487736584, 47.00172199082605], [-0.6438716820428597, 46.99351589442817], [-0.61568293448452, 46.99293402227639], [-0.5654683969778376, 47.01942614381194], [-0.5555783931772565, 47.04353316953107], [-0.5595318719263807, 47.06188673077478], [-0.4953402437613724, 47.082385217708435], [-0.46269733093798004, 47.08192636562548], [-0.4642554478540593, 47.06757786350008], [-0.42854910796633194, 47.07271663479802], [-0.4007795061579299, 47.07077103460959], [-0.3834553981375389, 47.08769862856716], [-0.3579271504355597, 47.09365187822681], [-0.3414640153397548, 47.08733467869207], [-0.2879290635736671, 47.10144071067538], [-0.2415379484520476, 47.10572466544675], [-0.20250740252740007, 47.09583787535414], [-0.1848398275184138, 47.10833699690516], [-0.1521214820209298, 47.10085428544302], [-0.178486598699701, 47.0697670558895], [-0.1476585466148043, 47.069854366674875], [-0.12838002979815127, 47.05442990559355], [-0.10212095637964737, 47.064797190818005], [-0.08113082448484565, 47.01267677238524], [-0.06675773993609899, 46.99387700352016], [-0.038153345460296736, 46.98939008519809], [-0.044186809693518486, 46.95837119466449], [-0.022215929347250134, 46.938478291692846], [-0.009032410299882686, 46.90747700605923], [-0.027263869318720418, 46.87992322868147], [0.02561539858266648, 46.85287480114874], [0.01660746491547145, 46.83496346394018], [-0.007773096486773423, 46.84747452695961], [-0.04568987388716529, 46.83210506753766], [-0.020316336069380297, 46.812653925006536], [-0.02232550667364259, 46.78961529950765], [-0.014979708609133745, 46.75637013577674], [0.005731121087621784, 46.75454225312974], [0.03826535834799053, 46.73158052408886], [0.0007042720140891931, 46.71623331657764], [-0.006947998344661607, 46.68290982229758], [-0.040426190194721524, 46.66371702380725], [-0.03338532562574275, 46.65364917507512], [-0.0653244004897615, 46.63246151135352], [-0.026547974206768066, 46.62886079422371], [0.0031057671136598976, 46.61079878720693], [0.022854639746489266, 46.614530685176334], [0.020058959008376207, 46.58512799711242], [-0.008022109474557896, 46.567543137522954], [0.007895566679664658, 46.547974321223606], [-0.007157529433821307, 46.52327699327565], [-0.03135125528751674, 46.52498101941566], [-0.04230359002464692, 46.470028260342126], [-0.01707071907246923, 46.47527516260208], [-0.010457661947033809, 46.44881280383021], [-0.017092824348942416, 46.4113223945137], [0.00026572855997630953, 46.392018635848565], [0.02069664723879619, 46.38800352143432], [0.03421997901294537, 46.37349679947992], [0.013846004253531347, 46.35706042377505], [0.029657077300027247, 46.349192346191], [0.03250915440256327, 46.32782028737164], [0.07821800902702593, 46.304933538922825], [0.09780469789926086, 46.33079981164575], [0.13759784994026253, 46.349395182700974], [0.17523938179388834, 46.33181773874165], [0.16956912209813432, 46.31018694492532], [0.15218685361085643, 46.30314888540674], [0.17232027940044886, 46.27860128086839], [0.15955968591576844, 46.26656979483444], [0.12883677213786587, 46.26723154899869], [0.14344160353379778, 46.230114587841406], [0.11343152573440447, 46.21220922906378], [0.1076952133925229, 46.1861301320678], [0.13793977146169878, 46.18084966362293], [0.1551113740904502, 46.157168244596924], [0.1870636693943682, 46.14851197384494], [0.22035458351339557, 46.15799975349338], [0.21492180826491483, 46.13884556432992], [0.19108384573574536, 46.112280833588024], [0.1973535052161626, 46.09555004152969], [0.17785565005004553, 46.08330780134647], [0.13568666816811367, 46.104047924067046], [0.09965289984710943, 46.092923144255636], [0.07297225926176307, 46.09389590958497], [0.01927278461702518, 46.05284782935696], [-0.031995293425440136, 46.05592180291526], [-0.02144724431586948, 46.02887152321493], [-0.04551950280367589, 46.02062123975871], [-0.041431040823060886, 45.993479981490964], [-0.10293687953014707, 45.969659985237946], [-0.13686284675087984, 45.97896246180592], [-0.13816141787435107, 45.99651797265895], [-0.16338440604219345, 46.010154472823466], [-0.1614029897771452, 46.034632694780214], [-0.18913173505260444, 46.026141171108804], [-0.19462930058574468, 46.044380369324465], [-0.2129646707291253, 46.04409636271024], [-0.2730277009301873, 46.05731156087075], [-0.28173430941987637, 46.07975377766763], [-0.331053750782718, 46.08255183868407], [-0.36273280893098575, 46.07554208376435], [-0.3719662136104232, 46.09346535716146], [-0.4014506800441788, 46.08424772978497], [-0.42250549768348417, 46.093907520969715], [-0.49096917294552705, 46.10827096658701], [-0.5331548006606286, 46.139721552287604], [-0.5469968076890201, 46.14422952781575], [-0.6199574101252711, 46.137752754570535], [-0.6284055467115421, 46.16098350805028], [-0.6553901462423457, 46.16995289669758], [-0.6848825769982527, 46.2004519742498], [-0.690715475013079, 46.2192025056982], [-0.751461997484196, 46.24507022173624], [-0.7358896726556473, 46.26687597846039], [-0.7498018188117581, 46.28684613695955], [-0.7504755422947275, 46.30425879436195], [-0.7219129656364313, 46.30237450310386], [-0.7201500047099074, 46.31489050090406], [-0.6973310699310054, 46.3250900125706], [-0.6722725322460164, 46.3162191658117], [-0.6482532698392601, 46.317144430298924], [-0.6366035278644262, 46.337591841879316], [-0.604945148704239, 46.34715238390407], [-0.6032466407115049, 46.36146637541298], [-0.5618089129416993, 46.35974018410839], [-0.5378004980121098, 46.38646546545568], [-0.5660555377589854, 46.39308485800112], [-0.6101772466297536, 46.41373600220488], [-0.6208833834377796, 46.390455794535654], [-0.6406445679433723, 46.41622924515597], [-0.6368414296493504, 46.43230561509176], [-0.6187762241263333, 46.43885619623182], [-0.6159660718681671, 46.46157045085021], [-0.6250321267782425, 46.49748332134845], [-0.6451962418895167, 46.50856915270028], [-0.6245399718190973, 46.529723883887414], [-0.6021285989587045, 46.533280547788735], [-0.6067041276726987, 46.562332081853285], [-0.6245653646005823, 46.57739763355232], [-0.6119040829758216, 46.5883080542103], [-0.6270238350693782, 46.60565028049541], [-0.6141139330666167, 46.62039039102903], [-0.6341929952870002, 46.63738600695415], [-0.6375207590786917, 46.662275660644845], [-0.6807382103871169, 46.686802029507525], [-0.6561893352875896, 46.700774642460914], [-0.6688837671234614, 46.717234169266845], [-0.7001491562174191, 46.735799391945754], [-0.7273121698337293, 46.76763245445797], [-0.7088363450612226, 46.82106096053443], [-0.7328576209101574, 46.8215002648331], [-0.7816473761536221, 46.842828501140936], [-0.8152783793677632, 46.87936123351067], [-0.8321833934652019, 46.88454160082127], [-0.8170418725493785, 46.903983682599055], [-0.8291443983745105, 46.93336473376701], [-0.8519389677391533, 46.94650472324497], [-0.8729898783606566, 46.94434766819017], [-0.8919599503022404, 46.975817849607864]]]}, "properties": {"code": "79", "nom": "Deux-S\u00e8vres"}}, {"type": "Feature", "geometry": {"type": "Polygon", "coordinates": [[[1.3815511365583815, 50.065766690242754], [1.4538812244610173, 50.11032909893485], [1.4827841768786612, 50.17236969475436], [1.5124381763701704, 50.2017063700377], [1.5484320471199113, 50.215221918674395], [1.5961991412319396, 50.185500707511935], [1.6274102918028155, 50.19000238393702], [1.6733457406347452, 50.17468159487083], [1.6837994282613178, 50.18302974967859], [1.6626698233214425, 50.21359776854474], [1.6225022082629057, 50.21514839669941], [1.5936030011622346, 50.24428749653274], [1.592228280418861, 50.25645840166426], [1.5493076277829827, 50.260405655281644], [1.537947734772934, 50.282668474589045], [1.5509358115042569, 50.350323301735024], [1.5713354866487355, 50.35845399700039], [1.612971621673763, 50.36029378076435], [1.6415439209955993, 50.35215320244089], [1.6707155098465678, 50.33101039989745], [1.739453874214164, 50.35457494026503], [1.7787842601942672, 50.361866180722075], [1.8051005697505793, 50.35956479028979], [1.8313070764668689, 50.345521376961486], [1.8725624158329885, 50.332203345380606], [1.8759231954314028, 50.32174642503478], [1.9180007470953697, 50.31177877534881], [1.9381301712408916, 50.33010048991117], [1.9587947410604334, 50.31226469090631], [1.9364041762807813, 50.30146908295568], [2.0032288628275974, 50.27038408348767], [2.026446120500165, 50.269546075893764], [2.0561495866960637, 50.25515840313268], [2.0857138282832497, 50.20100753303517], [2.122580060921799, 50.21070523924823], [2.1602439796705144, 50.195073090929476], [2.17414784189994, 50.20889796150714], [2.2173374639794026, 50.21748679591506], [2.2458060345105704, 50.211701863441725], [2.269796498169412, 50.22880955959933], [2.3012047633367585, 50.212864087760096], [2.3404952021137726, 50.2293253960828], [2.370204907638782, 50.20977035832257], [2.3814020747034625, 50.22558671136131], [2.4054762905102116, 50.234029470791484], [2.4524037722545233, 50.22617450808976], [2.4852044166964613, 50.20779089755312], [2.4956903275727766, 50.19456202411803], [2.4511824235732345, 50.17870118824561], [2.4148458534849215, 50.17310955154985], [2.3897770566865675, 50.155484821444404], [2.3923866280005646, 50.14534070022987], [2.375459692531332, 50.109251478562726], [2.4145079258525888, 50.10064240686793], [2.4296578345647766, 50.0881849283962], [2.4501350913608073, 50.12440021874914], [2.481495194281265, 50.13816938510139], [2.514949343300702, 50.140811614698116], [2.53247243497901, 50.11502396682772], [2.557055359846941, 50.14204829791205], [2.579246199237998, 50.128556557952706], [2.5760198137336725, 50.11341281005766], [2.620114035740686, 50.1111233231505], [2.633413606035314, 50.100835661500284], [2.6918325946042887, 50.09172778717194], [2.729579928321446, 50.125953038257606], [2.7633488151068777, 50.10996516360832], [2.781835790362261, 50.09110348945762], [2.742546612593098, 50.04823137136034], [2.763122932751498, 50.03863557102141], [2.7889640682343506, 50.045311213953525], [2.807546851114983, 50.062415585560984], [2.857843650412817, 50.07739311900277], [2.87653264314694, 50.04217932424792], [2.917155076234358, 50.035710799347], [2.9444810700691098, 50.05347379150127], [2.9787858100327975, 50.04636219278302], [3.014439323479967, 50.059152788811005], [3.074492199997738, 50.04529954091121], [3.090253620620082, 50.05374055513492], [3.117562382696325, 50.027670727516394], [3.1729557922769542, 50.011311964972776], [3.1613946355055402, 49.996049271243585], [3.1768373814163575, 49.98520439643777], [3.1515239055114135, 49.94267027284344], [3.117968662907868, 49.91427637798353], [3.1200543249509205, 49.88428837261846], [3.0835290437648006, 49.86638777885566], [3.085506495983628, 49.84381936000555], [3.0558889248241528, 49.83168131148238], [3.078694114076548, 49.82241521578422], [3.0859749674446215, 49.792016685972655], [3.0627453563551175, 49.78264211542407], [3.0937519856623417, 49.75705197896964], [3.1184031553047866, 49.705968560150744], [3.0629504716788527, 49.71256910166192], [3.026158602863713, 49.680298029261905], [2.989594629116647, 49.70802042057901], [2.9495143470656977, 49.69065965176808], [2.915712813038834, 49.70267238896688], [2.857260670232296, 49.68366758301244], [2.843350258918428, 49.65852651008911], [2.8007055089354633, 49.661447402253124], [2.7897685778094523, 49.638092566661996], [2.7980938007575653, 49.61811251953584], [2.7709877504026585, 49.61435313605804], [2.7395572131560577, 49.626924487224116], [2.687556334287926, 49.62475309433038], [2.671248956542555, 49.59858674592385], [2.670723151725744, 49.58141197178741], [2.649628562594336, 49.5717641083625], [2.6299442784590084, 49.58032399470266], [2.62379591221486, 49.61023030743844], [2.5970251802580453, 49.61168115170793], [2.571493337841171, 49.59708062701416], [2.526732085722268, 49.62940041323432], [2.506120221148308, 49.63500671034503], [2.4781226406322063, 49.620790233933015], [2.4456566302700073, 49.65297898416902], [2.409702695719323, 49.66099609376744], [2.3708606973518425, 49.65635328949203], [2.337642942746636, 49.66900004753446], [2.3157256235726433, 49.689753026308125], [2.2850923978754705, 49.689388245191964], [2.21756318128915, 49.70246959323254], [2.156484137758264, 49.70211563032466], [2.1214097069260887, 49.68807409174484], [2.103494780498011, 49.694736883916796], [2.05989780108139, 49.6948752492932], [2.0267681801791118, 49.711310876188165], [1.988919892649775, 49.709402970462676], [1.9332098221662726, 49.719629963489474], [1.8938643249004963, 49.69898823076106], [1.838108169073818, 49.708425628485685], [1.836736935686628, 49.74011542093402], [1.8089798932395025, 49.754332476868704], [1.7838370588623413, 49.75830750106765], [1.7579353611352482, 49.78079816556512], [1.7373868163547241, 49.808208553760934], [1.7102228122571477, 49.889310195824926], [1.6932905136148655, 49.895599170378354], [1.6784506742272387, 49.91813416149145], [1.5940134659800094, 49.94905060798451], [1.5738945679765357, 49.973919004055446], [1.5269495769722599, 49.99657729204429], [1.5165885660526253, 50.011616580757526], [1.4933078848725079, 50.01773775805818], [1.4521908437935025, 50.04023194047863], [1.459145908803628, 50.062499063196654], [1.4235954957723689, 50.070850716019166], [1.4092601958562414, 50.057074130391825], [1.3815511365583815, 50.065766690242754]]]}, "properties": {"code": "80", "nom": "Somme"}}, {"type": "Feature", "geometry": {"type": "Polygon", "coordinates": [[[1.990170712650344, 44.149452563484346], [2.029696407495935, 44.15703749613199], [2.0273876177134555, 44.16774670708074], [2.0593768473509186, 44.17228332636406], [2.103007805822088, 44.19236177915484], [2.1495172687755666, 44.20027523558509], [2.1565521534572882, 44.179860441662186], [2.1752849884595378, 44.18101099006862], [2.191149664017209, 44.16226251594439], [2.206941568452062, 44.17128000270773], [2.2376135766415715, 44.15862580829351], [2.2006096765756986, 44.144878675424955], [2.2396498479355507, 44.13445411470232], [2.2848803617727818, 44.145334610005946], [2.2906506734219882, 44.1246789196839], [2.3236392435181563, 44.12468040684526], [2.3577385466562726, 44.10155549627926], [2.400758251634245, 44.083536917635314], [2.4102102719432614, 44.05584863724648], [2.4600622206958023, 44.05135361527231], [2.4634612069785837, 44.034971712792114], [2.4827654912259214, 44.02626238773467], [2.502131799597772, 43.985509672089385], [2.5247925967526887, 43.978086506867584], [2.520624718664867, 43.962390454422454], [2.4993471763625212, 43.950586257731224], [2.5377898856336207, 43.93373704382359], [2.556301019312927, 43.918667347684455], [2.5504866871867202, 43.89654064032313], [2.576682228818769, 43.881724244386106], [2.5653040807171466, 43.86779348986836], [2.564162540693876, 43.84133108872312], [2.5971439125173483, 43.81904107424546], [2.62921204804682, 43.78033346795367], [2.681730402635996, 43.74351491586531], [2.7120947274866287, 43.74265456414404], [2.7376382481956725, 43.729149343592226], [2.781560489408381, 43.73708398417332], [2.787648251453773, 43.75205159727044], [2.813673557986314, 43.76171872931414], [2.876569254236284, 43.740391576832444], [2.9211070453325663, 43.736113678075654], [2.924979718909465, 43.70722262668568], [2.9354629666803715, 43.69466778518887], [2.9190783288815148, 43.68754825993107], [2.9197089782492416, 43.662246071066406], [2.9073523053079366, 43.65422802689393], [2.8159272603949876, 43.64006590950408], [2.7948588118902697, 43.62443489640862], [2.754523557193863, 43.61413878643581], [2.7202035511311102, 43.645368462055636], [2.6446987288829193, 43.65454190899258], [2.6286278265574405, 43.610128390915975], [2.614324097727256, 43.59922725257067], [2.630666452845948, 43.581990495056836], [2.615607192520078, 43.56663335506618], [2.6556293418118515, 43.526612299085116], [2.6549053505045195, 43.496865365205636], [2.665159813486489, 43.46562405590211], [2.6404157795956293, 43.456170094886865], [2.6083131770094083, 43.433261066263796], [2.5657873980365586, 43.42295974410401], [2.5192241258183463, 43.42357280473514], [2.4968524565426087, 43.43693032075721], [2.452244714182291, 43.43185573872313], [2.4331017858919792, 43.43517605493275], [2.3951180854863265, 43.4183086163608], [2.3113690047501163, 43.441551364653506], [2.282011032773141, 43.44122586946259], [2.2648019643127553, 43.45354440574296], [2.2441052741816327, 43.44588047377504], [2.2220362066137076, 43.42780221311405], [2.2296639061851096, 43.409449060674696], [2.2150238714414177, 43.38350522654672], [2.1877030879041897, 43.393901845464775], [2.171612173004611, 43.41555236920325], [2.1092766429079504, 43.39455364359396], [2.0708019369201476, 43.40639420952169], [2.05313408767619, 43.430200497980316], [2.0291328387973606, 43.43689796484212], [2.0138097404810105, 43.44990469289765], [2.0181412825331915, 43.47035021960434], [2.0482899751352006, 43.48572590288188], [2.037543768971243, 43.50685651452312], [2.015050754536418, 43.5043691931112], [2.0102344593980876, 43.48184918070482], [1.9899972756684245, 43.47746968529684], [1.9560763206968899, 43.494064073594906], [1.9169530392384777, 43.501607534442506], [1.893376989480592, 43.511429254268904], [1.8804140168444965, 43.540315043888405], [1.850708886716764, 43.54928175630703], [1.8494522810871268, 43.56754406011732], [1.8334565523038187, 43.57823452761835], [1.7794523688032238, 43.586981588268245], [1.7639547679681267, 43.603570939255114], [1.7450478782076964, 43.603462190630566], [1.687771093611741, 43.63070037401986], [1.7056013351461534, 43.65256600106776], [1.7308693816067124, 43.65775037692843], [1.71671390955716, 43.68932470041024], [1.663572654706257, 43.694057655631546], [1.6689046629721764, 43.70425646859944], [1.7072267665260739, 43.71239499211101], [1.7000226658018673, 43.725322579061185], [1.6499189090514812, 43.75186514404521], [1.655698865700349, 43.76426648219855], [1.6424989428665737, 43.77836778877496], [1.6447876270393125, 43.80025749535743], [1.6264959472746285, 43.80130658412972], [1.5902324934871344, 43.81453310403227], [1.593170425533653, 43.843138372370525], [1.5725847390862493, 43.84880231415562], [1.5595369144011864, 43.86612807085979], [1.5604448006284883, 43.88193633936389], [1.5466741254835874, 43.90227582964282], [1.5556171726831822, 43.91831715512138], [1.5744028028209767, 43.91999510793722], [1.5688025856988956, 43.943198531782116], [1.5391789751184526, 43.94610094085612], [1.566776744212795, 43.96532381568133], [1.6127153523350066, 43.95906662893657], [1.6208860145318815, 43.97931453686908], [1.6503200088773333, 44.00970081509553], [1.6713878275979381, 44.01064280343677], [1.691390036568917, 44.02434074044874], [1.7042082044268858, 44.04435014147369], [1.6928507235679002, 44.061263774222766], [1.663698631036224, 44.067293948046974], [1.6692525822909714, 44.0897935292734], [1.6531212588113546, 44.09644666319218], [1.6589585652250582, 44.11641211601676], [1.687249576121949, 44.11145262454695], [1.7064309387658185, 44.117360786594475], [1.7637387132353881, 44.107940426275455], [1.7699612205027875, 44.098072774451964], [1.8061153359121302, 44.126377351181155], [1.825515829990398, 44.10797185179575], [1.840515979784208, 44.114288575980986], [1.8305641028040827, 44.131618758275124], [1.8600956113709224, 44.14291167180455], [1.91928917399122, 44.14138672306297], [1.894363466379432, 44.15555865721924], [1.9196921618272453, 44.16294029634055], [1.9470531745397543, 44.14670665841298], [1.969528164610802, 44.14268050879639], [1.990170712650344, 44.149452563484346]]]}, "properties": {"code": "81", "nom": "Tarn"}}, {"type": "Feature", "geometry": {"type": "Polygon", "coordinates": [[[1.0640838318649115, 44.37851326503539], [1.1067222137699213, 44.39234711511698], [1.133750630714704, 44.39298864277138], [1.1274427936033644, 44.37298221773624], [1.0935208798901315, 44.365961836772776], [1.081222945573455, 44.354384743572695], [1.1134152586304344, 44.33885107169266], [1.1219514922437734, 44.31674824624536], [1.159346881110355, 44.3106276809867], [1.1957883877382156, 44.281420540652135], [1.2379955233318247, 44.27589295439949], [1.2680258772309094, 44.28148431232658], [1.2978031763342432, 44.29486040345977], [1.304059855892509, 44.26295931081006], [1.284277976591082, 44.25174919798396], [1.2842650178929034, 44.23519209123777], [1.3179163572182218, 44.23295776845425], [1.3437890556280911, 44.22428502732317], [1.3567953753702289, 44.204016861252555], [1.380368119687147, 44.22485773308437], [1.4535628583819051, 44.25411881791156], [1.4531769569737827, 44.26735663623184], [1.4732207948805132, 44.28421134803531], [1.4951499133483663, 44.27109950643376], [1.5096978064892344, 44.27344945044928], [1.5290793065479253, 44.235377109638385], [1.5417577750229903, 44.22781299250401], [1.5752251099432597, 44.23873127310143], [1.5872537911119244, 44.24900550804784], [1.5707268227394882, 44.30150251962804], [1.616906636210223, 44.297528790899236], [1.6156813561412897, 44.27840070659787], [1.6422791348823196, 44.270774261083055], [1.6516207663148532, 44.286805806785146], [1.6995029158165784, 44.313814281404504], [1.755361660673192, 44.325821897882314], [1.7745395287661794, 44.31236243680847], [1.7918320747165322, 44.33342155767223], [1.826465277116675, 44.32358769097796], [1.882082857535903, 44.340065248844205], [1.8594609109987437, 44.320378858719295], [1.880911316974408, 44.30347685224885], [1.868779185952882, 44.29203687124151], [1.901390505373501, 44.27911646341682], [1.941087860705048, 44.28241377562342], [1.9704438024330744, 44.276436279434016], [1.9594126927401139, 44.241188828077995], [1.9430651280544025, 44.247586110602526], [1.9049135238032417, 44.210214643984514], [1.903654339982968, 44.19375585363767], [1.935140495123965, 44.18136455834765], [1.976683004728593, 44.17992355171282], [1.977057759324639, 44.16258114075737], [1.990170712650344, 44.149452563484346], [1.969528164610802, 44.14268050879639], [1.9470531745397543, 44.14670665841298], [1.9196921618272453, 44.16294029634055], [1.894363466379432, 44.15555865721924], [1.91928917399122, 44.14138672306297], [1.8600956113709224, 44.14291167180455], [1.8305641028040827, 44.131618758275124], [1.840515979784208, 44.114288575980986], [1.825515829990398, 44.10797185179575], [1.8061153359121302, 44.126377351181155], [1.7699612205027875, 44.098072774451964], [1.7637387132353881, 44.107940426275455], [1.7064309387658185, 44.117360786594475], [1.687249576121949, 44.11145262454695], [1.6589585652250582, 44.11641211601676], [1.6531212588113546, 44.09644666319218], [1.6692525822909714, 44.0897935292734], [1.663698631036224, 44.067293948046974], [1.6928507235679002, 44.061263774222766], [1.7042082044268858, 44.04435014147369], [1.691390036568917, 44.02434074044874], [1.6713878275979381, 44.01064280343677], [1.6503200088773333, 44.00970081509553], [1.6208860145318815, 43.97931453686908], [1.6127153523350066, 43.95906662893657], [1.566776744212795, 43.96532381568133], [1.5391789751184526, 43.94610094085612], [1.5688025856988956, 43.943198531782116], [1.5744028028209767, 43.91999510793722], [1.5556171726831822, 43.91831715512138], [1.53278908620992, 43.92135227933209], [1.5233234997345355, 43.90360072658564], [1.4907818788063523, 43.888997239785134], [1.47466252365823, 43.90211274166312], [1.4529636675835562, 43.87502936555188], [1.418934148647794, 43.87135534680213], [1.4086035229055638, 43.88264557304525], [1.374917030255939, 43.8843365489393], [1.349235626213503, 43.871655526938696], [1.3626018809802545, 43.85723006032639], [1.2965943993985685, 43.847335316271405], [1.3137064308190725, 43.8322272891667], [1.328030911759578, 43.83816349035954], [1.3572704568738654, 43.83369324204132], [1.3600316395881045, 43.81720012311376], [1.311084838455899, 43.800602295519234], [1.2676345847416235, 43.79377274514794], [1.2666508924183946, 43.78318101448264], [1.2192055591403763, 43.7707867235541], [1.2161233635195094, 43.791159600168356], [1.1798084884492999, 43.7952937589264], [1.1577904338124643, 43.81838124698653], [1.126079238294049, 43.80959552989913], [1.1124096388582891, 43.79707276987681], [1.0808172102613443, 43.81306583616325], [1.0591319349426427, 43.798594472191574], [1.0361954975370666, 43.804232715802144], [0.9910444477374416, 43.797045697236534], [0.9777987859720318, 43.7864397525409], [0.9539831166064948, 43.78737246570886], [0.9225087136116431, 43.792160090217415], [0.9016078422827867, 43.803642278388125], [0.9258616635111263, 43.83162570191422], [0.895421911527158, 43.840341795321024], [0.8994393128667493, 43.86469845813272], [0.8834946132400759, 43.87525629317644], [0.8898495576086674, 43.90333223113469], [0.8635672395335378, 43.923563445790464], [0.840062943234885, 43.9163310081733], [0.8092979458979879, 43.9323016655978], [0.7706960292642194, 43.92228348891115], [0.7601497122296061, 43.945349940213774], [0.7845407712528714, 43.9558047755343], [0.796774360578817, 43.97561613750477], [0.8277030720805598, 43.99957154660625], [0.8136473846848539, 44.024906180353696], [0.835544710660537, 44.024621299340474], [0.8578678740058554, 44.03490133585646], [0.8273513279716257, 44.05525093595275], [0.7640478940656028, 44.0296390768852], [0.759648653180342, 44.049474350183324], [0.7418847912050018, 44.06519923501575], [0.7384290025794918, 44.07517631749729], [0.7540526324371263, 44.10494098314301], [0.7962434549004299, 44.11513490164438], [0.7950995188269604, 44.145608667033], [0.8204870205722198, 44.143244018566314], [0.8687736555079509, 44.1263296946747], [0.8884779694239573, 44.14877042878723], [0.8722443454179576, 44.16786912488895], [0.8535753263369856, 44.17496072438758], [0.8596865515735523, 44.19273721850749], [0.9051836940209331, 44.19731593132676], [0.9292392370345569, 44.23025011826531], [0.9190898187097761, 44.238270029336576], [0.9504654080705977, 44.274984882924066], [0.9239584511688518, 44.28869614788378], [0.916429926804432, 44.30219542177865], [0.8951266314063179, 44.29679206245922], [0.8696283736168164, 44.309384546367944], [0.8961131685671826, 44.34622833470228], [0.8873307771559802, 44.36637485759437], [0.8982100442421902, 44.381369123534306], [0.9199180731590045, 44.384149730804495], [0.9500583334266814, 44.35976314594097], [0.9806308033981536, 44.35841947585265], [0.9960831328157144, 44.36864294446829], [1.0498031510072285, 44.36263857861528], [1.0640838318649115, 44.37851326503539]]]}, "properties": {"code": "82", "nom": "Tarn-et-Garonne"}}, {"type": "Feature", "properties": {"code": "83", "nom": "Var"}, "geometry": {"type": "MultiPolygon", "coordinates": [[[[6.39497, 42.98688], [6.39391, 42.98841], [6.39506, 42.98927], [6.39678, 42.98912], [6.39598, 42.98734], [6.39497, 42.98688]]], [[[6.4348, 43.01554], [6.43368, 43.0172], [6.43362, 43.01918], [6.43462, 43.02027], [6.43717, 43.02176], [6.4372, 43.02302], [6.44065, 43.02506], [6.4458, 43.02487], [6.44817, 43.02559], [6.45132, 43.0276], [6.45267, 43.02727], [6.45397, 43.02583], [6.45631, 43.02763], [6.4579, 43.02757], [6.45959, 43.02977], [6.46047, 43.03005], [6.46168, 43.03347], [6.46095, 43.03525], [6.46238, 43.03647], [6.46239, 43.03764], [6.4667, 43.04136], [6.46799, 43.04406], [6.47066, 43.04536], [6.47278, 43.04573], [6.47334, 43.04693], [6.47576, 43.04715], [6.47806, 43.04793], [6.48084, 43.04807], [6.48356, 43.04743], [6.48543, 43.04792], [6.48719, 43.04911], [6.48914, 43.04872], [6.492, 43.04979], [6.49277, 43.04933], [6.49557, 43.05059], [6.49694, 43.05023], [6.49866, 43.05125], [6.50116, 43.05156], [6.50459, 43.05354], [6.50839, 43.05222], [6.50769, 43.0485], [6.50792, 43.04764], [6.51069, 43.0479], [6.51129, 43.04682], [6.50952, 43.0452], [6.50868, 43.0453], [6.5036, 43.04261], [6.50317, 43.04196], [6.50055, 43.04314], [6.49957, 43.04252], [6.49531, 43.04279], [6.49424, 43.04326], [6.49196, 43.04117], [6.48909, 43.04288], [6.48754, 43.04272], [6.48738, 43.04073], [6.48488, 43.04015], [6.48426, 43.03699], [6.48264, 43.03594], [6.48262, 43.03504], [6.4804, 43.03202], [6.48006, 43.03035], [6.47908, 43.02988], [6.4776, 43.02788], [6.47283, 43.02509], [6.47296, 43.02071], [6.47096, 43.01664], [6.46747, 43.01753], [6.46479, 43.01515], [6.46089, 43.01372], [6.45898, 43.01378], [6.4545, 43.01563], [6.45233, 43.0171], [6.45038, 43.01735], [6.44862, 43.01313], [6.44595, 43.01093], [6.44532, 43.0088], [6.44052, 43.00586], [6.43834, 43.0036], [6.4355, 43.00533], [6.43371, 43.00692], [6.43349, 43.00905], [6.43262, 43.01074], [6.43445, 43.01239], [6.43418, 43.01475], [6.4348, 43.01554]]], [[[6.14515, 43.02003], [6.14699, 43.01942], [6.14445, 43.01793], [6.14479, 43.0163], [6.14065, 43.01801], [6.13946, 43.01972], [6.13983, 43.02061], [6.14265, 43.0206], [6.14515, 43.02003]]], [[[5.74996, 43.12661], [5.74802, 43.12725], [5.74976, 43.12856], [5.75245, 43.1273], [5.74996, 43.12661]]], [[[6.3971, 42.9928], [6.39491, 42.99333], [6.39462, 42.99524], [6.3908, 42.99514], [6.3899, 42.99743], [6.38793, 42.99809], [6.38547, 42.99808], [6.38162, 42.99733], [6.38053, 42.99763], [6.37453, 42.99686], [6.37352, 42.99568], [6.37198, 42.99817], [6.37005, 42.99869], [6.37032, 43.00084], [6.37265, 43.00166], [6.37244, 43.00343], [6.37452, 43.00407], [6.37479, 43.00532], [6.37661, 43.00508], [6.37702, 43.0074], [6.38017, 43.00778], [6.38285, 43.00643], [6.38352, 43.00739], [6.38256, 43.00954], [6.38044, 43.00989], [6.38267, 43.0123], [6.38328, 43.0138], [6.38487, 43.01293], [6.38703, 43.013], [6.39104, 43.01149], [6.39259, 43.01252], [6.39261, 43.01395], [6.39375, 43.01441], [6.39511, 43.01347], [6.39865, 43.01505], [6.40042, 43.01494], [6.40146, 43.01674], [6.40272, 43.01552], [6.40501, 43.01742], [6.40749, 43.01775], [6.40893, 43.01917], [6.41016, 43.01829], [6.40963, 43.01672], [6.41279, 43.01701], [6.41422, 43.01557], [6.41244, 43.01378], [6.41153, 43.01124], [6.4116, 43.00962], [6.41291, 43.0089], [6.41461, 43.00942], [6.41679, 43.01174], [6.41779, 43.01197], [6.41992, 43.01383], [6.42011, 43.01179], [6.41764, 43.00719], [6.41552, 43.00583], [6.4135, 43.00316], [6.4097, 43.00158], [6.4093, 42.99984], [6.4069, 42.99723], [6.40661, 42.99561], [6.4051, 42.99611], [6.40278, 42.9944], [6.40053, 42.99475], [6.39842, 42.99424], [6.3971, 42.9928]]], [[[6.36377, 43.00396], [6.36239, 43.0046], [6.36154, 43.00633], [6.35918, 43.0089], [6.36061, 43.01186], [6.35996, 43.01505], [6.36151, 43.01624], [6.36171, 43.01742], [6.3684, 43.01807], [6.36758, 43.01508], [6.36476, 43.01343], [6.36373, 43.00991], [6.36463, 43.006], [6.36377, 43.00396]]], [[[5.76735, 43.07892], [5.7657, 43.0801], [5.76796, 43.08191], [5.76959, 43.08065], [5.76911, 43.07968], [5.76735, 43.07892]]], [[[6.24407, 43.02004], [6.24738, 43.01845], [6.24873, 43.01651], [6.24835, 43.01337], [6.24926, 43.01248], [6.24895, 43.00843], [6.2505, 43.00761], [6.25067, 43.00558], [6.25171, 43.00554], [6.25233, 43.00377], [6.24937, 43.00252], [6.25084, 42.99967], [6.24707, 42.99746], [6.24504, 42.99726], [6.24363, 42.9983], [6.24096, 42.99785], [6.23857, 42.99686], [6.23737, 42.99734], [6.23496, 42.99509], [6.23397, 42.99602], [6.23207, 42.99609], [6.23102, 42.995], [6.23066, 42.99334], [6.22907, 42.99344], [6.22715, 42.99229], [6.22565, 42.99261], [6.22306, 42.9914], [6.22067, 42.99166], [6.22083, 42.99008], [6.2191, 42.98991], [6.21672, 42.99121], [6.21448, 42.98972], [6.21293, 42.9868], [6.20885, 42.98518], [6.20911, 42.98436], [6.20563, 42.98181], [6.20467, 42.98239], [6.19993, 42.98202], [6.19585, 42.98337], [6.19511, 42.98534], [6.19719, 42.9863], [6.19722, 42.98761], [6.19409, 42.98866], [6.1943, 42.98992], [6.1922, 42.99076], [6.19042, 42.99072], [6.18834, 42.99192], [6.18278, 42.99319], [6.18093, 42.99393], [6.17882, 42.99351], [6.1786, 42.99491], [6.17737, 42.9959], [6.17419, 42.99623], [6.17342, 42.99559], [6.17086, 42.9968], [6.1698, 42.99662], [6.16931, 42.99942], [6.16706, 42.99982], [6.16697, 42.99832], [6.16454, 42.99783], [6.16265, 42.99794], [6.1613, 42.99888], [6.16246, 42.99992], [6.16088, 43.0011], [6.16204, 43.00184], [6.16409, 43.00149], [6.16582, 43.00054], [6.16912, 43.00132], [6.16878, 43.00372], [6.17035, 43.00623], [6.17127, 43.00621], [6.17448, 43.00753], [6.17694, 43.00646], [6.17736, 43.00811], [6.17959, 43.00863], [6.18101, 43.00781], [6.18469, 43.00845], [6.18576, 43.00517], [6.18819, 43.00391], [6.19329, 43.00486], [6.19393, 43.00357], [6.19723, 43.00311], [6.1977, 43.00101], [6.2008, 43.0005], [6.20245, 43.0013], [6.20342, 43.00307], [6.20647, 43.00279], [6.20763, 43.00162], [6.21173, 43.00256], [6.21391, 43.00397], [6.21611, 43.00745], [6.21726, 43.00823], [6.21781, 43.01018], [6.21615, 43.01213], [6.21759, 43.01353], [6.21843, 43.01206], [6.22094, 43.01283], [6.22257, 43.01259], [6.22297, 43.01092], [6.22489, 43.01129], [6.2275, 43.01107], [6.22822, 43.00969], [6.23057, 43.01001], [6.234, 43.01166], [6.23619, 43.01419], [6.23693, 43.01637], [6.23634, 43.01847], [6.23879, 43.02132], [6.23917, 43.02431], [6.24225, 43.02547], [6.24189, 43.02278], [6.24407, 43.02004]]], [[[5.78064, 43.06977], [5.77854, 43.07034], [5.77989, 43.07381], [5.77775, 43.07391], [5.77762, 43.07478], [5.77868, 43.07713], [5.77785, 43.07978], [5.77864, 43.08096], [5.78105, 43.08233], [5.78372, 43.08157], [5.78355, 43.07969], [5.78166, 43.07988], [5.78129, 43.07876], [5.78622, 43.0769], [5.78729, 43.07728], [5.78616, 43.07898], [5.79007, 43.07989], [5.79221, 43.07745], [5.79158, 43.07601], [5.78996, 43.07449], [5.78772, 43.0742], [5.78373, 43.07108], [5.78064, 43.06977]]], [[[5.91334, 43.11608], [5.91393, 43.11872], [5.92061, 43.11945], [5.91986, 43.11812], [5.91566, 43.11776], [5.91568, 43.11704], [5.91334, 43.11608]]], [[[5.79082, 43.06871], [5.78718, 43.07224], [5.79033, 43.07258], [5.79254, 43.06936], [5.79082, 43.06871]]], [[[5.75365, 43.72462], [5.75668, 43.72816], [5.75733, 43.72941], [5.76206, 43.73602], [5.76432, 43.73833], [5.76645, 43.73971], [5.7694, 43.74273], [5.77446, 43.74956], [5.77623, 43.75122], [5.77855, 43.75259], [5.78134, 43.75566], [5.80331, 43.74999], [5.80678, 43.7494], [5.81248, 43.74949], [5.815, 43.74878], [5.82326, 43.74766], [5.82368, 43.74828], [5.82788, 43.74807], [5.83117, 43.74693], [5.8329, 43.74571], [5.83328, 43.74383], [5.83629, 43.7417], [5.83604, 43.74014], [5.84068, 43.73832], [5.84256, 43.73685], [5.84465, 43.72994], [5.84573, 43.72819], [5.84574, 43.72648], [5.84783, 43.72479], [5.84881, 43.72044], [5.84904, 43.71818], [5.8514, 43.71919], [5.85453, 43.7226], [5.8562, 43.72358], [5.85811, 43.72331], [5.86113, 43.72411], [5.86489, 43.72354], [5.86693, 43.72425], [5.87016, 43.72343], [5.8713, 43.72258], [5.87353, 43.72255], [5.8782, 43.7238], [5.88455, 43.72391], [5.88675, 43.72561], [5.89129, 43.72749], [5.89567, 43.73046], [5.89773, 43.73157], [5.90121, 43.73258], [5.90167, 43.73419], [5.90498, 43.73743], [5.90565, 43.73943], [5.9044, 43.74231], [5.905, 43.74486], [5.90451, 43.74821], [5.90296, 43.75343], [5.90534, 43.75377], [5.90822, 43.75327], [5.91251, 43.75309], [5.9161, 43.75392], [5.92011, 43.75641], [5.92266, 43.75754], [5.92547, 43.75691], [5.92584, 43.75163], [5.92747, 43.75018], [5.93054, 43.75013], [5.93383, 43.75116], [5.93597, 43.75107], [5.93772, 43.75024], [5.93876, 43.74879], [5.93931, 43.74453], [5.94115, 43.74187], [5.9422, 43.73793], [5.94344, 43.73636], [5.93883, 43.7333], [5.938, 43.73057], [5.94048, 43.72733], [5.94457, 43.72537], [5.94502, 43.72449], [5.95152, 43.72122], [5.95373, 43.72065], [5.95723, 43.71892], [5.9597, 43.72182], [5.96105, 43.7224], [5.96268, 43.72479], [5.96458, 43.7254], [5.96631, 43.72129], [5.96904, 43.72021], [5.97184, 43.71732], [5.97362, 43.71475], [5.97636, 43.7148], [5.9797, 43.71559], [5.98273, 43.71527], [5.98544, 43.71396], [5.98476, 43.71305], [5.98437, 43.70868], [5.9855, 43.70595], [5.98566, 43.70125], [5.98794, 43.69506], [5.99011, 43.69484], [5.9926, 43.694], [5.99516, 43.69217], [6.00054, 43.69095], [6.00078, 43.68968], [6.00273, 43.68926], [6.00574, 43.68763], [6.00625, 43.68577], [6.00772, 43.68352], [6.00802, 43.67931], [6.01142, 43.67708], [6.01161, 43.67415], [6.01631, 43.67264], [6.01954, 43.6707], [6.02174, 43.66828], [6.02914, 43.67255], [6.03378, 43.67631], [6.03945, 43.67865], [6.03903, 43.67893], [6.0358, 43.68796], [6.03528, 43.69149], [6.03455, 43.69264], [6.03513, 43.69407], [6.04125, 43.69575], [6.04813, 43.69729], [6.05156, 43.69771], [6.05401, 43.69916], [6.05751, 43.70059], [6.05893, 43.70324], [6.06517, 43.70479], [6.0704, 43.70493], [6.0738, 43.70572], [6.07705, 43.7072], [6.07818, 43.71125], [6.08016, 43.71201], [6.08293, 43.71466], [6.08805, 43.71819], [6.08734, 43.72046], [6.09056, 43.72342], [6.09174, 43.72532], [6.09164, 43.72794], [6.0903, 43.72897], [6.09228, 43.73003], [6.0953, 43.72962], [6.09641, 43.73043], [6.09794, 43.733], [6.10287, 43.73634], [6.10632, 43.7416], [6.10706, 43.74351], [6.10673, 43.74446], [6.10875, 43.74574], [6.11104, 43.74567], [6.11474, 43.74614], [6.11642, 43.74504], [6.11668, 43.74165], [6.11872, 43.74033], [6.12266, 43.7387], [6.12755, 43.73742], [6.1297, 43.73622], [6.13174, 43.737], [6.13638, 43.73667], [6.14149, 43.7378], [6.1443, 43.74005], [6.14567, 43.74005], [6.15054, 43.74233], [6.15429, 43.74364], [6.16252, 43.7481], [6.16881, 43.75117], [6.17189, 43.75354], [6.17506, 43.75641], [6.18289, 43.76218], [6.18443, 43.76672], [6.18795, 43.77517], [6.19064, 43.78017], [6.19283, 43.78226], [6.19733, 43.78746], [6.20273, 43.79102], [6.20696, 43.79502], [6.20945, 43.79692], [6.21241, 43.7984], [6.21671, 43.79951], [6.22307, 43.79993], [6.23079, 43.79893], [6.23336, 43.79903], [6.23727, 43.80093], [6.24223, 43.80238], [6.24563, 43.80239], [6.25422, 43.80043], [6.25738, 43.79744], [6.25795, 43.79562], [6.25992, 43.79262], [6.26052, 43.79017], [6.26055, 43.78795], [6.2618, 43.78602], [6.26199, 43.7834], [6.26289, 43.78188], [6.26678, 43.77963], [6.26862, 43.77722], [6.27, 43.77668], [6.27428, 43.77644], [6.27837, 43.77432], [6.28231, 43.77359], [6.28318, 43.77199], [6.28797, 43.7698], [6.28852, 43.76887], [6.29035, 43.7684], [6.29307, 43.76546], [6.29499, 43.76418], [6.30003, 43.76437], [6.30102, 43.76316], [6.30336, 43.76389], [6.30411, 43.7631], [6.3066, 43.76324], [6.30805, 43.76135], [6.30932, 43.76107], [6.3106, 43.75941], [6.31268, 43.75915], [6.31415, 43.75797], [6.31733, 43.75791], [6.31838, 43.75607], [6.31697, 43.75553], [6.31686, 43.7536], [6.3185, 43.75317], [6.32113, 43.75363], [6.32292, 43.75334], [6.32555, 43.74982], [6.32543, 43.74812], [6.32628, 43.74687], [6.32978, 43.7453], [6.33513, 43.74444], [6.33636, 43.74336], [6.33826, 43.74284], [6.3415, 43.74299], [6.3451, 43.74197], [6.34709, 43.73947], [6.34857, 43.73906], [6.34997, 43.73684], [6.35117, 43.73617], [6.35635, 43.73652], [6.35891, 43.73577], [6.36188, 43.7384], [6.36495, 43.74064], [6.37063, 43.74197], [6.372, 43.74291], [6.37474, 43.743], [6.37745, 43.7415], [6.37956, 43.73868], [6.37939, 43.7363], [6.38, 43.73524], [6.38354, 43.73443], [6.38528, 43.73703], [6.38887, 43.73866], [6.39128, 43.74115], [6.39203, 43.74314], [6.39399, 43.74532], [6.39559, 43.74788], [6.39738, 43.74863], [6.40264, 43.75277], [6.40681, 43.75208], [6.40756, 43.75557], [6.40665, 43.75682], [6.40941, 43.75893], [6.41335, 43.76023], [6.4137, 43.76282], [6.41338, 43.76721], [6.41009, 43.77188], [6.41101, 43.77427], [6.41215, 43.77559], [6.41295, 43.77813], [6.41418, 43.79061], [6.41443, 43.79159], [6.41801, 43.79119], [6.42352, 43.78973], [6.42779, 43.79048], [6.43069, 43.7919], [6.43284, 43.79161], [6.43439, 43.79236], [6.43653, 43.79183], [6.43826, 43.79254], [6.4389, 43.79368], [6.43881, 43.79775], [6.44171, 43.79664], [6.44425, 43.79638], [6.44529, 43.7945], [6.44803, 43.79358], [6.45079, 43.79389], [6.45483, 43.79364], [6.45683, 43.79313], [6.46047, 43.79366], [6.46682, 43.79799], [6.46836, 43.79789], [6.46986, 43.79873], [6.47078, 43.79699], [6.47329, 43.79703], [6.47491, 43.79815], [6.47743, 43.79584], [6.47974, 43.79252], [6.48081, 43.7927], [6.48208, 43.79107], [6.4869, 43.79171], [6.48841, 43.79284], [6.49109, 43.79363], [6.49375, 43.79349], [6.49779, 43.79605], [6.50514, 43.79979], [6.50944, 43.80072], [6.51136, 43.80249], [6.51258, 43.80285], [6.51739, 43.80678], [6.51728, 43.80876], [6.52107, 43.80781], [6.52476, 43.80637], [6.52986, 43.8028], [6.531, 43.80131], [6.53381, 43.7996], [6.53489, 43.79811], [6.53728, 43.79675], [6.54241, 43.79188], [6.54337, 43.79058], [6.5437, 43.78643], [6.54601, 43.78557], [6.54671, 43.78307], [6.54484, 43.78192], [6.54438, 43.78082], [6.54176, 43.77831], [6.54215, 43.7755], [6.54568, 43.7753], [6.54816, 43.77682], [6.55035, 43.77885], [6.54987, 43.78034], [6.55271, 43.78276], [6.55486, 43.78412], [6.55796, 43.78397], [6.55995, 43.78483], [6.56066, 43.78607], [6.56289, 43.78684], [6.5654, 43.78981], [6.5672, 43.79141], [6.57238, 43.79157], [6.57519, 43.79377], [6.57764, 43.79494], [6.58021, 43.79687], [6.58118, 43.79815], [6.58532, 43.80051], [6.58691, 43.80532], [6.59347, 43.8048], [6.6023, 43.80294], [6.6058, 43.80304], [6.60839, 43.80375], [6.6112, 43.8054], [6.61626, 43.80508], [6.61931, 43.80577], [6.62372, 43.80475], [6.62421, 43.80135], [6.62327, 43.79846], [6.62554, 43.79734], [6.62733, 43.79537], [6.62793, 43.79157], [6.63111, 43.78996], [6.63427, 43.78894], [6.6364, 43.78895], [6.63707, 43.78716], [6.6354, 43.78566], [6.63633, 43.78381], [6.63647, 43.78223], [6.63885, 43.78007], [6.64085, 43.78008], [6.64232, 43.77881], [6.64401, 43.77901], [6.64522, 43.77784], [6.64513, 43.77649], [6.64596, 43.77515], [6.64442, 43.7744], [6.64337, 43.77277], [6.6401, 43.76974], [6.64009, 43.76861], [6.64994, 43.76663], [6.6521, 43.76545], [6.65399, 43.76223], [6.65495, 43.75994], [6.65559, 43.75672], [6.65551, 43.75424], [6.65635, 43.75195], [6.65764, 43.74997], [6.65742, 43.74872], [6.66079, 43.74791], [6.66418, 43.74927], [6.66626, 43.75063], [6.67075, 43.75154], [6.67579, 43.75429], [6.6788, 43.75714], [6.68271, 43.75794], [6.68732, 43.75712], [6.69295, 43.75506], [6.69694, 43.75518], [6.7014, 43.75407], [6.70719, 43.74997], [6.70859, 43.74807], [6.71391, 43.746], [6.71251, 43.74002], [6.71498, 43.73866], [6.71942, 43.73814], [6.72294, 43.7385], [6.72895, 43.73826], [6.73226, 43.73849], [6.7353, 43.73824], [6.73799, 43.73845], [6.74201, 43.73744], [6.74625, 43.73682], [6.74798, 43.73839], [6.75121, 43.73997], [6.75247, 43.74105], [6.75365, 43.73843], [6.75322, 43.73701], [6.75545, 43.73688], [6.75555, 43.73552], [6.75733, 43.73365], [6.75779, 43.73062], [6.75652, 43.73021], [6.75612, 43.72734], [6.75827, 43.72527], [6.76234, 43.72321], [6.76439, 43.72314], [6.76666, 43.72206], [6.76628, 43.72108], [6.76717, 43.71708], [6.76658, 43.71688], [6.76785, 43.71286], [6.76681, 43.71061], [6.76765, 43.70931], [6.77257, 43.70614], [6.77424, 43.70364], [6.77378, 43.70168], [6.77255, 43.69929], [6.77236, 43.69759], [6.77353, 43.6965], [6.77243, 43.6952], [6.77371, 43.69474], [6.77435, 43.69341], [6.77185, 43.69315], [6.76911, 43.69059], [6.76698, 43.69027], [6.76446, 43.68821], [6.76533, 43.68655], [6.76516, 43.68498], [6.76309, 43.68231], [6.76104, 43.68054], [6.76238, 43.6776], [6.76127, 43.67534], [6.76188, 43.67438], [6.7598, 43.67392], [6.76038, 43.67084], [6.76171, 43.66934], [6.7608, 43.66649], [6.76189, 43.66514], [6.76246, 43.66286], [6.76582, 43.6603], [6.76973, 43.66041], [6.77628, 43.65989], [6.77725, 43.65882], [6.77767, 43.65627], [6.78324, 43.65362], [6.78566, 43.65096], [6.78557, 43.64975], [6.78443, 43.64862], [6.78698, 43.64685], [6.78931, 43.64397], [6.79139, 43.6428], [6.7917, 43.64188], [6.79392, 43.63932], [6.79381, 43.63545], [6.79197, 43.63399], [6.79283, 43.63314], [6.79493, 43.63284], [6.79721, 43.63095], [6.79874, 43.62818], [6.80009, 43.62727], [6.80253, 43.62672], [6.80672, 43.62791], [6.80776, 43.62864], [6.8111, 43.62927], [6.81286, 43.63051], [6.81679, 43.62976], [6.81736, 43.62826], [6.81915, 43.6267], [6.82332, 43.62427], [6.82519, 43.62277], [6.82833, 43.62147], [6.83084, 43.622], [6.8329, 43.62129], [6.83577, 43.61905], [6.83605, 43.61773], [6.83875, 43.61741], [6.84073, 43.61489], [6.83878, 43.61361], [6.84028, 43.61296], [6.84461, 43.61279], [6.84547, 43.61096], [6.84664, 43.61082], [6.84906, 43.60847], [6.84977, 43.60641], [6.85172, 43.60441], [6.85435, 43.60456], [6.85404, 43.6062], [6.85265, 43.60846], [6.85303, 43.60935], [6.8564, 43.6089], [6.85748, 43.6108], [6.8596, 43.60999], [6.85961, 43.60774], [6.86091, 43.60615], [6.86375, 43.60599], [6.8654, 43.60317], [6.86651, 43.60304], [6.86737, 43.6045], [6.87034, 43.60601], [6.87231, 43.60749], [6.87765, 43.60692], [6.88082, 43.60603], [6.88534, 43.6067], [6.88846, 43.60784], [6.88975, 43.60928], [6.89427, 43.61153], [6.89523, 43.60938], [6.89787, 43.60827], [6.89867, 43.60595], [6.9007, 43.60491], [6.90301, 43.60261], [6.90575, 43.60255], [6.90723, 43.60104], [6.90801, 43.59908], [6.9095, 43.59839], [6.91199, 43.59833], [6.91099, 43.59661], [6.90897, 43.59458], [6.90563, 43.59305], [6.90481, 43.59113], [6.90335, 43.58921], [6.9029, 43.58738], [6.90171, 43.5864], [6.90185, 43.5849], [6.89843, 43.58156], [6.89878, 43.57961], [6.90222, 43.576], [6.90439, 43.57525], [6.90552, 43.57371], [6.90786, 43.57271], [6.9083, 43.56873], [6.90888, 43.56739], [6.90824, 43.56391], [6.90292, 43.5648], [6.90104, 43.56384], [6.89813, 43.56003], [6.89763, 43.55744], [6.8878, 43.55274], [6.88497, 43.54875], [6.88331, 43.54418], [6.88314, 43.54121], [6.88179, 43.53896], [6.88137, 43.53732], [6.87954, 43.53536], [6.87914, 43.53245], [6.87981, 43.53156], [6.87876, 43.52917], [6.88109, 43.52975], [6.88381, 43.52869], [6.88516, 43.52922], [6.88624, 43.52801], [6.88812, 43.52758], [6.89347, 43.52781], [6.89638, 43.52716], [6.89502, 43.52626], [6.89578, 43.52321], [6.89537, 43.51858], [6.89305, 43.51679], [6.89183, 43.51368], [6.89113, 43.51092], [6.8896, 43.51039], [6.88853, 43.50854], [6.88711, 43.50851], [6.88655, 43.50614], [6.88472, 43.50409], [6.88423, 43.50254], [6.88565, 43.50234], [6.88672, 43.50108], [6.88842, 43.50142], [6.89291, 43.50102], [6.8944, 43.49938], [6.89759, 43.4983], [6.89919, 43.49721], [6.89974, 43.49565], [6.90392, 43.49507], [6.90546, 43.49433], [6.9091, 43.49477], [6.91266, 43.49369], [6.91259, 43.49189], [6.91161, 43.48958], [6.91281, 43.48759], [6.91389, 43.48466], [6.91381, 43.48277], [6.91594, 43.48232], [6.92039, 43.48224], [6.92307, 43.48077], [6.92496, 43.48124], [6.92811, 43.48111], [6.93373, 43.48007], [6.9317, 43.48029], [6.9313, 43.47914], [6.93329, 43.4777], [6.93241, 43.4767], [6.92995, 43.47694], [6.93113, 43.4754], [6.93071, 43.47465], [6.927, 43.47466], [6.9246, 43.47255], [6.92392, 43.46924], [6.9249, 43.46822], [6.92432, 43.46643], [6.92478, 43.46362], [6.92355, 43.46195], [6.92345, 43.4607], [6.92231, 43.45957], [6.9223, 43.45695], [6.92373, 43.45635], [6.9222, 43.45426], [6.92072, 43.45333], [6.92131, 43.45217], [6.92278, 43.45207], [6.92398, 43.4505], [6.91966, 43.45018], [6.92055, 43.44937], [6.91843, 43.44765], [6.91556, 43.44808], [6.9147, 43.44735], [6.91035, 43.44654], [6.90906, 43.44479], [6.90479, 43.44496], [6.90563, 43.4437], [6.90107, 43.44307], [6.89994, 43.44195], [6.89969, 43.44044], [6.89676, 43.43862], [6.89623, 43.43714], [6.89289, 43.43738], [6.89317, 43.43529], [6.89655, 43.43402], [6.89167, 43.42845], [6.88879, 43.42802], [6.88701, 43.42891], [6.88488, 43.42706], [6.88214, 43.42839], [6.87894, 43.42784], [6.87917, 43.42603], [6.87536, 43.42636], [6.87034, 43.42534], [6.86987, 43.42645], [6.87123, 43.42716], [6.87131, 43.42841], [6.86887, 43.42964], [6.86781, 43.43275], [6.86525, 43.43393], [6.86284, 43.43402], [6.85974, 43.43325], [6.85772, 43.4318], [6.857, 43.43047], [6.85781, 43.429], [6.85973, 43.42821], [6.85828, 43.42623], [6.85669, 43.42553], [6.85812, 43.42408], [6.85853, 43.42207], [6.86043, 43.42106], [6.85966, 43.41999], [6.85942, 43.41754], [6.86055, 43.41704], [6.85975, 43.41527], [6.85678, 43.41435], [6.85631, 43.41152], [6.85422, 43.41161], [6.85242, 43.41073], [6.85002, 43.41169], [6.84727, 43.41446], [6.84543, 43.41557], [6.84251, 43.41632], [6.83814, 43.41654], [6.83464, 43.41595], [6.833, 43.41723], [6.83098, 43.4175], [6.82908, 43.41851], [6.82714, 43.41738], [6.82294, 43.41669], [6.82088, 43.41555], [6.81875, 43.41586], [6.8147, 43.41562], [6.80956, 43.41316], [6.80731, 43.41348], [6.80658, 43.41445], [6.80272, 43.41326], [6.79904, 43.41295], [6.7977, 43.4139], [6.79436, 43.41241], [6.79478, 43.41042], [6.78898, 43.40807], [6.78708, 43.40914], [6.78411, 43.40903], [6.78288, 43.41002], [6.78219, 43.41261], [6.78029, 43.41251], [6.77835, 43.4148], [6.77555, 43.41636], [6.77412, 43.41781], [6.7698, 43.41951], [6.76963, 43.42069], [6.76567, 43.42133], [6.76627, 43.42375], [6.76341, 43.42449], [6.75965, 43.42387], [6.75346, 43.422], [6.74842, 43.41981], [6.74549, 43.41789], [6.73981, 43.41288], [6.73598, 43.40871], [6.73338, 43.40534], [6.73307, 43.40432], [6.72951, 43.39725], [6.7284, 43.39305], [6.73002, 43.39146], [6.73114, 43.39164], [6.73264, 43.39013], [6.73065, 43.38742], [6.72899, 43.38677], [6.72815, 43.38526], [6.72595, 43.38313], [6.72607, 43.38137], [6.72447, 43.38157], [6.72327, 43.38022], [6.72152, 43.38016], [6.72051, 43.37807], [6.72133, 43.37737], [6.72021, 43.3757], [6.71774, 43.37404], [6.71716, 43.37289], [6.71407, 43.37179], [6.71406, 43.37018], [6.71493, 43.36856], [6.71309, 43.36701], [6.71408, 43.36521], [6.71382, 43.36428], [6.71509, 43.36314], [6.71719, 43.3623], [6.71773, 43.36129], [6.7189, 43.35677], [6.7143, 43.35398], [6.71297, 43.35268], [6.71527, 43.35192], [6.71578, 43.34874], [6.71655, 43.3475], [6.71111, 43.34483], [6.70536, 43.34396], [6.70296, 43.34414], [6.69848, 43.34284], [6.6957, 43.3411], [6.6932, 43.34159], [6.69029, 43.34143], [6.68892, 43.34212], [6.68501, 43.34092], [6.68161, 43.34096], [6.68003, 43.3403], [6.67753, 43.33828], [6.67564, 43.33767], [6.67192, 43.33584], [6.67108, 43.33443], [6.66858, 43.33223], [6.66797, 43.32891], [6.66818, 43.32769], [6.66669, 43.32567], [6.66535, 43.32523], [6.66503, 43.3233], [6.66541, 43.31991], [6.66595, 43.31822], [6.67029, 43.31409], [6.6725, 43.314], [6.67131, 43.3126], [6.66814, 43.31241], [6.66272, 43.31352], [6.6616, 43.31415], [6.65924, 43.31391], [6.65572, 43.3123], [6.65467, 43.31139], [6.65045, 43.3093], [6.64911, 43.30795], [6.6449, 43.306], [6.64205, 43.30574], [6.63961, 43.30629], [6.63891, 43.30758], [6.63639, 43.30786], [6.63501, 43.3075], [6.63179, 43.30475], [6.62932, 43.30484], [6.62687, 43.30313], [6.62538, 43.29971], [6.62518, 43.29693], [6.62431, 43.29601], [6.62268, 43.2964], [6.61973, 43.29565], [6.61805, 43.29463], [6.61472, 43.29372], [6.61279, 43.29172], [6.61002, 43.29106], [6.60818, 43.28941], [6.60433, 43.28739], [6.60167, 43.28646], [6.60108, 43.28504], [6.59824, 43.28416], [6.59522, 43.28419], [6.59393, 43.28337], [6.58998, 43.28244], [6.58521, 43.27951], [6.58387, 43.2773], [6.5847, 43.27318], [6.58567, 43.27216], [6.58555, 43.27049], [6.5868, 43.26899], [6.58653, 43.26779], [6.5835, 43.26831], [6.58201, 43.26746], [6.58533, 43.26558], [6.58607, 43.26393], [6.58822, 43.26363], [6.58908, 43.26445], [6.59347, 43.26226], [6.59667, 43.26277], [6.59757, 43.26341], [6.60065, 43.26334], [6.60331, 43.26266], [6.60696, 43.26369], [6.6098, 43.26357], [6.61231, 43.26434], [6.61555, 43.2638], [6.6207, 43.2642], [6.62284, 43.26497], [6.62504, 43.26728], [6.62718, 43.26688], [6.62949, 43.26742], [6.62985, 43.26813], [6.63226, 43.26903], [6.63583, 43.27223], [6.63748, 43.27117], [6.63875, 43.2718], [6.63777, 43.27369], [6.64017, 43.27436], [6.64112, 43.27388], [6.64409, 43.27407], [6.64616, 43.27369], [6.64749, 43.27237], [6.64781, 43.27073], [6.65133, 43.27006], [6.65356, 43.27025], [6.6567, 43.26747], [6.66095, 43.26577], [6.66212, 43.26491], [6.66521, 43.26489], [6.66802, 43.26649], [6.66953, 43.26847], [6.6692, 43.27154], [6.66951, 43.27504], [6.66917, 43.27609], [6.67107, 43.27692], [6.67407, 43.27743], [6.6758, 43.27849], [6.67858, 43.27851], [6.68242, 43.27445], [6.68504, 43.27304], [6.68713, 43.27301], [6.68913, 43.27235], [6.68984, 43.27114], [6.69144, 43.27031], [6.69532, 43.26684], [6.69763, 43.26647], [6.6968, 43.26344], [6.69561, 43.26146], [6.69385, 43.26103], [6.69249, 43.25924], [6.69157, 43.25688], [6.69023, 43.25532], [6.69106, 43.25235], [6.68979, 43.25168], [6.68481, 43.25115], [6.68327, 43.2503], [6.68176, 43.24848], [6.68061, 43.24853], [6.67656, 43.24479], [6.6754, 43.24461], [6.6703, 43.24572], [6.66857, 43.24555], [6.66549, 43.2431], [6.66443, 43.24135], [6.66358, 43.23804], [6.66312, 43.2323], [6.66239, 43.22587], [6.66233, 43.22313], [6.66266, 43.21757], [6.66429, 43.21183], [6.66526, 43.21071], [6.66854, 43.21005], [6.66928, 43.20934], [6.66776, 43.20786], [6.66978, 43.20594], [6.67514, 43.20439], [6.67658, 43.2037], [6.67845, 43.20141], [6.68109, 43.19982], [6.67694, 43.19773], [6.67696, 43.19616], [6.67529, 43.19531], [6.6742, 43.19648], [6.67034, 43.19655], [6.66976, 43.19544], [6.66416, 43.19462], [6.65997, 43.19622], [6.65879, 43.19537], [6.65661, 43.19508], [6.65487, 43.19313], [6.6527, 43.19204], [6.65147, 43.19028], [6.64995, 43.18989], [6.64671, 43.18763], [6.64563, 43.18786], [6.64305, 43.1871], [6.64198, 43.18601], [6.64331, 43.18303], [6.64243, 43.18207], [6.64076, 43.18191], [6.64032, 43.17994], [6.64091, 43.17523], [6.63974, 43.1737], [6.63998, 43.17261], [6.64402, 43.17155], [6.64681, 43.16919], [6.64664, 43.16771], [6.64479, 43.16761], [6.64337, 43.16843], [6.64261, 43.16989], [6.64111, 43.17121], [6.6389, 43.17215], [6.63411, 43.17233], [6.6308, 43.17088], [6.62991, 43.16952], [6.62749, 43.16853], [6.62674, 43.16658], [6.62216, 43.16445], [6.62139, 43.16237], [6.62253, 43.16097], [6.62092, 43.15927], [6.61829, 43.15942], [6.61797, 43.16182], [6.61423, 43.16553], [6.60979, 43.16637], [6.61033, 43.16784], [6.60811, 43.17036], [6.60858, 43.17178], [6.60695, 43.1731], [6.60351, 43.17337], [6.60271, 43.17416], [6.60447, 43.1755], [6.60289, 43.17831], [6.60278, 43.18034], [6.60173, 43.18209], [6.59721, 43.18429], [6.59073, 43.1858], [6.58482, 43.18589], [6.58099, 43.18656], [6.57784, 43.18574], [6.57547, 43.18686], [6.57502, 43.18765], [6.56961, 43.18677], [6.56733, 43.18771], [6.56559, 43.18733], [6.562, 43.18909], [6.55221, 43.18734], [6.54843, 43.18604], [6.54467, 43.18423], [6.5414, 43.18233], [6.53691, 43.17881], [6.53467, 43.17592], [6.53408, 43.17279], [6.53503, 43.17149], [6.54, 43.17013], [6.53984, 43.16873], [6.53714, 43.16712], [6.53542, 43.1671], [6.53509, 43.16603], [6.5366, 43.16467], [6.5346, 43.16334], [6.5298, 43.16537], [6.5279, 43.16436], [6.52462, 43.16597], [6.52072, 43.16486], [6.5191, 43.16379], [6.51856, 43.162], [6.51524, 43.16118], [6.51224, 43.15882], [6.50959, 43.15864], [6.50842, 43.15512], [6.50305, 43.15591], [6.50119, 43.15557], [6.5009, 43.15411], [6.49842, 43.15392], [6.4967, 43.15313], [6.49664, 43.15119], [6.49171, 43.1511], [6.49059, 43.15297], [6.48906, 43.15291], [6.48678, 43.15201], [6.4869, 43.15115], [6.48186, 43.15377], [6.47934, 43.15476], [6.47764, 43.15608], [6.47441, 43.1557], [6.47222, 43.15408], [6.46818, 43.1545], [6.4678, 43.15613], [6.46415, 43.15753], [6.4614, 43.15708], [6.45575, 43.15454], [6.45341, 43.15531], [6.45091, 43.15382], [6.44921, 43.15339], [6.44713, 43.15162], [6.44873, 43.14908], [6.44636, 43.14763], [6.44493, 43.14566], [6.4415, 43.14334], [6.43866, 43.14224], [6.43917, 43.14411], [6.4401, 43.14512], [6.43938, 43.14731], [6.43575, 43.14992], [6.43231, 43.15098], [6.42907, 43.15143], [6.42579, 43.151], [6.42264, 43.14998], [6.42055, 43.1483], [6.42062, 43.14659], [6.41664, 43.14873], [6.41332, 43.14942], [6.4112, 43.14919], [6.4097, 43.14794], [6.40838, 43.14847], [6.40362, 43.14915], [6.402, 43.14867], [6.39902, 43.14686], [6.39792, 43.14418], [6.39564, 43.1438], [6.39552, 43.14523], [6.39402, 43.14553], [6.39165, 43.14447], [6.38888, 43.14396], [6.38757, 43.1449], [6.38445, 43.14402], [6.38284, 43.14296], [6.38127, 43.14058], [6.38121, 43.13896], [6.37912, 43.13791], [6.37467, 43.13653], [6.37344, 43.13757], [6.36872, 43.13697], [6.36582, 43.13326], [6.36381, 43.12706], [6.36484, 43.12396], [6.36327, 43.12252], [6.3665, 43.12123], [6.36582, 43.12027], [6.36356, 43.11958], [6.36261, 43.1212], [6.36082, 43.12099], [6.35976, 43.1199], [6.35938, 43.11596], [6.36148, 43.11259], [6.36403, 43.11101], [6.36002, 43.10985], [6.35873, 43.10818], [6.35876, 43.10665], [6.35964, 43.10522], [6.36154, 43.10407], [6.36653, 43.1034], [6.36723, 43.10274], [6.36719, 43.09935], [6.36635, 43.09605], [6.36461, 43.09572], [6.36395, 43.09325], [6.36529, 43.09308], [6.36625, 43.09188], [6.36841, 43.09265], [6.37076, 43.09135], [6.3676, 43.09001], [6.36506, 43.09043], [6.36435, 43.08631], [6.36207, 43.08715], [6.36122, 43.08813], [6.35907, 43.08916], [6.35743, 43.08862], [6.35502, 43.08921], [6.35355, 43.08849], [6.35093, 43.08891], [6.34928, 43.08819], [6.34772, 43.08852], [6.3451, 43.09078], [6.3438, 43.09069], [6.34114, 43.08862], [6.33926, 43.08995], [6.33648, 43.0896], [6.33515, 43.09095], [6.33253, 43.08951], [6.33202, 43.09188], [6.3307, 43.09166], [6.32944, 43.09301], [6.3253, 43.0928], [6.32152, 43.09139], [6.3208, 43.09246], [6.32154, 43.09346], [6.32493, 43.09438], [6.32537, 43.0954], [6.32456, 43.09913], [6.32282, 43.10072], [6.32083, 43.10033], [6.3187, 43.10252], [6.31953, 43.10386], [6.31759, 43.10446], [6.31667, 43.10617], [6.31259, 43.10774], [6.30924, 43.10832], [6.30299, 43.10777], [6.29944, 43.10605], [6.29946, 43.10835], [6.29701, 43.11015], [6.29505, 43.10968], [6.29378, 43.10788], [6.29243, 43.109], [6.28933, 43.10672], [6.28858, 43.10932], [6.28725, 43.10959], [6.28631, 43.1113], [6.28832, 43.11185], [6.28816, 43.1142], [6.28581, 43.11564], [6.28348, 43.11513], [6.28231, 43.11679], [6.27825, 43.11689], [6.27736, 43.11809], [6.27756, 43.11948], [6.27494, 43.12074], [6.27182, 43.12099], [6.26667, 43.12027], [6.26572, 43.12098], [6.26223, 43.1211], [6.25967, 43.12047], [6.25656, 43.11891], [6.2535, 43.11839], [6.25011, 43.11738], [6.24774, 43.11592], [6.24199, 43.11429], [6.23946, 43.11325], [6.23433, 43.11301], [6.23023, 43.1132], [6.22701, 43.11385], [6.22431, 43.11394], [6.22213, 43.11448], [6.21845, 43.1146], [6.21135, 43.11606], [6.20808, 43.11644], [6.20209, 43.11543], [6.20103, 43.11606], [6.19579, 43.1135], [6.19202, 43.10993], [6.18399, 43.10854], [6.18185, 43.10784], [6.17853, 43.1057], [6.17637, 43.1037], [6.17384, 43.10081], [6.17243, 43.10087], [6.17045, 43.09975], [6.16816, 43.09763], [6.16562, 43.09433], [6.16045, 43.08929], [6.1592, 43.0869], [6.16003, 43.08575], [6.15808, 43.08486], [6.15827, 43.08292], [6.15688, 43.08237], [6.15629, 43.08002], [6.15475, 43.07984], [6.15434, 43.07621], [6.15343, 43.07551], [6.15309, 43.07188], [6.15146, 43.06757], [6.15121, 43.06564], [6.15028, 43.06446], [6.1494, 43.05655], [6.14933, 43.0516], [6.14996, 43.04585], [6.15204, 43.03718], [6.15315, 43.03525], [6.15616, 43.03497], [6.15715, 43.03435], [6.16138, 43.03398], [6.16942, 43.03497], [6.16954, 43.03402], [6.17266, 43.03282], [6.17132, 43.03228], [6.16922, 43.0329], [6.16578, 43.03189], [6.16541, 43.03105], [6.16026, 43.03005], [6.15884, 43.02907], [6.15481, 43.02736], [6.15369, 43.02816], [6.15048, 43.02791], [6.14877, 43.0259], [6.14678, 43.02763], [6.14461, 43.02815], [6.14202, 43.0299], [6.13695, 43.03039], [6.13709, 43.03161], [6.13526, 43.03288], [6.13613, 43.03402], [6.13616, 43.03551], [6.13466, 43.03619], [6.13207, 43.03583], [6.13164, 43.03498], [6.1296, 43.03461], [6.12664, 43.03556], [6.12692, 43.03407], [6.12528, 43.03354], [6.12544, 43.03191], [6.12377, 43.03174], [6.12291, 43.03285], [6.12004, 43.03204], [6.11672, 43.03476], [6.11256, 43.0351], [6.11193, 43.03398], [6.11007, 43.03266], [6.10807, 43.03222], [6.10707, 43.0301], [6.10504, 43.03092], [6.10338, 43.03085], [6.10379, 43.02854], [6.10318, 43.02752], [6.10141, 43.02789], [6.10083, 43.02913], [6.09702, 43.02727], [6.09517, 43.02922], [6.0959, 43.03088], [6.09765, 43.03261], [6.09629, 43.03333], [6.09342, 43.03352], [6.09264, 43.03482], [6.09126, 43.03536], [6.09122, 43.03676], [6.09304, 43.03719], [6.09287, 43.03863], [6.09378, 43.04036], [6.09596, 43.03998], [6.10002, 43.04092], [6.1013, 43.0407], [6.10482, 43.04211], [6.10623, 43.0409], [6.1102, 43.03967], [6.11407, 43.03968], [6.11777, 43.03892], [6.11999, 43.03916], [6.1226, 43.04066], [6.12456, 43.04054], [6.12819, 43.04267], [6.13161, 43.04801], [6.13303, 43.05495], [6.13233, 43.05952], [6.1314, 43.06234], [6.13066, 43.06318], [6.13037, 43.06553], [6.12783, 43.07305], [6.12545, 43.07827], [6.12406, 43.07931], [6.11896, 43.08055], [6.11762, 43.08182], [6.11399, 43.08366], [6.10961, 43.08389], [6.10479, 43.08378], [6.09978, 43.08332], [6.09578, 43.0844], [6.09231, 43.08578], [6.08619, 43.08724], [6.08528, 43.08651], [6.08244, 43.08724], [6.0798, 43.08723], [6.07878, 43.08771], [6.07647, 43.08694], [6.07492, 43.08496], [6.07087, 43.0851], [6.06867, 43.0831], [6.06386, 43.08298], [6.06123, 43.08222], [6.05744, 43.08253], [6.05667, 43.08106], [6.05286, 43.08002], [6.05126, 43.07894], [6.04389, 43.07909], [6.0432, 43.07876], [6.03749, 43.07886], [6.03213, 43.07751], [6.02794, 43.07832], [6.02715, 43.07879], [6.02154, 43.07826], [6.01915, 43.08059], [6.01791, 43.0813], [6.01682, 43.08364], [6.02145, 43.08596], [6.02105, 43.08724], [6.0241, 43.09011], [6.02481, 43.09162], [6.02347, 43.09481], [6.01988, 43.09642], [6.01918, 43.09806], [6.0144, 43.09819], [6.01384, 43.10018], [6.01117, 43.10179], [6.00546, 43.10396], [6.00185, 43.10332], [5.99936, 43.1048], [5.99328, 43.10499], [5.99219, 43.10319], [5.99084, 43.10413], [5.98907, 43.10441], [5.9851, 43.10661], [5.98157, 43.10641], [5.97951, 43.10697], [5.97765, 43.10563], [5.97682, 43.10724], [5.97482, 43.10767], [5.9716, 43.10619], [5.97221, 43.10428], [5.97032, 43.10448], [5.96812, 43.10356], [5.96764, 43.10488], [5.96315, 43.10692], [5.95868, 43.10706], [5.95579, 43.10823], [5.95472, 43.10674], [5.95054, 43.10656], [5.94899, 43.10756], [5.94717, 43.10698], [5.94468, 43.10729], [5.94407, 43.10649], [5.94164, 43.10693], [5.94094, 43.10776], [5.93777, 43.10697], [5.93392, 43.10425], [5.93248, 43.10385], [5.93024, 43.10229], [5.92864, 43.10261], [5.92568, 43.10231], [5.92579, 43.10397], [5.93079, 43.11173], [5.93023, 43.1136], [5.93153, 43.11378], [5.93445, 43.11324], [5.93326, 43.11689], [5.93233, 43.11782], [5.93433, 43.1186], [5.92999, 43.12091], [5.92851, 43.12082], [5.92788, 43.1185], [5.92611, 43.11558], [5.92264, 43.11521], [5.9221, 43.11846], [5.92262, 43.11911], [5.92733, 43.11955], [5.92708, 43.1215], [5.92318, 43.12325], [5.92144, 43.12186], [5.92063, 43.12391], [5.91757, 43.12185], [5.91963, 43.12128], [5.9198, 43.12002], [5.9139, 43.11935], [5.91368, 43.12066], [5.91466, 43.12276], [5.91271, 43.12294], [5.91082, 43.11922], [5.90748, 43.11888], [5.90766, 43.11662], [5.91129, 43.11677], [5.91095, 43.11508], [5.90055, 43.11373], [5.89921, 43.11301], [5.89574, 43.11466], [5.89743, 43.11622], [5.89604, 43.11672], [5.89494, 43.11473], [5.89308, 43.1156], [5.88581, 43.11631], [5.88467, 43.11374], [5.88629, 43.11293], [5.88543, 43.11092], [5.88775, 43.11059], [5.89165, 43.10911], [5.89172, 43.10798], [5.88123, 43.10944], [5.88156, 43.10794], [5.88668, 43.10725], [5.88577, 43.10524], [5.88301, 43.10726], [5.88054, 43.105], [5.88213, 43.10411], [5.88316, 43.10257], [5.88826, 43.10359], [5.89528, 43.10287], [5.89668, 43.10368], [5.901, 43.104], [5.90488, 43.10292], [5.90641, 43.10193], [5.90931, 43.10084], [5.90999, 43.09992], [5.90763, 43.09847], [5.90802, 43.09575], [5.91104, 43.09481], [5.91038, 43.0932], [5.90736, 43.09288], [5.90585, 43.09338], [5.90132, 43.0916], [5.8998, 43.08985], [5.899, 43.08784], [5.89477, 43.08171], [5.89679, 43.08048], [5.90017, 43.08145], [5.90065, 43.0791], [5.90684, 43.07881], [5.90957, 43.0794], [5.91239, 43.08318], [5.914, 43.08358], [5.91709, 43.08583], [5.921, 43.08443], [5.92195, 43.08301], [5.92203, 43.0813], [5.92462, 43.07824], [5.9274, 43.07748], [5.92801, 43.0784], [5.92621, 43.08021], [5.92895, 43.08292], [5.93025, 43.08189], [5.93165, 43.08284], [5.9382, 43.08456], [5.94409, 43.08199], [5.94689, 43.07978], [5.94936, 43.07884], [5.95096, 43.07677], [5.95152, 43.07386], [5.9511, 43.07203], [5.94785, 43.06903], [5.94704, 43.06775], [5.94389, 43.06641], [5.94275, 43.06785], [5.94101, 43.06867], [5.93992, 43.07005], [5.9375, 43.07066], [5.93664, 43.07173], [5.93237, 43.07115], [5.93058, 43.07188], [5.9286, 43.07172], [5.92664, 43.06989], [5.92256, 43.06939], [5.92146, 43.06861], [5.919, 43.06842], [5.91629, 43.06738], [5.91494, 43.06733], [5.91246, 43.06597], [5.90932, 43.06778], [5.90729, 43.07001], [5.90666, 43.07278], [5.90357, 43.07337], [5.90103, 43.07313], [5.89932, 43.07432], [5.89973, 43.07611], [5.89846, 43.07759], [5.89683, 43.07809], [5.89285, 43.07835], [5.8902, 43.07804], [5.88674, 43.07697], [5.88564, 43.07475], [5.88285, 43.07222], [5.8806, 43.07261], [5.87858, 43.07051], [5.87527, 43.06868], [5.87229, 43.06918], [5.87228, 43.06571], [5.87089, 43.06526], [5.86877, 43.06353], [5.86798, 43.06175], [5.86528, 43.05981], [5.86324, 43.05753], [5.86215, 43.05562], [5.86202, 43.05343], [5.86279, 43.05168], [5.86054, 43.04901], [5.859, 43.04802], [5.85373, 43.04809], [5.84963, 43.04985], [5.84759, 43.04967], [5.84684, 43.0489], [5.84394, 43.04759], [5.8396, 43.048], [5.83851, 43.04916], [5.83455, 43.04991], [5.83112, 43.04898], [5.82881, 43.04936], [5.82717, 43.05081], [5.82699, 43.05208], [5.82443, 43.0532], [5.82168, 43.0536], [5.81957, 43.0574], [5.81974, 43.05948], [5.8169, 43.06104], [5.81686, 43.06276], [5.81575, 43.06365], [5.81224, 43.06371], [5.80644, 43.06741], [5.80471, 43.06737], [5.8019, 43.0684], [5.79845, 43.06846], [5.7957, 43.06963], [5.79378, 43.06856], [5.79239, 43.06869], [5.79469, 43.07141], [5.7949, 43.07289], [5.79653, 43.0747], [5.79973, 43.07455], [5.80371, 43.07668], [5.8034, 43.07863], [5.80628, 43.08043], [5.80666, 43.08195], [5.80468, 43.08273], [5.80585, 43.08381], [5.80529, 43.08483], [5.80597, 43.08607], [5.808, 43.087], [5.80787, 43.08998], [5.80892, 43.09102], [5.80824, 43.09239], [5.81127, 43.09266], [5.8125, 43.09587], [5.81176, 43.098], [5.80866, 43.09851], [5.80526, 43.0997], [5.80599, 43.10112], [5.80914, 43.10142], [5.81344, 43.10557], [5.81394, 43.10677], [5.81182, 43.11062], [5.81118, 43.11235], [5.80821, 43.11519], [5.80456, 43.11485], [5.80229, 43.11604], [5.80321, 43.11705], [5.80072, 43.11753], [5.79968, 43.11568], [5.79834, 43.11477], [5.79102, 43.11242], [5.78869, 43.11367], [5.79004, 43.11458], [5.78867, 43.11638], [5.7855, 43.11598], [5.7832, 43.11646], [5.77747, 43.11641], [5.77702, 43.11696], [5.77071, 43.11643], [5.76734, 43.11554], [5.76665, 43.11624], [5.76966, 43.11728], [5.77369, 43.12012], [5.77543, 43.12052], [5.77721, 43.12245], [5.77347, 43.12374], [5.77405, 43.12524], [5.77341, 43.12599], [5.77615, 43.12776], [5.77827, 43.12822], [5.78096, 43.13012], [5.78101, 43.13093], [5.77908, 43.13478], [5.77546, 43.13732], [5.77125, 43.13893], [5.76628, 43.13904], [5.76258, 43.13772], [5.76131, 43.13604], [5.75973, 43.13631], [5.75764, 43.13525], [5.7567, 43.13603], [5.75456, 43.13526], [5.75271, 43.13382], [5.7523, 43.13014], [5.7494, 43.13095], [5.74816, 43.13293], [5.74981, 43.13284], [5.75035, 43.13462], [5.74928, 43.13546], [5.74719, 43.13426], [5.74199, 43.13488], [5.7405, 43.13352], [5.73851, 43.13425], [5.7372, 43.13596], [5.73401, 43.13628], [5.73263, 43.13555], [5.72805, 43.13516], [5.72688, 43.13627], [5.72411, 43.13618], [5.72331, 43.13728], [5.72191, 43.14069], [5.72089, 43.14122], [5.72089, 43.14461], [5.71996, 43.14661], [5.71764, 43.14705], [5.71604, 43.14804], [5.71498, 43.14682], [5.71254, 43.14581], [5.71222, 43.14465], [5.7093, 43.14522], [5.70981, 43.14661], [5.70734, 43.14636], [5.70743, 43.14465], [5.70469, 43.14519], [5.70194, 43.14347], [5.69845, 43.14375], [5.69682, 43.14326], [5.69488, 43.14359], [5.69344, 43.14755], [5.69474, 43.14878], [5.69172, 43.15211], [5.68753, 43.153], [5.68584, 43.15471], [5.68344, 43.15483], [5.68219, 43.15545], [5.68391, 43.15779], [5.68396, 43.15949], [5.68279, 43.16079], [5.68551, 43.16211], [5.69002, 43.16346], [5.69037, 43.16426], [5.69255, 43.16487], [5.6941, 43.16622], [5.69421, 43.1682], [5.69511, 43.16989], [5.69461, 43.17179], [5.69244, 43.17487], [5.68958, 43.17766], [5.68674, 43.17968], [5.68459, 43.18006], [5.68124, 43.1794], [5.67934, 43.17846], [5.67697, 43.1789], [5.67619, 43.17814], [5.67401, 43.17781], [5.67188, 43.17927], [5.67321, 43.18094], [5.67553, 43.18745], [5.67613, 43.19283], [5.67739, 43.20002], [5.67798, 43.20156], [5.67855, 43.20515], [5.67834, 43.21016], [5.67848, 43.21407], [5.67798, 43.21978], [5.67925, 43.22448], [5.68025, 43.22697], [5.68112, 43.23109], [5.68391, 43.23606], [5.68994, 43.23718], [5.7024, 43.23917], [5.70354, 43.24153], [5.70451, 43.24166], [5.70157, 43.2467], [5.70249, 43.24827], [5.7038, 43.24892], [5.70892, 43.24934], [5.70964, 43.25131], [5.71147, 43.25332], [5.71276, 43.25332], [5.7181, 43.25502], [5.72083, 43.2564], [5.72316, 43.25705], [5.72968, 43.2578], [5.73273, 43.25768], [5.73309, 43.2592], [5.73491, 43.26171], [5.73715, 43.26232], [5.74073, 43.26245], [5.74326, 43.26349], [5.74509, 43.26322], [5.74626, 43.26408], [5.75043, 43.26396], [5.74984, 43.26604], [5.75704, 43.26642], [5.76093, 43.26734], [5.76053, 43.27468], [5.7602, 43.2769], [5.76187, 43.27855], [5.76124, 43.28009], [5.76246, 43.28083], [5.76279, 43.28236], [5.75625, 43.28406], [5.75545, 43.28552], [5.74984, 43.28927], [5.74558, 43.29426], [5.7405, 43.29913], [5.73659, 43.30213], [5.73523, 43.30351], [5.73288, 43.30713], [5.7266, 43.31736], [5.72185, 43.31735], [5.71705, 43.31646], [5.71095, 43.31643], [5.70644, 43.31531], [5.70197, 43.31503], [5.69363, 43.31377], [5.69104, 43.31296], [5.68914, 43.3151], [5.68328, 43.31856], [5.6802, 43.31951], [5.67552, 43.31956], [5.67806, 43.32086], [5.68057, 43.32057], [5.68533, 43.32274], [5.68583, 43.32494], [5.68673, 43.32607], [5.68981, 43.32746], [5.69059, 43.33129], [5.68868, 43.33635], [5.68645, 43.34019], [5.68745, 43.34114], [5.69347, 43.34446], [5.69525, 43.34569], [5.6975, 43.34818], [5.69961, 43.34961], [5.70061, 43.35128], [5.70363, 43.35401], [5.70503, 43.35592], [5.70351, 43.35769], [5.7003, 43.3602], [5.69941, 43.36168], [5.69584, 43.36283], [5.69461, 43.36395], [5.6953, 43.36561], [5.69418, 43.36612], [5.6932, 43.36826], [5.69286, 43.37091], [5.69317, 43.37349], [5.69119, 43.37797], [5.69046, 43.38046], [5.6898, 43.38787], [5.69031, 43.38832], [5.68919, 43.39034], [5.68673, 43.39272], [5.68279, 43.39916], [5.68745, 43.40198], [5.68922, 43.402], [5.69648, 43.40711], [5.70128, 43.40807], [5.70619, 43.40794], [5.71481, 43.40723], [5.7212, 43.40849], [5.72443, 43.40887], [5.73071, 43.40623], [5.73266, 43.40734], [5.74008, 43.40452], [5.75, 43.40151], [5.75367, 43.40241], [5.75529, 43.40232], [5.75864, 43.40319], [5.76259, 43.40474], [5.76516, 43.40465], [5.76814, 43.4061], [5.77062, 43.4068], [5.7739, 43.40845], [5.77712, 43.40894], [5.78435, 43.41334], [5.78636, 43.41391], [5.78835, 43.42026], [5.78651, 43.4205], [5.78567, 43.41971], [5.78084, 43.41968], [5.77594, 43.42055], [5.77445, 43.42223], [5.77039, 43.42331], [5.76753, 43.42468], [5.76394, 43.42805], [5.76214, 43.42875], [5.76234, 43.42963], [5.75699, 43.43158], [5.75462, 43.43341], [5.75066, 43.43451], [5.74684, 43.43783], [5.74871, 43.43996], [5.74904, 43.44199], [5.74629, 43.44256], [5.74451, 43.44341], [5.7364, 43.45418], [5.73267, 43.45878], [5.73333, 43.45995], [5.73013, 43.46081], [5.73139, 43.4628], [5.72784, 43.4669], [5.72513, 43.46858], [5.72207, 43.46964], [5.71415, 43.47461], [5.71546, 43.47635], [5.71281, 43.47826], [5.70759, 43.48003], [5.70682, 43.47949], [5.70399, 43.47936], [5.70373, 43.48261], [5.69952, 43.48213], [5.69864, 43.48342], [5.69888, 43.48522], [5.70266, 43.48897], [5.70294, 43.49175], [5.7022, 43.49457], [5.7025, 43.49614], [5.71196, 43.49707], [5.7135, 43.50022], [5.71583, 43.50321], [5.71614, 43.5043], [5.71139, 43.50528], [5.71391, 43.50854], [5.71347, 43.51134], [5.71243, 43.51291], [5.71407, 43.51494], [5.7157, 43.51588], [5.71646, 43.51712], [5.71654, 43.51957], [5.7173, 43.52071], [5.71798, 43.53183], [5.71746, 43.53432], [5.71786, 43.53818], [5.71976, 43.53909], [5.71942, 43.54114], [5.72132, 43.54368], [5.72021, 43.54548], [5.72259, 43.54843], [5.72414, 43.54883], [5.72507, 43.55126], [5.7218, 43.55191], [5.72051, 43.55115], [5.71712, 43.55109], [5.71498, 43.55147], [5.71088, 43.55362], [5.71028, 43.55456], [5.70754, 43.55577], [5.70477, 43.55796], [5.6982, 43.56077], [5.69582, 43.56214], [5.69359, 43.56253], [5.69088, 43.56356], [5.68719, 43.5633], [5.68525, 43.56278], [5.68195, 43.5635], [5.67865, 43.56329], [5.67567, 43.56413], [5.67119, 43.56495], [5.66932, 43.56464], [5.6666, 43.56584], [5.66515, 43.56769], [5.66266, 43.56975], [5.66118, 43.572], [5.65785, 43.57241], [5.65603, 43.574], [5.65597, 43.5774], [5.65859, 43.57802], [5.66063, 43.57796], [5.66948, 43.57982], [5.67142, 43.58111], [5.67817, 43.58136], [5.68243, 43.5829], [5.68715, 43.58339], [5.68851, 43.58426], [5.6916, 43.58443], [5.69002, 43.5883], [5.68727, 43.59222], [5.68607, 43.59513], [5.68258, 43.60032], [5.6833, 43.60179], [5.68169, 43.60419], [5.6818, 43.60736], [5.68115, 43.60835], [5.68123, 43.61059], [5.67806, 43.61137], [5.67944, 43.61446], [5.68335, 43.6135], [5.68642, 43.61351], [5.68755, 43.61487], [5.68513, 43.61575], [5.68407, 43.61812], [5.68647, 43.61882], [5.68919, 43.62419], [5.69044, 43.62447], [5.69237, 43.62905], [5.6936, 43.63095], [5.69837, 43.63616], [5.69973, 43.63739], [5.70197, 43.63746], [5.70222, 43.63969], [5.70065, 43.64145], [5.69871, 43.64246], [5.70178, 43.64422], [5.70966, 43.64093], [5.71299, 43.64446], [5.71557, 43.64656], [5.71897, 43.64984], [5.72075, 43.64914], [5.72322, 43.64963], [5.72601, 43.65085], [5.7283, 43.65122], [5.73497, 43.6536], [5.73911, 43.65473], [5.74166, 43.65594], [5.7448, 43.65678], [5.74755, 43.65699], [5.75449, 43.65796], [5.75902, 43.65813], [5.76736, 43.6595], [5.77098, 43.66102], [5.77511, 43.66044], [5.7796, 43.66089], [5.78149, 43.66028], [5.78849, 43.66013], [5.79137, 43.66067], [5.79782, 43.66051], [5.79873, 43.6612], [5.79957, 43.66519], [5.80154, 43.66887], [5.80158, 43.67076], [5.80033, 43.67287], [5.80298, 43.67567], [5.80283, 43.67726], [5.80381, 43.68033], [5.80782, 43.68313], [5.81324, 43.68896], [5.80916, 43.69017], [5.80695, 43.69267], [5.80568, 43.69334], [5.80172, 43.69356], [5.79689, 43.69262], [5.79364, 43.69235], [5.79179, 43.69345], [5.79074, 43.69496], [5.78764, 43.69695], [5.78727, 43.69809], [5.78392, 43.70233], [5.78219, 43.70689], [5.78544, 43.7135], [5.7875, 43.71602], [5.78529, 43.71752], [5.7807, 43.7172], [5.77547, 43.7188], [5.7767, 43.72247], [5.77218, 43.72235], [5.76771, 43.72251], [5.75678, 43.72403], [5.75365, 43.72462]]]]}}, {"type": "Feature", "geometry": {"type": "MultiPolygon", "coordinates": [[[[4.892909784975503, 44.36481842003465], [4.906627552610216, 44.37409911682911], [4.918515009368784, 44.40778504385655], [4.963297700567191, 44.42193444899826], [4.988609946346962, 44.42320030980228], [5.013305911983339, 44.405345557740354], [5.015759498726315, 44.39276614596861], [5.048760348502809, 44.381234267021824], [5.052014293962954, 44.364659059368094], [5.0270075535733945, 44.362835342005326], [5.023291388686099, 44.34594820774989], [4.978583367650993, 44.297463038388315], [4.922149021948395, 44.30878294851454], [4.8894629809408325, 44.30401919301177], [4.881629025271996, 44.32487165610533], [4.89532799567956, 44.33806148358807], [4.871546699824252, 44.349624687939915], [4.892909784975503, 44.36481842003465]]], [[[4.649223666100485, 44.270359865010946], [4.653469115901898, 44.302095538489496], [4.6506150134375535, 44.329805791511276], [4.679025302617316, 44.32048933622703], [4.720123840256769, 44.326714895236336], [4.762251228111598, 44.32538168266028], [4.804563291806201, 44.303896893827336], [4.8031008029072115, 44.27998919217419], [4.812665863343398, 44.257719064767414], [4.814096088903183, 44.23231467832123], [4.826652705578103, 44.22832506640777], [4.879050668886603, 44.26148357791232], [4.932910424012261, 44.2621518073366], [4.981451791724815, 44.2848325971684], [5.005535817021755, 44.286754820483196], [5.060564583015947, 44.30813976056077], [5.076512049103177, 44.2840860159789], [5.1045087340965685, 44.27953745155323], [5.172696360911815, 44.309393695074476], [5.167205149288734, 44.29205090874127], [5.1497271329806695, 44.28208386834487], [5.161547590528067, 44.24559067110522], [5.154903556803357, 44.230944996200954], [5.174965607033191, 44.22080662233339], [5.23814970804007, 44.213233332998946], [5.2565087145716225, 44.23005632855739], [5.292247629624085, 44.214467072564894], [5.3368331508273, 44.20353145731521], [5.354042708088259, 44.21342924717531], [5.384523055943825, 44.201046720663136], [5.383240887752097, 44.15528473021913], [5.43571830913588, 44.1516641531859], [5.45471645974309, 44.119227904662864], [5.498787806458752, 44.11571934778835], [5.5026367853279545, 44.06343920865494], [5.544598165016952, 44.06989191567907], [5.543633878090188, 44.02596177811475], [5.518062394104204, 43.99011201336662], [5.508647939314863, 43.959839793825395], [5.51208954255573, 43.94600228564646], [5.544991957929805, 43.93905484015686], [5.558844627129812, 43.942576073587574], [5.579927197959687, 43.925980406162694], [5.6064371876892, 43.91613043943877], [5.573186434978607, 43.86492031403171], [5.549174903324726, 43.8514199844283], [5.54452228126406, 43.81819693654997], [5.574599751241474, 43.83029407148107], [5.627700103254839, 43.830927143331614], [5.654445137414141, 43.82511098585937], [5.674483353980397, 43.807360446333846], [5.684551176087874, 43.78850163078797], [5.713394551246806, 43.77950341891952], [5.7184242970991175, 43.75512132052309], [5.7491639540055255, 43.7405464918297], [5.757332977582704, 43.72940911375532], [5.753650891000443, 43.72462222505303], [5.73694977606664, 43.71600369956981], [5.7173496269448085, 43.6935266901868], [5.6740823773888085, 43.69354548263312], [5.647750486437068, 43.675796002747234], [5.6069435191164425, 43.65868590516478], [5.571561902428718, 43.66192326389572], [5.532691768278144, 43.658982498850435], [5.439245661034277, 43.68110432174805], [5.341018959038618, 43.719703701701896], [5.31850282672, 43.73502143195822], [5.255713544202415, 43.74655792640453], [5.229990308924739, 43.74767288112555], [5.187972296540632, 43.73510332278256], [5.173314396868251, 43.7388086180006], [5.0496564330787725, 43.788726353015356], [5.029533445304739, 43.82779291313872], [4.996088984833567, 43.846062979958205], [4.966309299927298, 43.87164726913833], [4.925857913600155, 43.886492676966505], [4.902319279838385, 43.88793164631778], [4.885234592866442, 43.90014657326699], [4.853093547765335, 43.91138205123056], [4.82173604983078, 43.912827836405015], [4.739060856654237, 43.92405947349057], [4.779022226905269, 43.937890875835855], [4.815061095574236, 43.96762596960125], [4.8159847814707275, 43.98880175042401], [4.842106431474998, 43.98647433852841], [4.8376753047986, 44.01494231096372], [4.789122145192578, 44.05219781937887], [4.787978024928094, 44.06505409747017], [4.757852990967429, 44.07724513689432], [4.730134251131141, 44.0790279145671], [4.707458356688192, 44.10367246401244], [4.722074664233516, 44.18742154948267], [4.705782650078868, 44.192789712499234], [4.706545407713171, 44.21443008164891], [4.676647952353196, 44.212568030429516], [4.674835744164297, 44.23855142877028], [4.654069363595851, 44.25434245648795], [4.649223666100485, 44.270359865010946]]]]}, "properties": {"code": "84", "nom": "Vaucluse"}}, {"type": "Feature", "properties": {"code": "85", "nom": "Vend\u00e9e"}, "geometry": {"type": "MultiPolygon", "coordinates": [[[[-2.30479, 46.70942], [-2.30209, 46.70891], [-2.30043, 46.70677], [-2.29771, 46.70523], [-2.29291, 46.70076], [-2.2869, 46.69647], [-2.2821, 46.69114], [-2.28337, 46.69032], [-2.28351, 46.68787], [-2.28635, 46.68857], [-2.28629, 46.69093], [-2.28832, 46.69081], [-2.28909, 46.6925], [-2.2916, 46.69309], [-2.29467, 46.69317], [-2.29951, 46.69229], [-2.30197, 46.69334], [-2.30488, 46.69344], [-2.30642, 46.69471], [-2.30791, 46.69461], [-2.3096, 46.69592], [-2.31153, 46.69601], [-2.31533, 46.69503], [-2.31553, 46.69136], [-2.31802, 46.69143], [-2.32248, 46.69075], [-2.32399, 46.69092], [-2.32764, 46.6869], [-2.33089, 46.68699], [-2.33181, 46.68849], [-2.33525, 46.6896], [-2.34, 46.69002], [-2.34094, 46.69122], [-2.34031, 46.69209], [-2.34254, 46.69422], [-2.34383, 46.69253], [-2.34701, 46.69369], [-2.34935, 46.69199], [-2.35182, 46.69157], [-2.3522, 46.69285], [-2.35772, 46.69497], [-2.36387, 46.69466], [-2.367, 46.69794], [-2.3684, 46.69834], [-2.36902, 46.70165], [-2.37319, 46.70269], [-2.37591, 46.70306], [-2.37757, 46.70152], [-2.377, 46.70012], [-2.3793, 46.69853], [-2.38314, 46.70036], [-2.38182, 46.70139], [-2.37924, 46.70509], [-2.38298, 46.7064], [-2.38409, 46.70795], [-2.38681, 46.70735], [-2.38698, 46.70825], [-2.38992, 46.70983], [-2.39295, 46.70998], [-2.39358, 46.71292], [-2.39555, 46.71354], [-2.39638, 46.71532], [-2.39868, 46.7164], [-2.39881, 46.71754], [-2.39787, 46.71991], [-2.39927, 46.72128], [-2.39937, 46.72402], [-2.40048, 46.72606], [-2.39621, 46.72573], [-2.39241, 46.72697], [-2.38769, 46.72703], [-2.38663, 46.72761], [-2.387, 46.72962], [-2.38382, 46.73061], [-2.38234, 46.73333], [-2.37735, 46.73234], [-2.37425, 46.73366], [-2.37211, 46.73307], [-2.36995, 46.73168], [-2.36746, 46.73178], [-2.36383, 46.73071], [-2.36186, 46.73066], [-2.36056, 46.72927], [-2.35799, 46.72983], [-2.3545, 46.72797], [-2.35287, 46.72795], [-2.35118, 46.72876], [-2.34767, 46.72877], [-2.34453, 46.72799], [-2.34502, 46.72689], [-2.34323, 46.72348], [-2.34095, 46.72152], [-2.34005, 46.71969], [-2.33777, 46.71907], [-2.33467, 46.71902], [-2.33201, 46.71947], [-2.32841, 46.72065], [-2.32588, 46.72052], [-2.32339, 46.71974], [-2.32079, 46.72027], [-2.31835, 46.71986], [-2.31743, 46.71745], [-2.31454, 46.7161], [-2.31224, 46.71458], [-2.31227, 46.7134], [-2.31085, 46.71224], [-2.30625, 46.71117], [-2.30479, 46.70942]]], [[[-1.14857, 47.02955], [-1.14569, 47.02775], [-1.14525, 47.02618], [-1.14305, 47.02477], [-1.13981, 47.02446], [-1.13682, 47.02509], [-1.13454, 47.02457], [-1.13422, 47.02341], [-1.12948, 47.02171], [-1.1266, 47.0218], [-1.12282, 47.02146], [-1.11803, 47.02052], [-1.11368, 47.0184], [-1.11127, 47.01595], [-1.10777, 47.01565], [-1.10476, 47.01488], [-1.09928, 47.0146], [-1.09633, 47.0137], [-1.09425, 47.01534], [-1.09224, 47.0158], [-1.08927, 47.01468], [-1.08704, 47.01275], [-1.08429, 47.01172], [-1.08267, 47.01334], [-1.081, 47.0129], [-1.08033, 47.01174], [-1.07775, 47.01051], [-1.07413, 47.00828], [-1.07201, 47.00925], [-1.07178, 47.01069], [-1.07028, 47.01213], [-1.06672, 47.013], [-1.0638, 47.00962], [-1.06427, 47.00857], [-1.06035, 47.00909], [-1.05656, 47.00736], [-1.05472, 47.00436], [-1.05191, 47.00462], [-1.05042, 47.00606], [-1.0476, 47.00722], [-1.04715, 47.00534], [-1.04294, 47.00438], [-1.04108, 47.00611], [-1.03899, 47.00649], [-1.03873, 47.00528], [-1.03656, 47.00435], [-1.03324, 47.00507], [-1.02853, 47.0044], [-1.02732, 47.00395], [-1.02278, 47.00403], [-1.01963, 47.0053], [-1.01706, 47.00415], [-1.01492, 47.00467], [-1.01214, 47.0075], [-1.01168, 47.00958], [-1.00644, 47.01324], [-1.00666, 47.01458], [-1.00787, 47.01599], [-1.00374, 47.01944], [-1.00226, 47.02129], [-1.0004, 47.0208], [-0.99651, 47.01871], [-0.99498, 47.01731], [-0.99026, 47.01443], [-0.98823, 47.01364], [-0.98441, 47.01141], [-0.98192, 47.01054], [-0.98055, 47.01282], [-0.98051, 47.01426], [-0.98303, 47.01573], [-0.98119, 47.01685], [-0.9816, 47.0181], [-0.97894, 47.01868], [-0.97633, 47.01821], [-0.97585, 47.01674], [-0.97377, 47.01604], [-0.97536, 47.01311], [-0.97325, 47.01258], [-0.97496, 47.01053], [-0.97513, 47.00871], [-0.97279, 47.00914], [-0.97035, 47.00763], [-0.96858, 47.00781], [-0.96832, 47.00661], [-0.96621, 47.00554], [-0.96795, 47.0042], [-0.96649, 47.00274], [-0.96407, 47.0029], [-0.9634, 47.00062], [-0.96488, 46.9999], [-0.96351, 46.99803], [-0.96425, 46.9973], [-0.96087, 46.99528], [-0.95845, 46.99486], [-0.95674, 46.9964], [-0.95476, 46.99596], [-0.95555, 46.99801], [-0.95495, 46.99996], [-0.95354, 47.00189], [-0.95127, 47.00284], [-0.94758, 47.00341], [-0.94852, 47.00141], [-0.94723, 46.99982], [-0.94554, 46.99907], [-0.94334, 47.00053], [-0.9417, 47.00358], [-0.94031, 47.00256], [-0.93864, 47.00337], [-0.93729, 47.00311], [-0.93638, 47.00526], [-0.93487, 47.00561], [-0.93552, 47.00727], [-0.93201, 47.00799], [-0.92925, 47.00808], [-0.92785, 47.00682], [-0.92811, 47.00456], [-0.92905, 47.00368], [-0.93273, 47.00461], [-0.93444, 47.00375], [-0.93256, 47.00204], [-0.92999, 47.00199], [-0.92821, 47.00064], [-0.92506, 46.99978], [-0.92439, 47.00286], [-0.92074, 47.00342], [-0.91927, 47.00211], [-0.9159, 47.00171], [-0.9148, 47.00106], [-0.91819, 46.99831], [-0.92053, 46.99779], [-0.91874, 46.99658], [-0.91647, 46.99602], [-0.91442, 46.99473], [-0.91546, 46.99344], [-0.91512, 46.99228], [-0.91269, 46.9923], [-0.91007, 46.99372], [-0.90863, 46.99358], [-0.90759, 46.99492], [-0.90409, 46.99479], [-0.90066, 46.99138], [-0.89727, 46.98967], [-0.89863, 46.98833], [-0.89535, 46.98612], [-0.89366, 46.98441], [-0.89671, 46.98082], [-0.89477, 46.98023], [-0.89468, 46.97935], [-0.89252, 46.97865], [-0.89196, 46.97582], [-0.89594, 46.9753], [-0.89699, 46.97194], [-0.89783, 46.97066], [-0.90239, 46.97075], [-0.90068, 46.96878], [-0.90281, 46.96813], [-0.90196, 46.96708], [-0.90021, 46.96744], [-0.89801, 46.96691], [-0.89607, 46.96855], [-0.89413, 46.96915], [-0.89249, 46.96597], [-0.88943, 46.96738], [-0.89313, 46.96919], [-0.89197, 46.97046], [-0.88995, 46.9707], [-0.88725, 46.96999], [-0.88628, 46.97063], [-0.88358, 46.96922], [-0.88044, 46.96998], [-0.87712, 46.96854], [-0.88009, 46.9653], [-0.88309, 46.96378], [-0.88344, 46.96197], [-0.88252, 46.96109], [-0.8833, 46.95954], [-0.88161, 46.95905], [-0.87854, 46.95599], [-0.87609, 46.95565], [-0.87194, 46.95779], [-0.87178, 46.95937], [-0.87043, 46.96008], [-0.8673, 46.96274], [-0.86535, 46.96306], [-0.86379, 46.96225], [-0.86671, 46.95825], [-0.86811, 46.95857], [-0.86908, 46.95724], [-0.86876, 46.95625], [-0.86697, 46.9559], [-0.86598, 46.95733], [-0.86339, 46.95663], [-0.86457, 46.95538], [-0.86425, 46.95224], [-0.86615, 46.95219], [-0.86058, 46.9491], [-0.86352, 46.94893], [-0.86657, 46.94803], [-0.8677, 46.94954], [-0.86726, 46.95085], [-0.87014, 46.95181], [-0.87018, 46.95257], [-0.87512, 46.9537], [-0.87688, 46.95238], [-0.87854, 46.95265], [-0.88012, 46.95162], [-0.88223, 46.95173], [-0.88377, 46.95106], [-0.88169, 46.94816], [-0.881, 46.94646], [-0.87894, 46.94503], [-0.87714, 46.94567], [-0.87373, 46.94365], [-0.87128, 46.94542], [-0.86916, 46.94531], [-0.86597, 46.9458], [-0.86206, 46.94519], [-0.85984, 46.94656], [-0.85828, 46.94678], [-0.8561, 46.94563], [-0.85408, 46.94704], [-0.84948, 46.94599], [-0.84773, 46.94419], [-0.85088, 46.94181], [-0.85213, 46.94173], [-0.85385, 46.93983], [-0.85325, 46.93873], [-0.85417, 46.93758], [-0.85569, 46.93767], [-0.85984, 46.93665], [-0.85793, 46.93432], [-0.85706, 46.9352], [-0.85271, 46.93717], [-0.84801, 46.94099], [-0.8468, 46.93958], [-0.84068, 46.93611], [-0.8407, 46.93304], [-0.84614, 46.93173], [-0.84536, 46.93089], [-0.84084, 46.92881], [-0.83728, 46.93197], [-0.83137, 46.93407], [-0.82914, 46.93336], [-0.829, 46.93193], [-0.82724, 46.93126], [-0.82863, 46.92996], [-0.8274, 46.92828], [-0.8282, 46.92722], [-0.82736, 46.92522], [-0.82386, 46.92059], [-0.82137, 46.91827], [-0.81916, 46.91896], [-0.81235, 46.92032], [-0.8074, 46.91983], [-0.80954, 46.9172], [-0.8161, 46.91256], [-0.82054, 46.911], [-0.82136, 46.90931], [-0.81854, 46.90826], [-0.81704, 46.90398], [-0.82021, 46.89962], [-0.82078, 46.8983], [-0.82388, 46.89609], [-0.82541, 46.89435], [-0.82608, 46.89005], [-0.82853, 46.88723], [-0.83021, 46.88764], [-0.83085, 46.88515], [-0.82905, 46.88461], [-0.82944, 46.88347], [-0.82675, 46.88247], [-0.82519, 46.88377], [-0.81979, 46.88127], [-0.81633, 46.88064], [-0.81528, 46.87936], [-0.81418, 46.87642], [-0.81157, 46.87451], [-0.81233, 46.87278], [-0.80944, 46.87174], [-0.80812, 46.87029], [-0.80847, 46.86856], [-0.8059, 46.86715], [-0.80311, 46.86668], [-0.80046, 46.86505], [-0.80094, 46.86337], [-0.79917, 46.86206], [-0.79793, 46.86224], [-0.79449, 46.86076], [-0.79466, 46.85904], [-0.79346, 46.85772], [-0.7917, 46.85786], [-0.79025, 46.85543], [-0.78836, 46.85471], [-0.78711, 46.85335], [-0.78792, 46.85274], [-0.78568, 46.85127], [-0.78487, 46.84985], [-0.7829, 46.84847], [-0.78437, 46.84793], [-0.7844, 46.84626], [-0.78257, 46.84528], [-0.78336, 46.84422], [-0.78165, 46.84283], [-0.77888, 46.84159], [-0.7767, 46.84116], [-0.77638, 46.84014], [-0.77317, 46.84036], [-0.77256, 46.83898], [-0.76912, 46.83606], [-0.76673, 46.83446], [-0.76313, 46.83464], [-0.75977, 46.8333], [-0.75924, 46.83218], [-0.75396, 46.83133], [-0.75052, 46.82989], [-0.7462, 46.831], [-0.7436, 46.83026], [-0.74263, 46.82934], [-0.73787, 46.82893], [-0.73688, 46.82752], [-0.7372, 46.82513], [-0.73503, 46.82392], [-0.73478, 46.82293], [-0.73286, 46.8215], [-0.72817, 46.82208], [-0.72571, 46.82138], [-0.72358, 46.82314], [-0.71905, 46.82192], [-0.71563, 46.8217], [-0.71276, 46.82083], [-0.71004, 46.82157], [-0.70892, 46.82012], [-0.70667, 46.81878], [-0.70783, 46.81708], [-0.70774, 46.81592], [-0.70531, 46.81507], [-0.70182, 46.81292], [-0.70088, 46.81142], [-0.69875, 46.81088], [-0.69897, 46.8089], [-0.70317, 46.80771], [-0.70693, 46.8059], [-0.71016, 46.80496], [-0.71305, 46.80511], [-0.71378, 46.80297], [-0.71572, 46.80134], [-0.71784, 46.80052], [-0.71914, 46.79801], [-0.71864, 46.79492], [-0.7173, 46.79234], [-0.72044, 46.78979], [-0.72118, 46.78782], [-0.72353, 46.78425], [-0.72625, 46.78341], [-0.7271, 46.78231], [-0.72575, 46.77951], [-0.72464, 46.77842], [-0.72442, 46.77676], [-0.72674, 46.77359], [-0.72647, 46.77013], [-0.72717, 46.76863], [-0.72705, 46.76642], [-0.72519, 46.76481], [-0.72231, 46.76493], [-0.72008, 46.76373], [-0.72099, 46.76132], [-0.7194, 46.75866], [-0.71975, 46.75573], [-0.7156, 46.75183], [-0.71435, 46.75177], [-0.71097, 46.74993], [-0.70418, 46.74945], [-0.70182, 46.74997], [-0.6999, 46.75192], [-0.6983, 46.75176], [-0.69763, 46.7488], [-0.69513, 46.7476], [-0.69487, 46.74494], [-0.69404, 46.74385], [-0.69582, 46.74247], [-0.69606, 46.74023], [-0.69858, 46.73792], [-0.70076, 46.73818], [-0.70261, 46.73494], [-0.69999, 46.73392], [-0.69777, 46.73627], [-0.6961, 46.73677], [-0.69391, 46.7353], [-0.69632, 46.73497], [-0.69607, 46.73286], [-0.69634, 46.72951], [-0.69316, 46.72996], [-0.69208, 46.73282], [-0.68917, 46.73219], [-0.69027, 46.73102], [-0.68696, 46.73017], [-0.68845, 46.72874], [-0.68802, 46.72569], [-0.68549, 46.72981], [-0.68331, 46.72815], [-0.68188, 46.72599], [-0.67812, 46.72573], [-0.67804, 46.7242], [-0.67552, 46.72232], [-0.67287, 46.71965], [-0.66888, 46.71723], [-0.6664, 46.71379], [-0.66562, 46.71143], [-0.6627, 46.70965], [-0.66178, 46.70711], [-0.66361, 46.70589], [-0.65906, 46.70403], [-0.65772, 46.70266], [-0.65757, 46.70139], [-0.65619, 46.70077], [-0.65853, 46.69932], [-0.66014, 46.69887], [-0.66447, 46.69556], [-0.67023, 46.69312], [-0.67404, 46.69121], [-0.67794, 46.68836], [-0.68073, 46.68694], [-0.67511, 46.68452], [-0.6734, 46.68421], [-0.66943, 46.68112], [-0.66585, 46.68031], [-0.65788, 46.67683], [-0.65448, 46.67466], [-0.6512, 46.67336], [-0.65043, 46.67247], [-0.64686, 46.67036], [-0.64469, 46.66781], [-0.64338, 46.66555], [-0.64188, 46.66419], [-0.64013, 46.66356], [-0.63699, 46.66333], [-0.63752, 46.66228], [-0.6401, 46.66167], [-0.64131, 46.66002], [-0.64574, 46.65828], [-0.64857, 46.65636], [-0.64934, 46.65378], [-0.64833, 46.65209], [-0.64892, 46.64978], [-0.64828, 46.64768], [-0.64913, 46.64532], [-0.6526, 46.64302], [-0.65653, 46.64202], [-0.65942, 46.63983], [-0.65888, 46.63592], [-0.65643, 46.63554], [-0.65272, 46.63676], [-0.64834, 46.63687], [-0.64681, 46.63759], [-0.64357, 46.63812], [-0.63926, 46.63806], [-0.63419, 46.63739], [-0.62979, 46.63461], [-0.6263, 46.63417], [-0.62327, 46.63253], [-0.6246, 46.63047], [-0.62018, 46.62626], [-0.6151, 46.62297], [-0.61405, 46.62161], [-0.61397, 46.62012], [-0.61732, 46.61923], [-0.61925, 46.61639], [-0.61927, 46.61549], [-0.62127, 46.61394], [-0.62158, 46.61228], [-0.62304, 46.61156], [-0.62362, 46.61028], [-0.62294, 46.60742], [-0.62569, 46.60505], [-0.62422, 46.60348], [-0.62276, 46.60414], [-0.6219, 46.60268], [-0.6197, 46.60188], [-0.61808, 46.59845], [-0.61399, 46.59897], [-0.61359, 46.59754], [-0.61477, 46.59638], [-0.61445, 46.59527], [-0.62091, 46.59298], [-0.6198, 46.59188], [-0.61583, 46.59077], [-0.61377, 46.58907], [-0.6119, 46.58831], [-0.61462, 46.58405], [-0.61607, 46.58311], [-0.61541, 46.58191], [-0.61822, 46.5818], [-0.62029, 46.57908], [-0.62466, 46.57785], [-0.6245, 46.57498], [-0.62057, 46.57354], [-0.61841, 46.57238], [-0.6198, 46.5691], [-0.61999, 46.56518], [-0.6176, 46.56462], [-0.6166, 46.56293], [-0.61755, 46.5625], [-0.61516, 46.56059], [-0.61306, 46.56266], [-0.61085, 46.56416], [-0.60659, 46.56373], [-0.60732, 46.56043], [-0.60567, 46.55759], [-0.60568, 46.55655], [-0.60838, 46.55095], [-0.6056, 46.55034], [-0.60414, 46.54867], [-0.60222, 46.54804], [-0.60472, 46.54613], [-0.60411, 46.54327], [-0.60241, 46.54205], [-0.60301, 46.53871], [-0.60213, 46.53328], [-0.60422, 46.53214], [-0.60828, 46.52637], [-0.60904, 46.52608], [-0.61238, 46.52996], [-0.6131, 46.52854], [-0.61589, 46.52613], [-0.62001, 46.52733], [-0.62015, 46.52872], [-0.62211, 46.53006], [-0.62356, 46.52917], [-0.62589, 46.52883], [-0.6271, 46.52953], [-0.62935, 46.52767], [-0.63204, 46.52661], [-0.63561, 46.52647], [-0.63707, 46.52562], [-0.64223, 46.52476], [-0.64403, 46.52184], [-0.63962, 46.52222], [-0.6381, 46.52199], [-0.63739, 46.52066], [-0.63749, 46.51904], [-0.6404, 46.51509], [-0.63967, 46.51353], [-0.64047, 46.51266], [-0.64277, 46.51305], [-0.64376, 46.51208], [-0.64632, 46.51138], [-0.6452, 46.50857], [-0.64015, 46.50686], [-0.63667, 46.50636], [-0.63435, 46.50476], [-0.63435, 46.50228], [-0.63124, 46.50012], [-0.6298, 46.50002], [-0.62503, 46.49748], [-0.62544, 46.49437], [-0.62501, 46.48992], [-0.62426, 46.48819], [-0.62457, 46.48538], [-0.62554, 46.48532], [-0.62733, 46.48234], [-0.62974, 46.48115], [-0.62975, 46.48007], [-0.63116, 46.47859], [-0.62546, 46.47685], [-0.61909, 46.4758], [-0.61847, 46.47389], [-0.61691, 46.47172], [-0.61656, 46.46876], [-0.61684, 46.46573], [-0.61627, 46.46224], [-0.61411, 46.45977], [-0.61029, 46.45776], [-0.60766, 46.45486], [-0.60986, 46.45349], [-0.61052, 46.45001], [-0.61386, 46.44911], [-0.61479, 46.44954], [-0.6145, 46.45152], [-0.61606, 46.45256], [-0.61775, 46.45486], [-0.61921, 46.45523], [-0.61984, 46.45247], [-0.61849, 46.44935], [-0.61686, 46.44697], [-0.61773, 46.44496], [-0.61654, 46.44472], [-0.61814, 46.43993], [-0.61878, 46.43886], [-0.6244, 46.43691], [-0.62891, 46.43495], [-0.63684, 46.43231], [-0.63607, 46.43017], [-0.63465, 46.42912], [-0.63599, 46.42499], [-0.63879, 46.4215], [-0.64078, 46.41636], [-0.63895, 46.41618], [-0.63943, 46.41045], [-0.63386, 46.40749], [-0.63193, 46.40578], [-0.62911, 46.40406], [-0.6311, 46.40229], [-0.63305, 46.40126], [-0.63782, 46.40027], [-0.64064, 46.39696], [-0.63658, 46.39558], [-0.63457, 46.39563], [-0.62901, 46.39402], [-0.62539, 46.39209], [-0.62088, 46.39046], [-0.61616, 46.39801], [-0.61445, 46.40246], [-0.61383, 46.40549], [-0.61354, 46.40977], [-0.61237, 46.41214], [-0.61018, 46.41374], [-0.60187, 46.41287], [-0.59708, 46.41092], [-0.59417, 46.41019], [-0.58997, 46.4071], [-0.58866, 46.4056], [-0.58189, 46.40217], [-0.57358, 46.40117], [-0.57238, 46.40071], [-0.57218, 46.39693], [-0.57154, 46.39582], [-0.56606, 46.39308], [-0.56078, 46.39308], [-0.55528, 46.39367], [-0.55292, 46.39323], [-0.55052, 46.39334], [-0.54721, 46.391], [-0.54118, 46.3889], [-0.5378, 46.38647], [-0.54193, 46.38231], [-0.54483, 46.37822], [-0.546, 46.37549], [-0.55053, 46.37034], [-0.5523, 46.36935], [-0.557, 46.36487], [-0.55851, 46.36154], [-0.56133, 46.36057], [-0.56181, 46.35974], [-0.56704, 46.35903], [-0.56958, 46.35815], [-0.5729, 46.35807], [-0.57731, 46.35543], [-0.58709, 46.35716], [-0.5894, 46.35786], [-0.60325, 46.36147], [-0.6059, 46.35752], [-0.60681, 46.35516], [-0.60332, 46.35431], [-0.60495, 46.34715], [-0.60677, 46.34724], [-0.61226, 46.34413], [-0.61605, 46.34083], [-0.6186, 46.34014], [-0.61868, 46.3391], [-0.62244, 46.33779], [-0.62706, 46.33775], [-0.62821, 46.33628], [-0.62991, 46.33637], [-0.63208, 46.33803], [-0.63425, 46.33856], [-0.6366, 46.33759], [-0.63707, 46.33664], [-0.63781, 46.33221], [-0.63905, 46.3311], [-0.63945, 46.32896], [-0.63605, 46.32803], [-0.63638, 46.32527], [-0.63747, 46.32362], [-0.64343, 46.31968], [-0.64483, 46.31919], [-0.64841, 46.3169], [-0.65207, 46.31747], [-0.65356, 46.31725], [-0.65687, 46.31491], [-0.66166, 46.31704], [-0.67227, 46.31622], [-0.67695, 46.31852], [-0.67843, 46.31844], [-0.68572, 46.321], [-0.69674, 46.32506], [-0.69777, 46.32486], [-0.70432, 46.3199], [-0.70757, 46.31771], [-0.71014, 46.31705], [-0.71558, 46.317], [-0.7179, 46.3155], [-0.72015, 46.31489], [-0.72118, 46.3136], [-0.72122, 46.31203], [-0.7231, 46.30956], [-0.71897, 46.3079], [-0.71642, 46.30748], [-0.71647, 46.30612], [-0.71968, 46.30324], [-0.72191, 46.30237], [-0.72625, 46.3032], [-0.72777, 46.30383], [-0.73048, 46.3034], [-0.73298, 46.3041], [-0.73383, 46.30502], [-0.73951, 46.30465], [-0.74121, 46.30478], [-0.74422, 46.30402], [-0.7472, 46.30282], [-0.75048, 46.30426], [-0.75397, 46.30735], [-0.75795, 46.31125], [-0.76155, 46.31266], [-0.76628, 46.31279], [-0.7686, 46.31239], [-0.77072, 46.31371], [-0.77512, 46.31835], [-0.77939, 46.31814], [-0.78464, 46.31894], [-0.78802, 46.32128], [-0.78893, 46.32251], [-0.79362, 46.32491], [-0.79558, 46.32503], [-0.80075, 46.32448], [-0.80281, 46.32529], [-0.80551, 46.32818], [-0.80724, 46.33111], [-0.80716, 46.33313], [-0.80645, 46.33437], [-0.80452, 46.33586], [-0.79933, 46.33718], [-0.79672, 46.33914], [-0.79862, 46.3417], [-0.80021, 46.34238], [-0.80375, 46.34264], [-0.80577, 46.34168], [-0.80733, 46.3393], [-0.80909, 46.33844], [-0.81391, 46.33758], [-0.81812, 46.33616], [-0.82265, 46.33576], [-0.82528, 46.33623], [-0.82772, 46.33797], [-0.8288, 46.33982], [-0.83052, 46.34153], [-0.83458, 46.34191], [-0.83988, 46.34037], [-0.84552, 46.33557], [-0.84866, 46.33251], [-0.84833, 46.32915], [-0.84562, 46.32728], [-0.84478, 46.32618], [-0.84487, 46.32456], [-0.84948, 46.31777], [-0.85249, 46.31714], [-0.85992, 46.31752], [-0.86302, 46.31914], [-0.86329, 46.32057], [-0.86255, 46.32231], [-0.86129, 46.32298], [-0.86045, 46.32529], [-0.86169, 46.32656], [-0.86461, 46.32747], [-0.86604, 46.32743], [-0.86805, 46.32638], [-0.86846, 46.32344], [-0.87034, 46.32217], [-0.87491, 46.32268], [-0.87884, 46.32419], [-0.88323, 46.32379], [-0.88564, 46.32593], [-0.88717, 46.32665], [-0.8892, 46.32358], [-0.8904, 46.323], [-0.89307, 46.32307], [-0.89376, 46.32142], [-0.89259, 46.31948], [-0.89447, 46.3169], [-0.89822, 46.3168], [-0.90136, 46.31589], [-0.90332, 46.31408], [-0.9048, 46.31381], [-0.90893, 46.31424], [-0.91105, 46.31278], [-0.91308, 46.31322], [-0.91532, 46.3159], [-0.91699, 46.31549], [-0.91896, 46.31264], [-0.92116, 46.31249], [-0.92369, 46.31349], [-0.92635, 46.31554], [-0.92881, 46.31434], [-0.9286, 46.31084], [-0.93102, 46.31004], [-0.93314, 46.31083], [-0.93489, 46.31286], [-0.93547, 46.31473], [-0.94009, 46.31505], [-0.94158, 46.31591], [-0.94348, 46.31828], [-0.94609, 46.31758], [-0.94761, 46.31781], [-0.95047, 46.31911], [-0.95201, 46.3188], [-0.95398, 46.32009], [-0.9563, 46.32084], [-0.95857, 46.32082], [-0.9631, 46.32262], [-0.95947, 46.32418], [-0.95945, 46.32481], [-0.95678, 46.32575], [-0.95595, 46.32754], [-0.95368, 46.32962], [-0.95044, 46.3314], [-0.94687, 46.33467], [-0.94347, 46.3366], [-0.94055, 46.34192], [-0.93888, 46.34565], [-0.93846, 46.34945], [-0.93874, 46.35191], [-0.93791, 46.35316], [-0.93597, 46.35443], [-0.93547, 46.35683], [-0.93346, 46.36247], [-0.93224, 46.364], [-0.93184, 46.3658], [-0.92739, 46.37075], [-0.92963, 46.37152], [-0.93108, 46.37063], [-0.93393, 46.36752], [-0.93675, 46.36639], [-0.93831, 46.36627], [-0.942, 46.36822], [-0.95128, 46.36038], [-0.95358, 46.3608], [-0.96451, 46.3654], [-0.97002, 46.35844], [-0.97082, 46.35666], [-0.97069, 46.35455], [-0.9749, 46.35105], [-0.98146, 46.35099], [-0.99521, 46.35032], [-0.99489, 46.35137], [-0.99853, 46.35449], [-0.99977, 46.35468], [-1.01301, 46.34903], [-1.01367, 46.35238], [-1.0123, 46.35423], [-1.01381, 46.35562], [-1.02907, 46.34886], [-1.02986, 46.35141], [-1.03773, 46.34803], [-1.05253, 46.34254], [-1.05338, 46.349], [-1.05571, 46.34564], [-1.05967, 46.3413], [-1.06452, 46.33551], [-1.07005, 46.33058], [-1.07404, 46.32875], [-1.07334, 46.32688], [-1.0754, 46.32569], [-1.07907, 46.32504], [-1.0813, 46.32335], [-1.08073, 46.32143], [-1.07912, 46.32081], [-1.07618, 46.32054], [-1.07517, 46.31989], [-1.07467, 46.31824], [-1.07547, 46.3175], [-1.07829, 46.31692], [-1.0836, 46.31675], [-1.08798, 46.31767], [-1.09097, 46.3173], [-1.09297, 46.31642], [-1.09443, 46.31328], [-1.09573, 46.31207], [-1.09781, 46.31218], [-1.09928, 46.31558], [-1.10173, 46.31634], [-1.10494, 46.31459], [-1.10656, 46.3148], [-1.10956, 46.31601], [-1.11328, 46.31631], [-1.11614, 46.31725], [-1.11671, 46.31894], [-1.1161, 46.32171], [-1.11776, 46.32337], [-1.12057, 46.3236], [-1.12216, 46.3231], [-1.12364, 46.32179], [-1.12405, 46.32007], [-1.12312, 46.31767], [-1.123, 46.31578], [-1.12421, 46.31435], [-1.12788, 46.31288], [-1.1294, 46.31028], [-1.13075, 46.31108], [-1.13499, 46.31118], [-1.1378, 46.31249], [-1.1396, 46.31122], [-1.15144, 46.31865], [-1.1627, 46.32375], [-1.16467, 46.32419], [-1.16491, 46.32179], [-1.16718, 46.31969], [-1.17898, 46.31923], [-1.18575, 46.31849], [-1.19299, 46.31686], [-1.19629, 46.31555], [-1.19999, 46.31462], [-1.20076, 46.31635], [-1.20306, 46.31574], [-1.20295, 46.313], [-1.19975, 46.30769], [-1.19975, 46.30675], [-1.19748, 46.30398], [-1.19551, 46.30048], [-1.20638, 46.28885], [-1.20678, 46.28806], [-1.20846, 46.27827], [-1.20458, 46.2709], [-1.20341, 46.26922], [-1.20324, 46.26751], [-1.20498, 46.26651], [-1.20739, 46.26657], [-1.21031, 46.26841], [-1.21299, 46.27063], [-1.21586, 46.27202], [-1.22101, 46.27316], [-1.22622, 46.27629], [-1.22861, 46.27729], [-1.23079, 46.27673], [-1.23461, 46.28053], [-1.24016, 46.284], [-1.24574, 46.28886], [-1.24778, 46.2902], [-1.26136, 46.2972], [-1.27517, 46.30564], [-1.27609, 46.30772], [-1.28177, 46.30997], [-1.28707, 46.31548], [-1.29082, 46.31792], [-1.29462, 46.32141], [-1.29357, 46.32211], [-1.2959, 46.32393], [-1.30001, 46.32231], [-1.30598, 46.31919], [-1.30468, 46.31631], [-1.30169, 46.31433], [-1.30158, 46.3128], [-1.29922, 46.31045], [-1.2979, 46.30716], [-1.29808, 46.30409], [-1.29504, 46.30445], [-1.29433, 46.30344], [-1.29523, 46.30243], [-1.29566, 46.30007], [-1.29516, 46.29833], [-1.29592, 46.29713], [-1.29124, 46.29616], [-1.29267, 46.29507], [-1.28896, 46.29488], [-1.28741, 46.29412], [-1.29249, 46.29328], [-1.29262, 46.29148], [-1.2873, 46.29151], [-1.28842, 46.28886], [-1.28334, 46.28857], [-1.27908, 46.28808], [-1.27647, 46.2887], [-1.27331, 46.29029], [-1.27228, 46.28942], [-1.27798, 46.28712], [-1.28524, 46.28801], [-1.28947, 46.28797], [-1.29374, 46.28869], [-1.29681, 46.28985], [-1.30032, 46.29276], [-1.30409, 46.29773], [-1.30888, 46.30338], [-1.31113, 46.30687], [-1.31416, 46.31321], [-1.31799, 46.318], [-1.31825, 46.321], [-1.32159, 46.32517], [-1.32098, 46.32573], [-1.32535, 46.32974], [-1.32719, 46.33112], [-1.33215, 46.33334], [-1.34127, 46.33949], [-1.34014, 46.34092], [-1.34313, 46.34285], [-1.34475, 46.34181], [-1.34763, 46.34316], [-1.35127, 46.3438], [-1.35354, 46.34571], [-1.35642, 46.34602], [-1.35815, 46.34763], [-1.36388, 46.34771], [-1.36503, 46.3484], [-1.3696, 46.34866], [-1.37466, 46.34849], [-1.37718, 46.34724], [-1.37633, 46.34528], [-1.3746, 46.34376], [-1.38171, 46.34118], [-1.38384, 46.3409], [-1.39573, 46.34077], [-1.40098, 46.3405], [-1.40814, 46.34262], [-1.41192, 46.34456], [-1.41644, 46.34603], [-1.42402, 46.34749], [-1.42842, 46.34713], [-1.43214, 46.34357], [-1.43424, 46.34292], [-1.43789, 46.34024], [-1.43951, 46.34014], [-1.44364, 46.34087], [-1.44864, 46.34055], [-1.45573, 46.34157], [-1.46216, 46.34225], [-1.46594, 46.34236], [-1.46956, 46.34395], [-1.47095, 46.34606], [-1.47361, 46.35345], [-1.47555, 46.35794], [-1.47717, 46.36351], [-1.47841, 46.3663], [-1.4816, 46.37173], [-1.48521, 46.37684], [-1.4878, 46.38139], [-1.49378, 46.38871], [-1.49774, 46.39303], [-1.50215, 46.39735], [-1.50563, 46.39979], [-1.51029, 46.40216], [-1.51507, 46.4043], [-1.5199, 46.40534], [-1.52268, 46.40529], [-1.52687, 46.40637], [-1.53401, 46.40888], [-1.54122, 46.40944], [-1.54522, 46.40804], [-1.54728, 46.40598], [-1.55051, 46.40543], [-1.55729, 46.40651], [-1.56235, 46.40647], [-1.57397, 46.40863], [-1.58356, 46.40979], [-1.58642, 46.40869], [-1.59201, 46.40945], [-1.5962, 46.41079], [-1.6113, 46.41342], [-1.61528, 46.41252], [-1.62087, 46.41331], [-1.62352, 46.41295], [-1.62728, 46.41453], [-1.62832, 46.41719], [-1.6298, 46.41791], [-1.63335, 46.41823], [-1.63589, 46.41918], [-1.63848, 46.41891], [-1.64233, 46.41914], [-1.64406, 46.41971], [-1.64789, 46.42016], [-1.64897, 46.42075], [-1.65349, 46.42194], [-1.65396, 46.42391], [-1.65264, 46.42472], [-1.65067, 46.42456], [-1.6482, 46.42627], [-1.64775, 46.42823], [-1.64882, 46.4294], [-1.65036, 46.42818], [-1.65353, 46.42879], [-1.65477, 46.42956], [-1.65847, 46.43303], [-1.65822, 46.43412], [-1.66297, 46.43494], [-1.66776, 46.43793], [-1.6718, 46.43805], [-1.67448, 46.4399], [-1.67758, 46.44119], [-1.68168, 46.44122], [-1.68765, 46.44272], [-1.68928, 46.44267], [-1.69399, 46.4447], [-1.6958, 46.44707], [-1.7014, 46.44799], [-1.70467, 46.44891], [-1.70729, 46.4509], [-1.71103, 46.45126], [-1.71074, 46.45347], [-1.71189, 46.45397], [-1.71229, 46.45594], [-1.71428, 46.45903], [-1.71758, 46.45936], [-1.72119, 46.45909], [-1.72209, 46.45798], [-1.7251, 46.459], [-1.7256, 46.46038], [-1.727, 46.46163], [-1.73245, 46.46396], [-1.73254, 46.46603], [-1.73595, 46.46631], [-1.73779, 46.46737], [-1.73735, 46.46834], [-1.741, 46.46847], [-1.74458, 46.471], [-1.74679, 46.47164], [-1.74765, 46.47279], [-1.75377, 46.4745], [-1.75534, 46.47445], [-1.75781, 46.47602], [-1.75793, 46.47678], [-1.76036, 46.47783], [-1.76073, 46.48025], [-1.76471, 46.48371], [-1.76995, 46.48923], [-1.77501, 46.49135], [-1.77714, 46.49276], [-1.78135, 46.49418], [-1.78353, 46.49451], [-1.7913, 46.4945], [-1.79376, 46.49269], [-1.79422, 46.4911], [-1.79631, 46.48927], [-1.79953, 46.48875], [-1.80339, 46.48897], [-1.80581, 46.49086], [-1.80766, 46.49174], [-1.80962, 46.49189], [-1.81235, 46.49342], [-1.81367, 46.49535], [-1.81532, 46.4998], [-1.8159, 46.50418], [-1.8174, 46.50751], [-1.81901, 46.50984], [-1.81848, 46.5124], [-1.81924, 46.51326], [-1.8201, 46.51847], [-1.82111, 46.52115], [-1.82131, 46.52372], [-1.82326, 46.52852], [-1.82382, 46.53164], [-1.82525, 46.53403], [-1.82788, 46.54024], [-1.82928, 46.54501], [-1.8331, 46.55046], [-1.83463, 46.55509], [-1.83848, 46.5626], [-1.84021, 46.56893], [-1.84196, 46.57302], [-1.84568, 46.57972], [-1.8477, 46.5847], [-1.84844, 46.58589], [-1.84886, 46.58876], [-1.85118, 46.59605], [-1.85426, 46.60441], [-1.85702, 46.60985], [-1.86243, 46.61366], [-1.86508, 46.61595], [-1.86718, 46.61601], [-1.87021, 46.61711], [-1.87175, 46.6185], [-1.87338, 46.62091], [-1.87387, 46.62297], [-1.87598, 46.6283], [-1.87716, 46.62911], [-1.87986, 46.62932], [-1.88121, 46.63081], [-1.88427, 46.63128], [-1.88803, 46.63349], [-1.89067, 46.63469], [-1.89272, 46.6375], [-1.89779, 46.64038], [-1.89864, 46.64214], [-1.90081, 46.644], [-1.90197, 46.64603], [-1.90819, 46.65216], [-1.90809, 46.65499], [-1.91168, 46.66076], [-1.91484, 46.66335], [-1.91631, 46.66546], [-1.92012, 46.66896], [-1.92574, 46.67479], [-1.92744, 46.6772], [-1.93203, 46.68221], [-1.93669, 46.68645], [-1.93936, 46.68959], [-1.94288, 46.6927], [-1.94703, 46.6948], [-1.95123, 46.69568], [-1.95204, 46.69439], [-1.95544, 46.69486], [-1.96004, 46.69435], [-1.96147, 46.6922], [-1.96581, 46.69194], [-1.96675, 46.69308], [-1.96927, 46.69419], [-1.96959, 46.69514], [-1.97305, 46.69742], [-1.97335, 46.69886], [-1.97788, 46.70238], [-1.97949, 46.70511], [-1.97957, 46.70768], [-1.98037, 46.70891], [-1.98028, 46.71085], [-1.97937, 46.71273], [-1.97913, 46.71467], [-1.97974, 46.71735], [-1.98267, 46.72031], [-1.98645, 46.72332], [-1.98795, 46.72413], [-1.99786, 46.73239], [-2.00303, 46.73576], [-2.00903, 46.7403], [-2.01617, 46.74508], [-2.0217, 46.74947], [-2.02448, 46.75138], [-2.03427, 46.75727], [-2.03526, 46.75814], [-2.04162, 46.76235], [-2.04443, 46.76455], [-2.05101, 46.76889], [-2.05367, 46.77085], [-2.05616, 46.77333], [-2.06206, 46.7773], [-2.06686, 46.77999], [-2.06911, 46.78098], [-2.0738, 46.78373], [-2.07983, 46.7862], [-2.08325, 46.78796], [-2.08856, 46.79015], [-2.09424, 46.79308], [-2.09978, 46.79511], [-2.10807, 46.79926], [-2.1172, 46.80336], [-2.12522, 46.80764], [-2.12958, 46.81026], [-2.13862, 46.8164], [-2.14103, 46.81775], [-2.14206, 46.81906], [-2.14346, 46.82261], [-2.14474, 46.82756], [-2.14588, 46.83418], [-2.14614, 46.83819], [-2.14594, 46.84288], [-2.14543, 46.84781], [-2.14701, 46.8628], [-2.14785, 46.86669], [-2.14891, 46.86993], [-2.15121, 46.87453], [-2.15286, 46.87942], [-2.15534, 46.88315], [-2.15576, 46.88652], [-2.15503, 46.88965], [-2.15258, 46.89015], [-2.14954, 46.88923], [-2.1457, 46.88966], [-2.13973, 46.89219], [-2.13605, 46.89215], [-2.1329, 46.89142], [-2.1284, 46.89182], [-2.1277, 46.89226], [-2.12177, 46.89113], [-2.12001, 46.89287], [-2.11673, 46.89533], [-2.11323, 46.89601], [-2.10984, 46.89948], [-2.11154, 46.90023], [-2.11518, 46.89968], [-2.11935, 46.90078], [-2.1186, 46.9045], [-2.11869, 46.9063], [-2.1178, 46.90832], [-2.11372, 46.9114], [-2.11286, 46.91297], [-2.11134, 46.91281], [-2.11073, 46.91427], [-2.10592, 46.91972], [-2.10344, 46.92073], [-2.0978, 46.92487], [-2.09534, 46.92455], [-2.09422, 46.92685], [-2.0915, 46.92988], [-2.08835, 46.93154], [-2.08497, 46.93284], [-2.08333, 46.9329], [-2.07948, 46.93399], [-2.08167, 46.93819], [-2.07764, 46.93875], [-2.07559, 46.93955], [-2.07218, 46.93567], [-2.07127, 46.9358], [-2.07498, 46.9402], [-2.06563, 46.94638], [-2.05823, 46.95094], [-2.04608, 46.96645], [-2.04469, 46.96804], [-2.04648, 46.97793], [-2.04429, 46.98081], [-2.03704, 46.99135], [-2.03287, 46.99182], [-2.03508, 46.99395], [-2.0375, 46.99526], [-2.03824, 46.99626], [-2.03796, 46.99776], [-2.03416, 46.99804], [-2.0318, 46.9989], [-2.03135, 46.99981], [-2.03208, 47.00163], [-2.0308, 47.00289], [-2.03015, 47.00626], [-2.0292, 47.00747], [-2.02933, 47.00985], [-2.02661, 47.00954], [-2.0205, 47.01135], [-2.01804, 47.01266], [-2.01431, 47.01389], [-2.01131, 47.01671], [-1.99854, 47.01835], [-1.99751, 47.01876], [-1.98042, 47.02742], [-1.98041, 47.02891], [-1.97116, 47.02853], [-1.96885, 47.02767], [-1.96658, 47.02569], [-1.96359, 47.02201], [-1.95596, 47.00901], [-1.95362, 47.00693], [-1.95152, 47.00373], [-1.95034, 47.00129], [-1.94895, 46.99963], [-1.94611, 46.99784], [-1.94323, 46.99471], [-1.94023, 46.99338], [-1.93731, 46.9947], [-1.93725, 46.9957], [-1.9351, 46.99592], [-1.93293, 46.99509], [-1.93205, 46.99332], [-1.92818, 46.99248], [-1.92203, 46.99225], [-1.92137, 46.99305], [-1.91918, 46.99311], [-1.91672, 46.99216], [-1.91707, 46.99023], [-1.9158, 46.99006], [-1.91476, 46.98856], [-1.91643, 46.98728], [-1.91864, 46.9877], [-1.91953, 46.98559], [-1.91864, 46.98427], [-1.91585, 46.98321], [-1.91584, 46.98222], [-1.91831, 46.9818], [-1.91858, 46.98018], [-1.91648, 46.97953], [-1.91434, 46.98069], [-1.91252, 46.98026], [-1.9123, 46.97915], [-1.91517, 46.97791], [-1.91722, 46.97644], [-1.91744, 46.97508], [-1.91505, 46.97472], [-1.91396, 46.97346], [-1.9149, 46.97203], [-1.91345, 46.97122], [-1.91167, 46.9712], [-1.91101, 46.96937], [-1.90938, 46.96961], [-1.90632, 46.97089], [-1.9062, 46.96946], [-1.90383, 46.96856], [-1.90016, 46.96454], [-1.89867, 46.96154], [-1.89654, 46.96198], [-1.89543, 46.96053], [-1.89313, 46.96049], [-1.89126, 46.95925], [-1.89123, 46.95803], [-1.88989, 46.95695], [-1.88745, 46.95763], [-1.88502, 46.95682], [-1.88245, 46.95687], [-1.87983, 46.95453], [-1.87347, 46.95315], [-1.8717, 46.95326], [-1.86834, 46.95216], [-1.86628, 46.95196], [-1.86518, 46.95466], [-1.8617, 46.95407], [-1.85773, 46.95377], [-1.85517, 46.95291], [-1.85034, 46.95435], [-1.84809, 46.95407], [-1.84509, 46.95436], [-1.84095, 46.95366], [-1.83787, 46.95377], [-1.83487, 46.9532], [-1.83182, 46.95381], [-1.82841, 46.95303], [-1.82748, 46.95225], [-1.82586, 46.94912], [-1.82535, 46.94695], [-1.82595, 46.94514], [-1.82575, 46.94255], [-1.82652, 46.93977], [-1.82638, 46.93802], [-1.82806, 46.93674], [-1.82931, 46.93421], [-1.83199, 46.93227], [-1.82112, 46.93024], [-1.81231, 46.92956], [-1.80528, 46.92955], [-1.80063, 46.93066], [-1.79892, 46.92982], [-1.79874, 46.92735], [-1.79555, 46.92791], [-1.79268, 46.92802], [-1.78785, 46.92945], [-1.78629, 46.92964], [-1.78406, 46.92887], [-1.7821, 46.9256], [-1.7783, 46.92498], [-1.77573, 46.92529], [-1.77493, 46.92622], [-1.77139, 46.92657], [-1.76983, 46.92596], [-1.76391, 46.92766], [-1.75833, 46.92866], [-1.75441, 46.92989], [-1.75043, 46.93037], [-1.74841, 46.9295], [-1.7477, 46.92816], [-1.74548, 46.92809], [-1.74746, 46.92486], [-1.7473, 46.92365], [-1.74384, 46.92319], [-1.7422, 46.92235], [-1.74186, 46.92133], [-1.74363, 46.9195], [-1.74505, 46.91914], [-1.74613, 46.91779], [-1.74571, 46.91664], [-1.74202, 46.91551], [-1.73855, 46.91482], [-1.73753, 46.91287], [-1.73648, 46.91264], [-1.73514, 46.90989], [-1.73677, 46.90795], [-1.73804, 46.90732], [-1.73881, 46.90535], [-1.73709, 46.90433], [-1.73561, 46.90132], [-1.73634, 46.89878], [-1.7358, 46.89775], [-1.73711, 46.89681], [-1.73595, 46.89446], [-1.73467, 46.89397], [-1.73374, 46.8913], [-1.73216, 46.89045], [-1.73085, 46.8878], [-1.72636, 46.88764], [-1.72294, 46.88402], [-1.71797, 46.88524], [-1.71625, 46.88494], [-1.71167, 46.88519], [-1.71022, 46.88609], [-1.70694, 46.88621], [-1.70424, 46.88784], [-1.70231, 46.88746], [-1.70103, 46.88799], [-1.69768, 46.88835], [-1.69602, 46.88953], [-1.69411, 46.88937], [-1.69292, 46.89017], [-1.68842, 46.89069], [-1.686, 46.89032], [-1.68628, 46.88922], [-1.68357, 46.88645], [-1.68363, 46.88546], [-1.68199, 46.88367], [-1.67943, 46.88281], [-1.67627, 46.88013], [-1.67384, 46.88008], [-1.67288, 46.87871], [-1.67017, 46.87841], [-1.67018, 46.87692], [-1.66754, 46.87588], [-1.66295, 46.87583], [-1.6582, 46.87743], [-1.65828, 46.87846], [-1.6544, 46.87851], [-1.652, 46.8789], [-1.64572, 46.87921], [-1.64146, 46.87855], [-1.63193, 46.87839], [-1.63088, 46.87747], [-1.62762, 46.87597], [-1.62678, 46.87446], [-1.62252, 46.87453], [-1.6181, 46.87508], [-1.61542, 46.87436], [-1.613, 46.87283], [-1.61227, 46.87182], [-1.60929, 46.87142], [-1.60453, 46.87546], [-1.6023, 46.87463], [-1.60281, 46.87368], [-1.60071, 46.87257], [-1.59995, 46.8712], [-1.59732, 46.87035], [-1.59138, 46.86988], [-1.5855, 46.86846], [-1.5797, 46.8655], [-1.57618, 46.86404], [-1.57243, 46.86404], [-1.56707, 46.8644], [-1.56411, 46.86414], [-1.55819, 46.86223], [-1.55312, 46.86298], [-1.54878, 46.86016], [-1.54537, 46.86383], [-1.548, 46.86496], [-1.54795, 46.86609], [-1.5491, 46.86735], [-1.54774, 46.86947], [-1.54886, 46.87218], [-1.54703, 46.87233], [-1.54628, 46.87471], [-1.5438, 46.87397], [-1.54134, 46.87455], [-1.53927, 46.87597], [-1.53593, 46.87496], [-1.53114, 46.87422], [-1.52915, 46.87307], [-1.52696, 46.87279], [-1.52341, 46.87453], [-1.52142, 46.87599], [-1.51818, 46.8766], [-1.51489, 46.87847], [-1.51389, 46.88003], [-1.50673, 46.88014], [-1.50484, 46.88129], [-1.50165, 46.88108], [-1.50077, 46.88389], [-1.50459, 46.8872], [-1.50511, 46.88961], [-1.5032, 46.89067], [-1.50218, 46.89291], [-1.50319, 46.89399], [-1.50785, 46.89388], [-1.51197, 46.89549], [-1.51373, 46.89701], [-1.51464, 46.89879], [-1.51407, 46.90096], [-1.52188, 46.90448], [-1.52673, 46.90527], [-1.52933, 46.90653], [-1.53129, 46.90827], [-1.52951, 46.91017], [-1.52962, 46.91194], [-1.53227, 46.91184], [-1.53324, 46.91446], [-1.53696, 46.91505], [-1.5385, 46.91626], [-1.53608, 46.91833], [-1.53767, 46.92081], [-1.53937, 46.92056], [-1.54437, 46.923], [-1.54581, 46.92556], [-1.54211, 46.92619], [-1.54194, 46.92385], [-1.54069, 46.92294], [-1.53495, 46.92454], [-1.53269, 46.92425], [-1.53114, 46.92273], [-1.5291, 46.9227], [-1.52472, 46.92664], [-1.52221, 46.92834], [-1.52074, 46.92988], [-1.52037, 46.93287], [-1.51878, 46.93463], [-1.52022, 46.93719], [-1.51989, 46.94085], [-1.52102, 46.9419], [-1.52261, 46.94121], [-1.52478, 46.94213], [-1.52546, 46.94336], [-1.52545, 46.94602], [-1.52906, 46.94595], [-1.53206, 46.94463], [-1.53402, 46.94537], [-1.53521, 46.94907], [-1.53446, 46.9505], [-1.53694, 46.95208], [-1.53931, 46.95497], [-1.54134, 46.95566], [-1.54253, 46.95675], [-1.54442, 46.95736], [-1.54484, 46.95942], [-1.54319, 46.96124], [-1.54242, 46.96419], [-1.54282, 46.96534], [-1.54684, 46.968], [-1.54786, 46.9695], [-1.54814, 46.9716], [-1.54747, 46.9732], [-1.54819, 46.97399], [-1.55077, 46.97413], [-1.55267, 46.97497], [-1.55302, 46.97707], [-1.55529, 46.97857], [-1.55557, 46.9805], [-1.55323, 46.98174], [-1.55125, 46.98546], [-1.55198, 46.98908], [-1.55043, 46.99211], [-1.54851, 46.99398], [-1.54604, 46.99794], [-1.5436, 46.99883], [-1.54293, 47.00042], [-1.54267, 47.00327], [-1.54599, 47.00545], [-1.54761, 47.00706], [-1.55094, 47.00835], [-1.55191, 47.00999], [-1.5536, 47.01145], [-1.55573, 47.01449], [-1.5548, 47.01628], [-1.55381, 47.01631], [-1.55232, 47.01835], [-1.54959, 47.01893], [-1.54523, 47.01867], [-1.54027, 47.01744], [-1.53751, 47.02187], [-1.53854, 47.02335], [-1.53549, 47.02418], [-1.53284, 47.02405], [-1.53119, 47.02316], [-1.52623, 47.02274], [-1.52315, 47.02401], [-1.52204, 47.02491], [-1.51741, 47.02641], [-1.51309, 47.03066], [-1.51108, 47.03365], [-1.50892, 47.03391], [-1.50704, 47.03707], [-1.50499, 47.03886], [-1.49984, 47.04069], [-1.49598, 47.04087], [-1.49582, 47.0415], [-1.49277, 47.04206], [-1.48917, 47.04065], [-1.48491, 47.04006], [-1.48213, 47.03786], [-1.47991, 47.03451], [-1.47697, 47.03294], [-1.47429, 47.0324], [-1.47256, 47.03106], [-1.47593, 47.02946], [-1.47593, 47.02572], [-1.47508, 47.0213], [-1.4732, 47.01609], [-1.4714, 47.0129], [-1.4708, 47.00734], [-1.46917, 47.00199], [-1.46671, 46.99977], [-1.46374, 46.99785], [-1.46024, 46.99296], [-1.46076, 46.99092], [-1.46358, 46.98889], [-1.46758, 46.9888], [-1.47099, 46.988], [-1.4739, 46.98794], [-1.47548, 46.98314], [-1.47705, 46.98313], [-1.47696, 46.98097], [-1.473, 46.97786], [-1.4732, 46.9752], [-1.47247, 46.97418], [-1.47326, 46.97245], [-1.47196, 46.96979], [-1.47195, 46.96776], [-1.4694, 46.96699], [-1.46804, 46.96461], [-1.46605, 46.96445], [-1.46376, 46.96267], [-1.46124, 46.96231], [-1.46095, 46.96106], [-1.45943, 46.96003], [-1.45941, 46.95786], [-1.45766, 46.95742], [-1.4585, 46.95623], [-1.45739, 46.95541], [-1.45802, 46.95214], [-1.46173, 46.95068], [-1.46238, 46.94867], [-1.46715, 46.94455], [-1.46589, 46.94261], [-1.46738, 46.9377], [-1.46932, 46.9361], [-1.47169, 46.9353], [-1.47174, 46.93318], [-1.4696, 46.93181], [-1.46813, 46.92975], [-1.46246, 46.9266], [-1.45827, 46.92584], [-1.45342, 46.92807], [-1.44828, 46.92779], [-1.44826, 46.92927], [-1.44626, 46.93078], [-1.44401, 46.93153], [-1.4429, 46.9327], [-1.43696, 46.93506], [-1.43234, 46.93588], [-1.42767, 46.93936], [-1.4251, 46.93941], [-1.42361, 46.94067], [-1.41308, 46.94538], [-1.40712, 46.94558], [-1.40264, 46.94654], [-1.40055, 46.9466], [-1.39694, 46.94767], [-1.39215, 46.94692], [-1.38945, 46.94791], [-1.3886, 46.94871], [-1.38279, 46.95038], [-1.37993, 46.95178], [-1.3767, 46.95468], [-1.37337, 46.95208], [-1.36969, 46.95485], [-1.36905, 46.95614], [-1.36737, 46.95574], [-1.36687, 46.95697], [-1.36503, 46.95694], [-1.36368, 46.95946], [-1.36502, 46.96068], [-1.36701, 46.96089], [-1.36925, 46.96379], [-1.36641, 46.96744], [-1.36508, 46.96734], [-1.36465, 46.96965], [-1.36235, 46.97072], [-1.35818, 46.97121], [-1.35775, 46.97361], [-1.36029, 46.97403], [-1.36069, 46.97505], [-1.35969, 46.97688], [-1.35861, 46.97736], [-1.3596, 46.97932], [-1.35906, 46.98113], [-1.36187, 46.98262], [-1.36161, 46.98399], [-1.36387, 46.98458], [-1.36516, 46.98375], [-1.3676, 46.98383], [-1.36917, 46.98559], [-1.37155, 46.98573], [-1.37376, 46.98651], [-1.37548, 46.9883], [-1.3762, 46.99022], [-1.37802, 46.99173], [-1.37555, 46.99312], [-1.37496, 46.99418], [-1.37267, 46.9943], [-1.3698, 46.99561], [-1.36833, 47.00105], [-1.36609, 47.00113], [-1.36455, 47.00361], [-1.36302, 47.00523], [-1.36517, 47.00679], [-1.36542, 47.00844], [-1.3644, 47.01082], [-1.3661, 47.01166], [-1.36662, 47.01435], [-1.36626, 47.01589], [-1.36691, 47.01952], [-1.36975, 47.02064], [-1.36977, 47.02195], [-1.37294, 47.02496], [-1.37645, 47.02714], [-1.37861, 47.03085], [-1.37661, 47.03317], [-1.37441, 47.03378], [-1.37191, 47.03296], [-1.36809, 47.03475], [-1.3666, 47.03704], [-1.36732, 47.03797], [-1.36699, 47.04077], [-1.36607, 47.0417], [-1.36385, 47.04123], [-1.36112, 47.03975], [-1.35766, 47.03928], [-1.35625, 47.03991], [-1.35208, 47.04053], [-1.34848, 47.03889], [-1.34702, 47.03777], [-1.34429, 47.03929], [-1.34146, 47.04037], [-1.34336, 47.04103], [-1.34583, 47.04353], [-1.34572, 47.04573], [-1.342, 47.04518], [-1.33991, 47.04552], [-1.33753, 47.04446], [-1.33595, 47.04447], [-1.3357, 47.04164], [-1.33266, 47.04061], [-1.33236, 47.03923], [-1.32851, 47.03868], [-1.32715, 47.03705], [-1.32524, 47.03702], [-1.32134, 47.03593], [-1.32032, 47.03448], [-1.31736, 47.03457], [-1.31526, 47.03365], [-1.31241, 47.03351], [-1.30944, 47.03432], [-1.3075, 47.03394], [-1.30586, 47.03498], [-1.30074, 47.03411], [-1.29892, 47.03466], [-1.29694, 47.03742], [-1.29515, 47.03829], [-1.29463, 47.03948], [-1.29698, 47.03995], [-1.29694, 47.04139], [-1.29539, 47.04184], [-1.29647, 47.04316], [-1.30128, 47.04129], [-1.30492, 47.0406], [-1.30422, 47.04287], [-1.30115, 47.0431], [-1.29749, 47.04505], [-1.297, 47.04796], [-1.29781, 47.0514], [-1.29544, 47.05224], [-1.29312, 47.05389], [-1.29166, 47.05299], [-1.28941, 47.05468], [-1.28759, 47.05704], [-1.28582, 47.06394], [-1.29123, 47.06521], [-1.29071, 47.06702], [-1.29139, 47.06827], [-1.29008, 47.07141], [-1.2887, 47.07253], [-1.28771, 47.0763], [-1.28493, 47.07721], [-1.28028, 47.07569], [-1.278, 47.07697], [-1.27741, 47.07807], [-1.27422, 47.08064], [-1.27466, 47.08221], [-1.27202, 47.0832], [-1.27074, 47.08468], [-1.2683, 47.08475], [-1.26485, 47.08247], [-1.26213, 47.07931], [-1.26031, 47.07861], [-1.26058, 47.07577], [-1.25793, 47.07454], [-1.25594, 47.07546], [-1.25188, 47.07379], [-1.25256, 47.07209], [-1.25113, 47.07146], [-1.24749, 47.06717], [-1.24513, 47.06661], [-1.24377, 47.06786], [-1.24185, 47.0686], [-1.23971, 47.06809], [-1.23615, 47.06608], [-1.23275, 47.06564], [-1.23093, 47.06503], [-1.22962, 47.06308], [-1.22653, 47.06125], [-1.22424, 47.06041], [-1.22433, 47.05789], [-1.22043, 47.05566], [-1.21944, 47.05376], [-1.21686, 47.05349], [-1.21523, 47.05273], [-1.2149, 47.0517], [-1.21291, 47.05059], [-1.2102, 47.05054], [-1.20926, 47.04823], [-1.20747, 47.04603], [-1.20186, 47.04588], [-1.20134, 47.04396], [-1.20278, 47.0418], [-1.20068, 47.04002], [-1.19878, 47.04008], [-1.19564, 47.03928], [-1.19242, 47.03942], [-1.18974, 47.03879], [-1.1868, 47.03721], [-1.18367, 47.03672], [-1.18057, 47.03559], [-1.17769, 47.03591], [-1.17498, 47.0346], [-1.16825, 47.03435], [-1.1638, 47.03193], [-1.16267, 47.03178], [-1.16077, 47.03305], [-1.15752, 47.0336], [-1.15639, 47.03332], [-1.15449, 47.03059], [-1.15053, 47.03035], [-1.14857, 47.02955]]], [[[-2.19807, 46.95117], [-2.20561, 46.95637], [-2.21055, 46.95942], [-2.21873, 46.96369], [-2.22316, 46.96527], [-2.22985, 46.96595], [-2.23114, 46.96545], [-2.23488, 46.96548], [-2.23808, 46.96513], [-2.24245, 46.96536], [-2.24444, 46.96487], [-2.24787, 46.96257], [-2.24928, 46.96067], [-2.25279, 46.9585], [-2.25876, 46.95836], [-2.26167, 46.95931], [-2.26438, 46.96088], [-2.26835, 46.96509], [-2.26894, 46.96651], [-2.27144, 46.96875], [-2.27338, 46.97156], [-2.27825, 46.97613], [-2.28129, 46.97935], [-2.28679, 46.98349], [-2.29068, 46.9851], [-2.29329, 46.98558], [-2.3011, 46.98904], [-2.30241, 46.99057], [-2.30291, 46.99258], [-2.30272, 46.9956], [-2.30203, 46.99762], [-2.29569, 47.00355], [-2.2924, 47.00891], [-2.29209, 47.01145], [-2.29251, 47.01256], [-2.29555, 47.01338], [-2.29552, 47.01527], [-2.29626, 47.01695], [-2.30106, 47.01843], [-2.30207, 47.01947], [-2.30326, 47.02244], [-2.30412, 47.0233], [-2.30759, 47.02465], [-2.30015, 47.02541], [-2.29966, 47.02438], [-2.29449, 47.02473], [-2.28723, 47.02462], [-2.28435, 47.0255], [-2.28217, 47.02694], [-2.27707, 47.02904], [-2.27509, 47.02826], [-2.27098, 47.02797], [-2.26776, 47.02729], [-2.26366, 47.02863], [-2.25949, 47.02834], [-2.25709, 47.02732], [-2.25391, 47.02803], [-2.25069, 47.0273], [-2.24969, 47.02554], [-2.24751, 47.02329], [-2.24743, 47.02149], [-2.24455, 47.01943], [-2.24014, 47.01786], [-2.23559, 47.01709], [-2.23062, 47.0167], [-2.22562, 47.01685], [-2.22536, 47.01605], [-2.22306, 47.01462], [-2.22244, 47.01361], [-2.21976, 47.01141], [-2.22066, 47.00966], [-2.21833, 47.00782], [-2.22032, 47.00476], [-2.22046, 47.00264], [-2.2194, 46.99931], [-2.21959, 46.99776], [-2.21857, 46.99515], [-2.21881, 46.99171], [-2.22039, 46.99012], [-2.22257, 46.9903], [-2.22608, 46.99273], [-2.23861, 46.9976], [-2.24013, 46.99614], [-2.23729, 46.99602], [-2.23525, 46.9952], [-2.23401, 46.99301], [-2.23416, 46.98943], [-2.23156, 46.98896], [-2.23607, 46.98562], [-2.23614, 46.98413], [-2.23453, 46.98293], [-2.23744, 46.98155], [-2.23648, 46.97988], [-2.23234, 46.97649], [-2.2323, 46.97446], [-2.23074, 46.97321], [-2.22937, 46.97332], [-2.22626, 46.97619], [-2.21185, 46.97018], [-2.19304, 46.96331], [-2.18733, 46.96114], [-2.18185, 46.95938], [-2.17704, 46.95858], [-2.16753, 46.95499], [-2.15718, 46.95004], [-2.15667, 46.94951], [-2.15053, 46.93971], [-2.14921, 46.93967], [-2.14824, 46.93831], [-2.14929, 46.93741], [-2.14744, 46.9342], [-2.14791, 46.93363], [-2.15328, 46.93176], [-2.15319, 46.9305], [-2.15031, 46.92683], [-2.14746, 46.92654], [-2.14698, 46.92403], [-2.14887, 46.92229], [-2.14885, 46.92036], [-2.15059, 46.92002], [-2.15103, 46.91733], [-2.15076, 46.91568], [-2.14877, 46.91477], [-2.14821, 46.91353], [-2.14988, 46.91224], [-2.14969, 46.91001], [-2.15325, 46.90693], [-2.15164, 46.90488], [-2.1515, 46.90245], [-2.14818, 46.89735], [-2.148, 46.89462], [-2.14935, 46.8941], [-2.15098, 46.8948], [-2.1548, 46.89512], [-2.158, 46.89706], [-2.16071, 46.89949], [-2.16682, 46.90544], [-2.16752, 46.90676], [-2.1686, 46.91062], [-2.16981, 46.91376], [-2.17228, 46.92171], [-2.1746, 46.92722], [-2.17739, 46.93207], [-2.18142, 46.93705], [-2.18501, 46.94065], [-2.19084, 46.94583], [-2.19807, 46.95117]]]]}}, {"type": "Feature", "geometry": {"type": "Polygon", "coordinates": [[[-0.10212095637964737, 47.064797190818005], [-0.09805549141019346, 47.0913509263054], [-0.08590400471278307, 47.1010103974686], [-0.04416541443323743, 47.093242584398084], [-0.035959245982801084, 47.12509157253751], [-0.01073662557135027, 47.15750952036683], [0.01901485826766373, 47.17575785031973], [0.03664297673522525, 47.160354293664795], [0.05382761471070587, 47.16373008265526], [0.07637120084195233, 47.12393194888823], [0.13613090268194533, 47.121580554147506], [0.1347219236888625, 47.1078700305567], [0.15685150997252176, 47.103344382080465], [0.18146114771856547, 47.11438824881292], [0.20095302486598468, 47.09125887635545], [0.1742206159576792, 47.07127519606643], [0.20800102904621295, 47.05323202361692], [0.2455423301785185, 47.07128604001384], [0.2718544387898612, 47.04638904119169], [0.29823142261819696, 47.05391872520871], [0.3093302509672645, 47.04413338267026], [0.2986715021217093, 47.01959741824875], [0.3081773026194614, 46.99988348323911], [0.30073625724988334, 46.97382765864781], [0.31122704760535835, 46.93783959199593], [0.3248406111614126, 46.93065213256517], [0.3665152631758488, 46.94955720761298], [0.4387096602536596, 46.929582071059045], [0.44480383249233546, 46.94114889283753], [0.5027297280171042, 46.9579123909043], [0.5392917082788095, 46.960220880583776], [0.5644222278144092, 46.95552996701939], [0.6015594112278456, 46.95910993478791], [0.6011756847806528, 46.97309082433285], [0.5783449036180749, 46.97981081817415], [0.5669489614197056, 47.00227037444166], [0.6188741963763473, 47.00746096968646], [0.6362054885332586, 46.985451805972254], [0.692569282364634, 46.97430706301784], [0.7062532556123257, 46.937154623849935], [0.704324392050786, 46.903293353155846], [0.7521109761823577, 46.86086544125436], [0.8093213661875756, 46.827858093390724], [0.8119017840639386, 46.79450796471714], [0.8279817587178017, 46.776816236170745], [0.8674688807081561, 46.74821910504847], [0.9010383725080395, 46.73609229312116], [0.9279553620387494, 46.69539122809664], [0.9084421594440936, 46.6826701222059], [0.9065157405117292, 46.64774942034653], [0.8943018154002151, 46.62573665182289], [0.9158653080538118, 46.59663148752451], [0.9408377357519268, 46.581410311122475], [0.987237034592862, 46.56556286906366], [1.0147644249831798, 46.56776399882199], [1.0206069888359919, 46.53709643301311], [1.08759324171297, 46.538172760099805], [1.1082908975477561, 46.53150940181887], [1.1491434460646581, 46.50220256803704], [1.1349676142912506, 46.495261976149834], [1.152977857618218, 46.47295586110232], [1.1516045347766355, 46.449236175811976], [1.2109861172875847, 46.42936675668184], [1.1772799568053671, 46.38395162215293], [1.1575433154988817, 46.38874160395639], [1.1309116151248964, 46.36438532205801], [1.123709186916179, 46.349062839671014], [1.0969021987058567, 46.36211145047139], [1.0501574891827015, 46.36278094700801], [1.0269954429337311, 46.34303442800396], [1.0217534424141506, 46.310696552617046], [0.9884486047314835, 46.280360998092185], [0.968413453240399, 46.28602244975969], [0.9326647831388527, 46.2820281162358], [0.9004933562268206, 46.28684421517437], [0.8853264387584442, 46.266088374204195], [0.8614456196703202, 46.26163361249219], [0.8454876223484477, 46.24206422629179], [0.8480099863968311, 46.228752872389514], [0.8101043739851272, 46.22788528658486], [0.7957366162231452, 46.211086485296406], [0.815811931396682, 46.19671831003433], [0.8334530172887465, 46.16655399123534], [0.8234337839605995, 46.128581728488264], [0.8095104050353692, 46.13820512038027], [0.7801581669353024, 46.13213998977384], [0.7469045366399735, 46.13857472178201], [0.710577167789481, 46.13088444115974], [0.684060820103776, 46.11934698105583], [0.6874528960648788, 46.09725460634645], [0.6086469693380949, 46.0896841812107], [0.6060084175300469, 46.077142007163026], [0.5749744983104493, 46.07899630556071], [0.5646140785657598, 46.089594364695195], [0.5381620342712992, 46.095338949157004], [0.49249803098282, 46.1359535013665], [0.44325878141139535, 46.10157393893125], [0.444533894881436, 46.09115151319632], [0.47596150384778746, 46.08270140200688], [0.46914195555876237, 46.06154823906217], [0.4450902027032336, 46.05080094878019], [0.4132869508404128, 46.04908867462494], [0.39105268436192897, 46.066346526515616], [0.2798061440667491, 46.060966262312725], [0.2522183041176724, 46.07997966029883], [0.21971869883786393, 46.09431625215903], [0.1973535052161626, 46.09555004152969], [0.19108384573574536, 46.112280833588024], [0.21492180826491483, 46.13884556432992], [0.22035458351339557, 46.15799975349338], [0.1870636693943682, 46.14851197384494], [0.1551113740904502, 46.157168244596924], [0.13793977146169878, 46.18084966362293], [0.1076952133925229, 46.1861301320678], [0.11343152573440447, 46.21220922906378], [0.14344160353379778, 46.230114587841406], [0.12883677213786587, 46.26723154899869], [0.15955968591576844, 46.26656979483444], [0.17232027940044886, 46.27860128086839], [0.15218685361085643, 46.30314888540674], [0.16956912209813432, 46.31018694492532], [0.17523938179388834, 46.33181773874165], [0.13759784994026253, 46.349395182700974], [0.09780469789926086, 46.33079981164575], [0.07821800902702593, 46.304933538922825], [0.03250915440256327, 46.32782028737164], [0.029657077300027247, 46.349192346191], [0.013846004253531347, 46.35706042377505], [0.03421997901294537, 46.37349679947992], [0.02069664723879619, 46.38800352143432], [0.00026572855997630953, 46.392018635848565], [-0.017092824348942416, 46.4113223945137], [-0.010457661947033809, 46.44881280383021], [-0.01707071907246923, 46.47527516260208], [-0.04230359002464692, 46.470028260342126], [-0.03135125528751674, 46.52498101941566], [-0.007157529433821307, 46.52327699327565], [0.007895566679664658, 46.547974321223606], [-0.008022109474557896, 46.567543137522954], [0.020058959008376207, 46.58512799711242], [0.022854639746489266, 46.614530685176334], [0.0031057671136598976, 46.61079878720693], [-0.026547974206768066, 46.62886079422371], [-0.0653244004897615, 46.63246151135352], [-0.03338532562574275, 46.65364917507512], [-0.040426190194721524, 46.66371702380725], [-0.006947998344661607, 46.68290982229758], [0.0007042720140891931, 46.71623331657764], [0.03826535834799053, 46.73158052408886], [0.005731121087621784, 46.75454225312974], [-0.014979708609133745, 46.75637013577674], [-0.02232550667364259, 46.78961529950765], [-0.020316336069380297, 46.812653925006536], [-0.04568987388716529, 46.83210506753766], [-0.007773096486773423, 46.84747452695961], [0.01660746491547145, 46.83496346394018], [0.02561539858266648, 46.85287480114874], [-0.027263869318720418, 46.87992322868147], [-0.009032410299882686, 46.90747700605923], [-0.022215929347250134, 46.938478291692846], [-0.044186809693518486, 46.95837119466449], [-0.038153345460296736, 46.98939008519809], [-0.06675773993609899, 46.99387700352016], [-0.08113082448484565, 47.01267677238524], [-0.10212095637964737, 47.064797190818005]]]}, "properties": {"code": "86", "nom": "Vienne"}}, {"type": "Feature", "geometry": {"type": "Polygon", "coordinates": [[[0.8234337839605995, 46.128581728488264], [0.8334530172887465, 46.16655399123534], [0.815811931396682, 46.19671831003433], [0.7957366162231452, 46.211086485296406], [0.8101043739851272, 46.22788528658486], [0.8480099863968311, 46.228752872389514], [0.8454876223484477, 46.24206422629179], [0.8614456196703202, 46.26163361249219], [0.8853264387584442, 46.266088374204195], [0.9004933562268206, 46.28684421517437], [0.9326647831388527, 46.2820281162358], [0.968413453240399, 46.28602244975969], [0.9884486047314835, 46.280360998092185], [1.0217534424141506, 46.310696552617046], [1.0269954429337311, 46.34303442800396], [1.0501574891827015, 46.36278094700801], [1.0969021987058567, 46.36211145047139], [1.123709186916179, 46.349062839671014], [1.1309116151248964, 46.36438532205801], [1.1575433154988817, 46.38874160395639], [1.1772799568053671, 46.38395162215293], [1.2047624195766258, 46.387692968021526], [1.2191909673622259, 46.36592410433378], [1.2604032451287535, 46.37878248650986], [1.3030567860553472, 46.37099465262579], [1.3223399070687456, 46.38965357258241], [1.3560228953092233, 46.40012317441316], [1.3835265726019255, 46.374757364316125], [1.4090311642821585, 46.3613359928752], [1.4151905101137505, 46.34721849587296], [1.4437697350516507, 46.30589420737529], [1.4265688116168553, 46.298921049134], [1.4036544413446612, 46.25990982797783], [1.4168521672178434, 46.24087405708507], [1.394145356288105, 46.238349230413554], [1.3749003074212893, 46.2154511009523], [1.415268536568449, 46.177157045823584], [1.4552353294299893, 46.18103071472153], [1.467878491573528, 46.151750416293105], [1.5052016882428472, 46.127461799559406], [1.4919762107249506, 46.11473183426131], [1.5048991958425688, 46.08815343941205], [1.5429508225169888, 46.0765888129599], [1.5317830893571065, 46.05816171452662], [1.5491757848158925, 46.03541014153877], [1.5363833974668037, 46.02629327721946], [1.5385468041090549, 45.99742846047048], [1.5648266887508957, 45.99711597960844], [1.5764733332307777, 45.98099739362502], [1.5661484901291225, 45.96325060326457], [1.5325001755915217, 45.95280423814569], [1.5299613213195493, 45.93182220228596], [1.5472651107258997, 45.91683379316217], [1.5782614117742197, 45.91727264832772], [1.5791744495987925, 45.93040642363652], [1.6150681481078124, 45.93195022666644], [1.6397206723679907, 45.89953853071148], [1.635996388309483, 45.88844297865446], [1.6023488376186423, 45.89096810343807], [1.6023984681707661, 45.85746515857901], [1.6766374034760068, 45.83511402023573], [1.69036360011077, 45.84361369992126], [1.7148786249110421, 45.8400586312482], [1.7558371847814345, 45.855656306428116], [1.7891620911385413, 45.83007210551306], [1.8284337256367398, 45.80980874385992], [1.8464472547509174, 45.809940191138686], [1.8808988285366512, 45.797714818456456], [1.8941319437754782, 45.7592554835555], [1.875140102478583, 45.7327797889896], [1.880957399347195, 45.71285387339609], [1.898730779182943, 45.69827755120411], [1.904291004939969, 45.67774470255675], [1.8799625935579851, 45.678180842698936], [1.8751322671973147, 45.664894260838736], [1.8264346802695488, 45.66513576315906], [1.7858344815104692, 45.68266308806586], [1.7763991218328075, 45.65846116946758], [1.748060654562327, 45.64570341986574], [1.7047914479153132, 45.63738765111646], [1.660196676810575, 45.60797409516256], [1.6581804847733144, 45.595323545490324], [1.624885337381578, 45.57793581971724], [1.5938310699115545, 45.5771464332939], [1.584891438656278, 45.556076867663364], [1.5571958047036878, 45.54936632471629], [1.5220914137932038, 45.56409475254406], [1.506276371554196, 45.55097960357961], [1.4806927011525084, 45.565857439236126], [1.4551417227717747, 45.55328740957993], [1.450268846192153, 45.530397969675526], [1.4120586564349766, 45.52809003445668], [1.3896000810911788, 45.4961572819304], [1.37157178520687, 45.49211445485024], [1.3511118587508797, 45.470001773336946], [1.3103931233740413, 45.483041180557144], [1.27034342793137, 45.4776755159118], [1.2645252348468465, 45.45409594836666], [1.2531518386328937, 45.44421907802482], [1.209501347214524, 45.463084747625864], [1.1865884187192175, 45.45529497029879], [1.1641763230169675, 45.47552956976588], [1.1358342826377092, 45.47086498923646], [1.1197844789851377, 45.48778292627877], [1.1359472599446487, 45.50640914164488], [1.1672867970396268, 45.52482220464761], [1.137684533027224, 45.53977362177215], [1.1103236008119233, 45.54491026026193], [1.080359033146871, 45.533998770505264], [1.0746444865790412, 45.54577271138723], [1.0475013530672403, 45.55793278314188], [1.0354291459916498, 45.573323428579684], [1.0358490435954522, 45.600209290253126], [1.0232467983202298, 45.60995990299867], [0.9863932565151387, 45.604487080117515], [0.9470174998837003, 45.61359375507784], [0.8981892208012014, 45.59978358036884], [0.8748028110501537, 45.62135072197518], [0.8593270163801664, 45.61255366991051], [0.8425878139261963, 45.58227280988904], [0.8115003322647284, 45.575870643461926], [0.8035615373389846, 45.59623658602799], [0.7803710896124326, 45.591186976030635], [0.751529712610917, 45.618323854020026], [0.7630383629892018, 45.62833642730259], [0.7758431349260253, 45.6675695723418], [0.7636991223155143, 45.66825689490875], [0.742191639150923, 45.690583187900515], [0.7164967555921232, 45.69492986065276], [0.7021017463764117, 45.68712391220238], [0.6542322548355602, 45.68870460553755], [0.6297424639524398, 45.71456998977268], [0.6454223576561761, 45.717511285932694], [0.6525242742739024, 45.7404698575335], [0.6884232598945583, 45.7604002541581], [0.714888400126834, 45.76311968057406], [0.7079458275965803, 45.79550918085823], [0.716439805978218, 45.80561793866404], [0.7470964755206753, 45.80309000421788], [0.7721413751783613, 45.78762409365665], [0.7822321483214059, 45.8210820958808], [0.7979907883874932, 45.83267807863906], [0.8273731927551746, 45.882747942075014], [0.8133141897835577, 45.89867390107227], [0.8222125888611419, 45.93208646787984], [0.8594760522394275, 45.917997097288996], [0.8847207937372841, 45.923723788266166], [0.9227140883044904, 45.95301038798378], [0.9425919960124763, 45.95743607843122], [0.9256254984735036, 46.01045396377162], [0.8940345525336028, 46.02314912814255], [0.8670363318108323, 46.01842834189512], [0.851093282263786, 46.03464824766331], [0.8179096763959527, 46.047878116483695], [0.8269002995768702, 46.06393247093984], [0.8188984576633332, 46.07740847428548], [0.833691291703567, 46.10635630894394], [0.8152372244416768, 46.11576760044673], [0.8234337839605995, 46.128581728488264]]]}, "properties": {"code": "87", "nom": "Haute-Vienne"}}, {"type": "Feature", "geometry": {"type": "Polygon", "coordinates": [[[5.470061704426128, 48.42092884036511], [5.510986594146936, 48.41821515231162], [5.520280149216775, 48.43239263092878], [5.564650216197492, 48.441090759508775], [5.6151325162349, 48.44043873717153], [5.67902361096049, 48.47139115386205], [5.713228409793979, 48.46034355947541], [5.7385787703210624, 48.466071385805314], [5.765154701602298, 48.49649260851312], [5.787024028409427, 48.48291106954139], [5.8141526013422045, 48.49819514538156], [5.856069666360071, 48.506844385585524], [5.8881463197842825, 48.49400616317709], [5.903569430927025, 48.48024393097157], [5.886926216153374, 48.45386839126565], [5.8989549292934935, 48.44671533650002], [5.859177083813666, 48.41623563816792], [5.879136424841787, 48.403869307586056], [5.935989530326643, 48.40287986588223], [5.954936403333502, 48.387329103706854], [5.944654250679005, 48.37581815056828], [5.960066474604184, 48.35072931908477], [6.004066285882898, 48.36147870334314], [6.025234465713196, 48.356969332010294], [6.053418454701744, 48.365636733016395], [6.066019115933426, 48.359278767448906], [6.097642409054446, 48.37159231795909], [6.116723785728533, 48.35403844099854], [6.152354370824704, 48.38097163461962], [6.147083853210351, 48.404242546398436], [6.178419125638964, 48.397598877997915], [6.23209682220264, 48.400225955022414], [6.260443354875095, 48.40640078999615], [6.270297573655838, 48.42610067601965], [6.3012588451180624, 48.43051921403982], [6.305674808715067, 48.41318887901744], [6.3313164158672315, 48.404817172837355], [6.422399441358526, 48.40728279397748], [6.450365847505534, 48.41505383549833], [6.500755073004984, 48.41423379500427], [6.5337102147419674, 48.4313569295525], [6.583870758203037, 48.417225395440674], [6.568134528831446, 48.438701194783874], [6.584971476704244, 48.46050916362013], [6.62369925487009, 48.473102199556955], [6.648289899981963, 48.433884724429255], [6.6994983396482075, 48.41308754075586], [6.760669183398023, 48.411666746640414], [6.768836777292687, 48.39954530354836], [6.815166528707746, 48.398846200565345], [6.828255495843522, 48.41660943907006], [6.866316381673087, 48.43184823377053], [6.894133940205172, 48.419480410764045], [6.9829860045628855, 48.47905957978556], [7.050540315367024, 48.49487862493578], [7.094019735640854, 48.512952288683174], [7.123165369028565, 48.513592265556596], [7.097693072924202, 48.48762107861984], [7.11688383670396, 48.484885014570324], [7.095873788299803, 48.4270217723305], [7.108026244714085, 48.376989845150604], [7.0785233740914295, 48.35107311533077], [7.120494270164923, 48.33334864685793], [7.184818696745765, 48.33615437512855], [7.198281537029947, 48.31046786102034], [7.172440378133587, 48.29748024360684], [7.159489565642163, 48.268753563588], [7.147824517541642, 48.263892801246804], [7.117505784718491, 48.207992451661525], [7.085332018879333, 48.18087313160711], [7.058017510455936, 48.13770265802238], [7.084162370831343, 48.12921286268667], [7.047595780380201, 48.08006166786818], [7.029803015827174, 48.07190490436478], [7.001883743858899, 48.0223990958155], [6.961410552710714, 48.000261282588426], [6.943356419805964, 47.99795794686154], [6.920755573390488, 47.942921686407516], [6.927825935367718, 47.90821058120768], [6.900213335139267, 47.891191372710956], [6.920047718110646, 47.85028746971086], [6.897600863366078, 47.8375646687869], [6.846179818400714, 47.822945196999186], [6.823538854548165, 47.81305372458858], [6.792206691054161, 47.830065844691816], [6.784821909572192, 47.84962275516846], [6.737768277119198, 47.8615661276394], [6.703673452230481, 47.88141530820336], [6.643740194905068, 47.90503177099352], [6.641076475620301, 47.91580834582307], [6.6073149335019385, 47.943147742357816], [6.563418085973325, 47.931389307581], [6.5421528235861155, 47.90261056529581], [6.476305388045899, 47.89135525473161], [6.455958900669549, 47.90676595953145], [6.43172063760481, 47.94381556163065], [6.366159798724643, 47.96194440724777], [6.324502244506514, 47.94927719089294], [6.27733365541217, 47.95380917897212], [6.237987058178878, 47.93284210198345], [6.208333130052072, 47.93959154159432], [6.193308012990422, 47.953186926635745], [6.167984818891344, 47.95235039236555], [6.1523863211856415, 47.99509120117254], [6.156025724419171, 48.00640454629518], [6.131397185816461, 48.024084417358715], [6.0411805356860935, 48.004423104387435], [6.023512782425089, 47.97819459549159], [5.994585023938386, 47.957843619961515], [5.9707779241858585, 47.95720515925631], [5.9537128429228625, 47.93703033418094], [5.937717530374109, 47.95093996886656], [5.95951518224341, 47.96583761413322], [5.9367444429976315, 47.978872441043904], [5.918281347414071, 47.9655809864854], [5.918042584312377, 47.94735978283618], [5.900112413513003, 47.94475092005572], [5.884726375202079, 47.926047148569474], [5.850003923490582, 47.96283504722941], [5.787280985479235, 47.952596973102644], [5.778492027788896, 47.97800978811231], [5.793591975095584, 47.99070892021546], [5.77774789858366, 48.031361923263205], [5.740575630698962, 48.050043986724326], [5.65966986503565, 48.08486263156757], [5.629010103166862, 48.0844163929701], [5.656886341889701, 48.120399648852754], [5.68431870758825, 48.14504209497101], [5.6822435704493275, 48.17570971343473], [5.696740894208173, 48.18888423309182], [5.730982683815125, 48.18969958329602], [5.719343419026872, 48.21284553404126], [5.6877917029501965, 48.23418465758911], [5.677420725123087, 48.22898238922798], [5.640901189478503, 48.242354204929356], [5.65380919650419, 48.26852380977062], [5.611652001252659, 48.29181533437579], [5.5879967536815585, 48.278489865685614], [5.544667324256171, 48.31484393016795], [5.52236342294961, 48.34085020470289], [5.482149185087855, 48.35620132426793], [5.441808221286742, 48.33585087730688], [5.418230200002256, 48.339827299478394], [5.419996789966145, 48.36209610065057], [5.441572019947177, 48.38023164680497], [5.408721169498744, 48.38310019043649], [5.443801554148948, 48.412796111132934], [5.470061704426128, 48.42092884036511]]]}, "properties": {"code": "88", "nom": "Vosges"}}, {"type": "Feature", "geometry": {"type": "Polygon", "coordinates": [[[2.936314411640624, 48.1633917441478], [2.9347486048838207, 48.17882262621194], [2.970958045601008, 48.194187673485665], [2.97446503722382, 48.20555285255294], [3.0051556578134635, 48.20767000034546], [3.043627253848888, 48.27202235761227], [3.015901008416285, 48.3079017396547], [3.041677936242915, 48.329416667963116], [3.036760677253472, 48.34009779475704], [3.0495188960927044, 48.36012035556557], [3.0988849903520745, 48.35782222270563], [3.1398687617633554, 48.37259875797597], [3.2018573040530143, 48.36401635870226], [3.232843707551971, 48.37032930740775], [3.254382220567969, 48.36502185965591], [3.282397556791885, 48.37751802756359], [3.305153213312036, 48.37287323488759], [3.3651592673815314, 48.37228068710627], [3.367217075047188, 48.39431654152582], [3.3833187883415756, 48.39970860491622], [3.4147915595010967, 48.390273038820325], [3.427513158445058, 48.359980231681526], [3.4525858660423605, 48.374390245729586], [3.4986883356303173, 48.368618101138466], [3.5325118583181596, 48.340525877771384], [3.5634013639699584, 48.32144364439587], [3.566569286931659, 48.30742854994862], [3.5879668741436643, 48.30081000040951], [3.587183966868095, 48.280173420842885], [3.6168043332338455, 48.27133989890988], [3.624328073587777, 48.25452852774026], [3.600078611097097, 48.23703622325982], [3.6216173506103138, 48.22574039972581], [3.6111556712475656, 48.21192894753078], [3.57518637671701, 48.18874134782558], [3.594183989487009, 48.17887516119051], [3.6195505299659145, 48.190784479669105], [3.6414970437080063, 48.18393657752057], [3.667869602845747, 48.1392119036121], [3.7050170955645534, 48.14431394210169], [3.740291245795231, 48.16970783293559], [3.754823906575138, 48.150241865949376], [3.739719908908732, 48.13275411908254], [3.773282122246105, 48.12969525627175], [3.8049683849961107, 48.10254956014992], [3.806792668443169, 48.083864090347966], [3.824612213123349, 48.06128779150571], [3.8242989358275574, 48.04289541931859], [3.8706198703197394, 48.01563556441249], [3.839811254672786, 48.00389003724434], [3.850029315571996, 47.98379240721269], [3.8783088264909926, 47.979417724331554], [3.900190065880429, 47.99790876198765], [3.91469046126473, 47.97569343810935], [3.9015952504180182, 47.93863384246034], [3.9480945711713997, 47.93089676516494], [3.985962466837663, 47.93063908075462], [4.003855529645679, 47.94203480301055], [4.01814220173801, 47.928474566092724], [4.045237544702236, 47.92596854676534], [4.061270050327684, 47.945562416892294], [4.092978649387006, 47.94297672164551], [4.1117857473984065, 47.926995657517516], [4.166327039100888, 47.95980433221276], [4.2078337319682335, 47.94659557765659], [4.206741721722166, 47.972203894649205], [4.228464403152438, 47.96915282956105], [4.2221457478233475, 47.94969678465566], [4.242723875606858, 47.931956917411135], [4.265599591370342, 47.924116159008285], [4.2934241069450065, 47.92567623483797], [4.311152699462278, 47.903922726683135], [4.277339137948259, 47.89945297805272], [4.262193864556681, 47.88395527973197], [4.2610008241447535, 47.84385063866699], [4.300805981058354, 47.84877161085865], [4.319285858378513, 47.83743970579336], [4.320330919498607, 47.81169317443553], [4.340296871154208, 47.79956664297927], [4.327231405103721, 47.78566401630385], [4.332471702607339, 47.756511310391986], [4.289656740825392, 47.73317231931354], [4.260502367415732, 47.74220354600016], [4.2526277781965405, 47.716066198902226], [4.267304312456938, 47.70164928916197], [4.258324006422516, 47.68389555308575], [4.225637843042874, 47.67116302241697], [4.249113979601859, 47.65949100902422], [4.212381292101606, 47.62796570432303], [4.214168417613283, 47.602912165808426], [4.197168115097694, 47.59802850906373], [4.17512808182493, 47.553259163212694], [4.156528733449272, 47.55161760512027], [4.138136112599596, 47.52153256449299], [4.112403898450227, 47.5034970330936], [4.129760578477719, 47.47483692093974], [4.119426533664949, 47.443553393311014], [4.066060118363545, 47.407251287195685], [4.088307134357006, 47.39652090232598], [4.076218510845687, 47.383480194423754], [4.106085850126875, 47.339255985490894], [4.046432164286821, 47.339943756300286], [4.028760221806572, 47.31557728480351], [3.999278507688071, 47.312773725416655], [3.973097819719344, 47.332712674420605], [3.9653529425108722, 47.3652327054121], [3.944243142987652, 47.38021568332925], [3.9087922026053734, 47.38205569491613], [3.8867653218201808, 47.3645805378824], [3.8718702934595615, 47.36693490948858], [3.8635369268343536, 47.395841532600606], [3.8933965172489198, 47.410290156628015], [3.878310953801514, 47.42929226716236], [3.851506603080638, 47.43558613394464], [3.8443762508505244, 47.41082738551116], [3.8217875906686545, 47.402796919032404], [3.818472205441228, 47.380187941025326], [3.785647440559844, 47.39054224193822], [3.774605414302544, 47.40619956994621], [3.74055092250182, 47.39650073819435], [3.7147823454353084, 47.406834666623176], [3.6789914842274665, 47.445533677873506], [3.580113356556516, 47.46490071648911], [3.5806168100615214, 47.49786323631363], [3.553140570878716, 47.50232679103883], [3.5135049928892266, 47.527668013741454], [3.50460694021663, 47.557934222629186], [3.492366537968952, 47.56012889108053], [3.488276701493949, 47.493830911376975], [3.437164175942187, 47.50799559642577], [3.3972880002653882, 47.508867495938276], [3.3807002450190415, 47.48729175533955], [3.3395269332726487, 47.47816523272086], [3.2852515362929866, 47.50393862662616], [3.2721566613710795, 47.49154765493751], [3.2354902376938353, 47.4891790840854], [3.2046491761957805, 47.522966343570126], [3.165190757880271, 47.51750199807388], [3.1350763394879597, 47.5419077972082], [3.102009918822544, 47.58795615956075], [3.080558427544962, 47.5854885999859], [3.059199650745983, 47.56884905584853], [3.0187759740569513, 47.55731386824091], [2.9765380120036067, 47.56942879709582], [2.9622747369522457, 47.57678810211018], [2.9403094506517125, 47.60348550057479], [2.936290512560618, 47.63665230316903], [2.954234275262721, 47.64577868896602], [2.9181549279743337, 47.66979136771246], [2.911669508308486, 47.69146053421784], [2.858973240721994, 47.71131839341009], [2.848796639073614, 47.72588667336868], [2.8566660682192713, 47.76092647077394], [2.9145173600355263, 47.76938033260984], [2.9496989968031038, 47.76587258709822], [2.954736881556772, 47.77555900512353], [2.988221260489061, 47.78603448891204], [3.023798094359226, 47.78655467899923], [3.0281191130010834, 47.80064806639638], [3.0125379851547156, 47.834374131761656], [3.0297012521374107, 47.83508204151216], [3.029058320822418, 47.857123076441624], [3.0053630487182557, 47.86404745363208], [3.00722631015934, 47.895294555605346], [3.0646112850926173, 47.93051941081648], [3.0784722436737018, 47.93141992007049], [3.1284501214452565, 47.97097324034548], [3.1245523178040195, 48.006029252910174], [3.1040899600034066, 48.01354534990655], [3.0883177986514796, 48.05393639481059], [3.0504714242752176, 48.072334131124755], [3.0498962046090887, 48.088837886069456], [3.0294654865478936, 48.13320717199774], [2.990882804955562, 48.15249378691091], [2.9712637126470374, 48.15183377076339], [2.936314411640624, 48.1633917441478]]]}, "properties": {"code": "89", "nom": "Yonne"}}, {"type": "Feature", "geometry": {"type": "Polygon", "coordinates": [[[6.823538854548165, 47.81305372458858], [6.846179818400714, 47.822945196999186], [6.848453009671943, 47.80186631777955], [6.862439977221479, 47.786366479297826], [6.924003092082664, 47.77046856849051], [6.940432511420332, 47.77156566113129], [6.971172049261423, 47.75268332188395], [7.011758808530528, 47.741727719619604], [7.0374240128839105, 47.72163936009252], [7.026487154962489, 47.70099973832609], [7.046314752908177, 47.67150171047833], [7.018871382727326, 47.65067487496959], [7.004983231421509, 47.61938273174142], [7.025415883306456, 47.59267760605909], [7.064719544691056, 47.60105755104757], [7.086270201422721, 47.592562199657216], [7.106219108143236, 47.55138203283421], [7.135819374783416, 47.53646303183533], [7.130345969302944, 47.50302658239207], [7.111058458608464, 47.49490275577542], [7.066595656975458, 47.49348103198955], [7.024394386855231, 47.50421334191186], [6.985924997204884, 47.49152131286686], [6.998962818675516, 47.45229903121829], [6.970004495274878, 47.44688262940426], [6.940536510867674, 47.43337372140521], [6.932315529660057, 47.45581501043693], [6.917231799861733, 47.46886980086098], [6.907596719688256, 47.49436626816266], [6.930856287246399, 47.49817970710937], [6.946162450184676, 47.51131633258056], [6.909674152385642, 47.525507149094636], [6.905669627634239, 47.547361521011815], [6.883473648745609, 47.55533115808764], [6.860809068981891, 47.54751358468233], [6.816660001724921, 47.54792247821983], [6.80700533167707, 47.562801384972], [6.804959146951254, 47.582108256125515], [6.780404771904786, 47.62526070544475], [6.80103447418288, 47.636044219886536], [6.776099673752326, 47.668572918052455], [6.781911060840567, 47.687677725049234], [6.772570902276831, 47.71163343375122], [6.756625698295901, 47.72444662113829], [6.757638483670512, 47.747877966474704], [6.785629179422312, 47.78207231453601], [6.811469860026116, 47.796038470605524], [6.823538854548165, 47.81305372458858]]]}, "properties": {"code": "90", "nom": "Territoire de Belfort"}}, {"type": "Feature", "geometry": {"type": "Polygon", "coordinates": [[[2.2265593271545225, 48.77610203162176], [2.2329784335715455, 48.76619570460062], [2.2649238096212745, 48.76144968716666], [2.314443701257945, 48.7304256109259], [2.3207180175230313, 48.74875623508064], [2.3546837090965482, 48.73856509020945], [2.3707067322771356, 48.720175922532974], [2.4141357629081504, 48.71799549181414], [2.454965343815732, 48.72228146116879], [2.5035365695581286, 48.735211482171685], [2.5157508385679277, 48.72893861768784], [2.531076672373326, 48.69978570765512], [2.5538667808447078, 48.68832401270366], [2.571660318442073, 48.69201409164602], [2.585373689362236, 48.67939805001862], [2.544818846722052, 48.671181815072785], [2.53361600680745, 48.65733138882678], [2.5258433805130944, 48.61310782203827], [2.543776514406961, 48.60384977114558], [2.5182770284128475, 48.5832577878723], [2.5198364478476627, 48.5625203315344], [2.49952467433224, 48.52523904800114], [2.51535674995086, 48.50615222035927], [2.501886311020425, 48.48476669856557], [2.50765489240467, 48.429543907057045], [2.527461927309532, 48.4157156753841], [2.5216135704659886, 48.404932172570405], [2.46921772462766, 48.37645004114287], [2.4298322285044196, 48.362015783117755], [2.4255796854392964, 48.33725297618987], [2.402664267131608, 48.320719459421184], [2.3633118415981462, 48.309600437933916], [2.3277014892177683, 48.33305786731142], [2.312590884489921, 48.330802741661444], [2.2954192430595457, 48.308226039086286], [2.238046845675527, 48.316373357629175], [2.223911064819703, 48.3364180215832], [2.2022493722769347, 48.344596745334684], [2.1806941723291215, 48.31168043030938], [2.155707101498331, 48.30449560310474], [2.081503651069427, 48.29360440985604], [2.052708364877964, 48.29547390947902], [2.0438104559378143, 48.2864493366448], [1.9940847180593788, 48.286585877943075], [1.9752916566344318, 48.28719843612737], [1.9592272366957604, 48.308689574530625], [1.9799848326906437, 48.31848007972407], [1.9699915637784469, 48.33969146951863], [1.9868210109251592, 48.36214189229105], [1.9734600276085819, 48.38883055198841], [1.9765777946992387, 48.39938447447991], [1.9258935288275238, 48.412738189076535], [1.940657409608177, 48.42520626181189], [1.9221489648373706, 48.457600286064135], [1.9149145708790403, 48.473854949789406], [1.933377950693106, 48.482146422725215], [1.9460308303104135, 48.515862147920664], [1.9674261909808515, 48.53307136184394], [1.9340684230182927, 48.54810690246857], [1.9378872442847588, 48.562931040710545], [1.9787832030076382, 48.553654167165384], [2.01757406029729, 48.55759738742344], [2.0172296562124665, 48.56946047379915], [2.035741451799255, 48.58886342431221], [2.034508920154608, 48.603498748150024], [2.0602445240702307, 48.6175941143781], [2.0178852678544255, 48.64224227868909], [2.0456590375105823, 48.687570739614664], [2.0820789629661083, 48.68544592956703], [2.1103326928214208, 48.714381141190366], [2.097999010182745, 48.73436502883337], [2.1349798974354277, 48.737139276053675], [2.150675004182983, 48.753712115449396], [2.1820096609166937, 48.757573640869396], [2.2027216574242257, 48.771358218371454], [2.2265593271545225, 48.77610203162176]]]}, "properties": {"code": "91", "nom": "Essonne"}}, {"type": "Feature", "geometry": {"type": "Polygon", "coordinates": [[[2.2909735732251613, 48.950966788077196], [2.3269700232985637, 48.94536493100808], [2.3363515897545497, 48.93235062393098], [2.3198186459199985, 48.91593565477114], [2.319884458526643, 48.90045886733916], [2.277487004862913, 48.87797011937597], [2.258472586492028, 48.88038999464371], [2.2317363464837308, 48.869069480870024], [2.2242245702250814, 48.85351605360998], [2.2790573794463054, 48.83248998498127], [2.3318953139887446, 48.81701271305569], [2.318696288355829, 48.78799561087479], [2.3258120232145614, 48.78191098020334], [2.3087015923862384, 48.75541506900493], [2.3207180175230313, 48.74875623508064], [2.314443701257945, 48.7304256109259], [2.2649238096212745, 48.76144968716666], [2.2329784335715455, 48.76619570460062], [2.2265593271545225, 48.77610203162176], [2.2026350450801604, 48.798403323102875], [2.1829398770998654, 48.7972269838604], [2.1766744128227886, 48.81380509870073], [2.1515778037276103, 48.81702039834037], [2.1458733412695294, 48.83602003450691], [2.1528691414227357, 48.87333985214219], [2.168378401515456, 48.8950779335488], [2.200591009269503, 48.908679329890454], [2.2687243837962194, 48.94657952905197], [2.2909735732251613, 48.950966788077196]]]}, "properties": {"code": "92", "nom": "Hauts-de-Seine"}}, {"type": "Feature", "geometry": {"type": "Polygon", "coordinates": [[[2.55306064485419, 49.0098171174389], [2.580314053373102, 48.99158952144207], [2.5717986314833206, 48.96867398285449], [2.58930360616549, 48.953762745338985], [2.592341722831452, 48.925023616614034], [2.5870340052947016, 48.893952959629644], [2.568103791053846, 48.86594445401019], [2.592517689219438, 48.82587446702569], [2.5922804883088015, 48.8074366758147], [2.533679919545506, 48.84510353911671], [2.4815340793391782, 48.86140985004899], [2.416339717281352, 48.84923827340741], [2.4139437894422056, 48.87082877761242], [2.385151006972503, 48.902007792208785], [2.319884458526643, 48.90045886733916], [2.3198186459199985, 48.91593565477114], [2.3363515897545497, 48.93235062393098], [2.3269700232985637, 48.94536493100808], [2.2909735732251613, 48.950966788077196], [2.2989593311869005, 48.96630137751687], [2.333312950123798, 48.95538233563509], [2.344102277288972, 48.96823838528235], [2.3845399290016545, 48.970997610129494], [2.407383854100793, 48.95612202818259], [2.4594899596115933, 48.95504632683333], [2.4673283497589793, 48.96433475385722], [2.5147706684191236, 48.9822601449233], [2.5322426864128684, 49.005223756710706], [2.55306064485419, 49.0098171174389]]]}, "properties": {"code": "93", "nom": "Seine-Saint-Denis"}}, {"type": "Feature", "geometry": {"type": "Polygon", "coordinates": [[[2.3318953139887446, 48.81701271305569], [2.363949262797974, 48.81631512383787], [2.4006819201840903, 48.82909612370583], [2.4384502049151475, 48.818235158647155], [2.4626974524261254, 48.81905707868419], [2.4622646327720443, 48.84253748930953], [2.416339717281352, 48.84923827340741], [2.4815340793391782, 48.86140985004899], [2.533679919545506, 48.84510353911671], [2.5922804883088015, 48.8074366758147], [2.607003437584154, 48.77439762384403], [2.5854093346308815, 48.74171196622536], [2.585211502726328, 48.727239448802735], [2.5688040564289847, 48.707222628077005], [2.571660318442073, 48.69201409164602], [2.5538667808447078, 48.68832401270366], [2.531076672373326, 48.69978570765512], [2.5157508385679277, 48.72893861768784], [2.5035365695581286, 48.735211482171685], [2.454965343815732, 48.72228146116879], [2.4141357629081504, 48.71799549181414], [2.3707067322771356, 48.720175922532974], [2.3546837090965482, 48.73856509020945], [2.3207180175230313, 48.74875623508064], [2.3087015923862384, 48.75541506900493], [2.3258120232145614, 48.78191098020334], [2.318696288355829, 48.78799561087479], [2.3318953139887446, 48.81701271305569]]]}, "properties": {"code": "94", "nom": "Val-de-Marne"}}, {"type": "Feature", "geometry": {"type": "Polygon", "coordinates": [[[2.5905242793946224, 49.079654846732424], [2.572031573014404, 49.06149045194861], [2.587858904546535, 49.04990157898905], [2.547651942231624, 49.02344674891678], [2.55306064485419, 49.0098171174389], [2.5322426864128684, 49.005223756710706], [2.5147706684191236, 48.9822601449233], [2.4673283497589793, 48.96433475385722], [2.4594899596115933, 48.95504632683333], [2.407383854100793, 48.95612202818259], [2.3845399290016545, 48.970997610129494], [2.344102277288972, 48.96823838528235], [2.333312950123798, 48.95538233563509], [2.2989593311869005, 48.96630137751687], [2.2909735732251613, 48.950966788077196], [2.2687243837962194, 48.94657952905197], [2.200591009269503, 48.908679329890454], [2.20585834678071, 48.94974074221645], [2.17723226175586, 48.953657461253236], [2.175542212320485, 48.97240487622723], [2.154931342389435, 48.985723515837904], [2.1207126230627655, 48.99330122057494], [2.127119946587909, 49.009678482150534], [2.084914920835882, 49.014678714910325], [2.02340791218018, 48.99794435218925], [1.9918815520004978, 49.0210106286694], [1.9378021652564328, 49.02177632637227], [1.9124689805854491, 49.041836823035794], [1.8912257485830386, 49.03927754626276], [1.869115159435854, 49.01823530435844], [1.8513341928477542, 49.03336315145782], [1.8653368480003796, 49.05724562325274], [1.8300339442296272, 49.0754853922552], [1.7965466896679247, 49.072232197890884], [1.7942998843096216, 49.058190360814926], [1.7596265233069017, 49.06332287848212], [1.7234571618642331, 49.04497657550691], [1.6937298328462178, 49.056950122989164], [1.6736891270071164, 49.07815117318431], [1.6455144472390726, 49.08139804743355], [1.6087960706299218, 49.07789415353795], [1.6350518648476458, 49.11430020855939], [1.655777439712795, 49.13016217033744], [1.6643738026115165, 49.15336752369717], [1.674090204376027, 49.210248479159524], [1.7043642065965865, 49.232201775163404], [1.7341091564710822, 49.221278789282294], [1.7421373979981678, 49.18015527802457], [1.755165127607803, 49.17454501384096], [1.7954686863275515, 49.18525912523885], [1.845548847714221, 49.169897638882595], [1.877040859056052, 49.17144524902654], [1.8852389528169067, 49.16263786454188], [1.9314802344723212, 49.17417045483985], [1.9607171449401366, 49.173518197205695], [1.973760882151743, 49.18378113635129], [2.0006083248213287, 49.175708039448175], [2.0749104023995684, 49.20868708172066], [2.0968812642737786, 49.18975715797898], [2.1327389034606554, 49.191378260554046], [2.1819500283812623, 49.17367773782481], [2.218650036331584, 49.180682600571025], [2.252488213818398, 49.15288152246086], [2.2864129770481765, 49.15992057659305], [2.3109290446865427, 49.18640655833579], [2.3462570508145517, 49.161815824563625], [2.3912888696248515, 49.14934773205012], [2.4131026213629148, 49.152351151856486], [2.471584849664169, 49.13543134509872], [2.5032579551258722, 49.11758406300134], [2.4899309091229616, 49.10636117791936], [2.5581713639343153, 49.09838623642425], [2.5905242793946224, 49.079654846732424]]]}, "properties": {"code": "95", "nom": "Val-d'Oise"}}]}